index,url,valid,domain,title,description,image,published,archive,content,quote,language,keyword
https://www.franceinfo.fr/elections/presidentielle/coup-de-force-sabotage-chez-les-ecologistes-des-divisions-en-pagaille-avant-de-determiner-la-strategie-pour-la-presidentielle_8086850.html,https://www.franceinfo.fr/elections/presidentielle/coup-de-force-sabotage-chez-les-ecologistes-des-divisions-en-pagaille-avant-de-determiner-la-strategie-pour-la-presidentielle_8086850.html,0,www.franceinfo.fr,"""Coup de force"", ""sabotage""… Chez Les Ecologistes, des divisions en pagaille avant de déterminer la stratégie pour la présidentielle","Autour de Marine Tondelier, qui se prépare à une candidature autonome pour 2027, la direction du parti critique le conseil fédéral extraordinaire demandé par ses opposants pour réclamer une consultation des militants à la rentrée.",https://www.franceinfo.fr/pictures/BD06Xi0F8u8_eOzLiI7pzffA728/0x102:5472x3180/1500x843/2026/06/30/6a43d122d800c213782238.jpg,2026-07-01T03:50:28Z,http://web.archive.org/web/20260701074939/https://www.franceinfo.fr/elections/presidentielle/coup-de-force-sabotage-chez-les-ecologistes-des-divisions-en-pagaille-avant-de-determiner-la-strategie-pour-la-presidentielle_8086850.html,"""Le parti est à deux doigts d'exploser."" L'alerte de cette figure des Ecologistes, mi-juin, va peut-être connaître une traduction concrète au début de l'été, à neuf mois de l'élection présidentielle.… [+7498 chars]",,fr,'Marine Tondelier'
https://www.challenges.fr/monde/le-royaume-uni-tourne-la-page-starmer-quel-heritage-economique-pour-andy-burnham_644597,https://www.challenges.fr/monde/le-royaume-uni-tourne-la-page-starmer-quel-heritage-economique-pour-andy-burnham_644597,0,www.challenges.fr,Le Royaume-Uni tourne la page Starmer : quel héritage économique pour Andy Burnham ?,"La croissance, toujours convalescente outre-Manche, compromet la poursuite de la politique sociale affichée par Andy Burnham et la résorption du déficit.",https://www.challenges.fr/_ipx/f_jpg&enlarge_true&s_1200x630/cha/static/2026-06/58482.HR_0.jpg%3FVersionId=wuYFF8Fm9AafJvZRcCirAWQfMR24eUU5,2026-07-01T06:00:00Z,,Andy Burnham devrait prendre les rênes du Royaume-Uni mi-juillet. Son transfert de la mairie du Grand Manchester au 10 Downing Street sannonce donc rapide. Le Parlement fermant ses portes entre le 16… [+714 chars],,fr,'Andy Burnham'
https://www.franceinfo.fr/elections/presidentielle/ce-n-est-ni-a-l-ordre-du-jour-ni-dans-mon-horizon-assure-jean-castex-concernant-la-presidentielle-2027_8087960.html,https://www.franceinfo.fr/elections/presidentielle/ce-n-est-ni-a-l-ordre-du-jour-ni-dans-mon-horizon-assure-jean-castex-concernant-la-presidentielle-2027_8087960.html,0,www.franceinfo.fr,"""Ce n'est ni à l'ordre du jour, ni dans mon horizon"", assure Jean Castex concernant la présidentielle 2027","""Je me demande si aujourd'hui la distinction n'est pas de ne pas être candidat"", ironise l'ancien Premier ministre.",https://www.franceinfo.fr/pictures/f0J2GP2xFPYvP8Lqx3Lf9g6YtFI/41x0:1160x629/1500x843/2026/07/01/6a44b68f5815c968901348.jpeg,2026-07-01T06:41:26Z,http://web.archive.org/web/20260701073830/https://www.franceinfo.fr/elections/presidentielle/ce-n-est-ni-a-l-ordre-du-jour-ni-dans-mon-horizon-assure-jean-castex-concernant-la-presidentielle-2027_8087960.html,"Être candidat à l'élection présidentielle en 2027, ""ce n'est ni à l'ordre du jour, ni dans mon horizon"", assure mercredi 1er juillet sur France Inter Jean Castex, PDG de la SNCF et ancien Premier min… [+545 chars]",,fr,'Gabriel Attal'
https://www.huffingtonpost.fr/politique/article/le-pen-future-tutrice-de-bardella-cette-sortie-fait-le-bonheur-des-adversaires-du-rn_281459.html,https://www.huffingtonpost.fr/politique/article/le-pen-future-tutrice-de-bardella-cette-sortie-fait-le-bonheur-des-adversaires-du-rn_281459.html,0,www.huffingtonpost.fr,Le Pen future « tutrice » de Bardella ? Cette sortie fait le bonheur des adversaires du RN,"Le député RN Philippe Ballard a estimé que même en cas de condamnation de Marine Le Pen, « on ne peut pas gommer une personne comme ça ».",https://focus.huffingtonpost.fr/2026/07/01/53/0/1024/576/1820/1023/75/0/cdfaa0e_upload-1-br1qzd3jvpf8-afp-20260227-pinto-marinele260226-np1zy-v1-midres-marinelepenandjordanbardellav.jpg,2026-07-01T11:05:08Z,,Cest qui le patron ? Ou plutôt la patronne ? À une semaine de la décision de la Cour dappel de Paris dans le procès des assistants parlementaires du FN qui décidera de la candidature de Marine Le Pen… [+2757 chars],,fr,'Marine Le Pen'
https://www.bfmtv.com/politique/parlement/ils-se-rappellent-qu-on-peut-les-aider-pour-2027-pourquoi-les-insoumis-acceptent-de-soutenir-la-motion-de-censure-des-ecologistes-sur-la-canicule_AN-202607010698.html,https://www.bfmtv.com/politique/parlement/ils-se-rappellent-qu-on-peut-les-aider-pour-2027-pourquoi-les-insoumis-acceptent-de-soutenir-la-motion-de-censure-des-ecologistes-sur-la-canicule_AN-202607010698.html,0,www.bfmtv.com,"""Ils se rappellent qu'on peut les aider"" pour 2027: pourquoi les insoumis acceptent de soutenir la motion de censure des écologistes sur la canicule","Les députés La France insoumise vont cosigner le texte déposé par les écologistes pour tenter de faire tomber Sébastien Lecornu. Sans quasiment aucune chance d'être adoptée, cette motion de censure a surtout le mérite de rappeler aux écologistes que leurs all…",https://images.bfmtv.com/vEpA41XY04xlXO_NfRuPUUgF_ac=/0x0:2048x1152/2048x0/images/Cyrielle-Chatelain-le-30-juin-2026-a-l-Assemblee-nationale-2313218.jpg,2026-07-01T13:24:31Z,http://web.archive.org/web/20260702001843/https://www.bfmtv.com/politique/parlement/ils-se-rappellent-qu-on-peut-les-aider-pour-2027-pourquoi-les-insoumis-acceptent-de-soutenir-la-motion-de-censure-des-ecologistes-sur-la-canicule_AN-202607010698.html,"Les députés La France insoumise vont cosigner le texte déposé par les écologistes pour tenter de faire tomber Sébastien Lecornu. Sans quasiment aucune chance d'être adoptée, cette motion de censure a… [+4798 chars]",,fr,'Marine Tondelier'
https://www.huffingtonpost.fr/politique/article/chez-les-ecologistes-la-fronde-s-intensifie-avec-plusieurs-elus-qui-exigent-de-discuter-avec-lfi_281494.html,https://www.huffingtonpost.fr/politique/article/chez-les-ecologistes-la-fronde-s-intensifie-avec-plusieurs-elus-qui-exigent-de-discuter-avec-lfi_281494.html,0,www.huffingtonpost.fr,"Chez Les Écologistes, la fronde s’intensifie avec plusieurs élus qui exigent de discuter avec LFI","Treize parlementaires, dont la présidente du groupe à l’Assemblée, appellent à « sortir du tête-à-tête avec le PS » et à ouvrir des négociations avec Jean-Luc Mélenchon.",https://focus.huffingtonpost.fr/2026/07/01/209/0/6630/3729/1820/1023/75/0/5de9eef_upload-1-ozbojk6qmhb4-afp-20260311-a2uc237-v1-highres-franceiranusisraelwargovernmentparties.jpg,2026-07-01T13:31:04Z,,"Le casse-tête continue pour Marine Tondelier. Chez les Verts, de plus en plus délus et de cadres plaident pour louverture de discussions avec La France insoumise dans la perspective de lélection prés… [+4004 chars]",,fr,'Jean-Luc Mélenchon'
https://www.presse-citron.net/affaire-epstein-warren-buffett-tourne-dos-bill-gates-gele-milliards/,https://www.presse-citron.net/affaire-epstein-warren-buffett-tourne-dos-bill-gates-gele-milliards/,0,www.presse-citron.net,"Affaire Epstein : Warren Buffett tourne le dos à Bill Gates, et gèle ses milliards","L’une des alliances financières les plus puissantes de la planète vient de voler en éclats. En raison des liaisons de Bill Gates avec Jeffrey Epstein, le légendaire investisseur Warren Buffett a pris la décision historique de geler ses dons de plusieurs milli…",https://www.presse-citron.net/app/uploads/2026/07/bill-gates-1600x900.jpg,2026-07-01T15:00:37Z,http://web.archive.org/web/20260701175313/https://www.presse-citron.net/affaire-epstein-warren-buffett-tourne-dos-bill-gates-gele-milliards/,"Pour la première fois en vingt ans, lalliance financière entre Warren Buffet et Bill Gates vacille. En effet, le légendaire président de Berkshire Hathaway, figure incontournable de l’investissement … [+4032 chars]",,fr,'Affaire Epstein'
https://www.20minutes.fr/politique/4232270-20260701-presidentielle-2027-laurent-wauquiez-trouve-plein-qualites-edouard-philippe-invite-retailleau-retirer,https://www.20minutes.fr/politique/4232270-20260701-presidentielle-2027-laurent-wauquiez-trouve-plein-qualites-edouard-philippe-invite-retailleau-retirer,0,www.20minutes.fr,Présidentielle 2027 : Laurent Wauquiez trouve plein de qualités à Édouard Philippe et invite Retailleau à se retirer,"Le chef de file des députés de la Droite républicaine a, dans un entretien au « Figaro » ce mercredi, tendu la main à Édouard Philippe et estimé que Bruno Retailleau doit « savoir se retirer » si sa candidature ne décolle pas dans les sondages",https://img.20mn.fr/h1Ym_WcJQaeCZ5LDatAfTSk/1444x920_video-de-soutien-a-laurent-wauquiez-lors-du-meeting-de-campagne-pour-les-elections-municipales-de-2026-a-paris-de-rachida-dati-ancienne-ministre-de-la-culture-et-candidate-du-groupe-les-republicains-elysee-montmartre-paris-france-jeudi-12-mars-2026-01accorsinijeanne-dati-0087-credit-jeanne-accorsini-sipa-2603130025,2026-07-01T15:17:02Z,,Un pavé dans la mare du parti Les Républicains. Laurent Wauquiez a porté un coup mercredi aux ambitions élyséennes de Bruno Retailleau en l'appelant sans le nommer à « savoir se retirer » si sa candi… [+3617 chars],,fr,'Bruno Retailleau'
https://www.huffingtonpost.fr/divertissement/video/le-mariage-de-taylor-swift-au-madison-square-garden-ce-clin-d-il-de-zohran-mamdani-qui-semble-le-confirmer_281591.html,https://www.huffingtonpost.fr/divertissement/video/le-mariage-de-taylor-swift-au-madison-square-garden-ce-clin-d-il-de-zohran-mamdani-qui-semble-le-confirmer_281591.html,0,www.huffingtonpost.fr,Le mariage de Taylor Swift au Madison Square Garden ? Ce clin d’œil de Zohran Mamdani qui semble le confirmer,"Le mariage de Taylor Swift et Travis Kelce devrait bien avoir lieu à New York. La célèbre salle de concert est en pleins préparatifs et le maire n’a pas démenti la rumeur, au contraire.",https://focus.huffingtonpost.fr/2026/07/01/0/0/1920/1080/1820/1023/75/0/e33fcce_upload-1-m5avnj5wi9sy-mariage.jpg,2026-07-01T17:00:04Z,,"La lecture de ce contenu est susceptible dentraîner un dépôt de cookies de la part de lopérateur tiers qui lhéberge. Compte-tenu des choix que vous avez exprimés en matière de dépôt de cookies, nous … [+2759 chars]",,fr,'Zohran Mamdani'
https://www.ledauphine.com/societe/2026/07/02/deux-ceremonies-portables-interdits-ce-que-l-on-sait-du-mariage-de-taylor-swift-et-travis-kelce,https://www.ledauphine.com/societe/2026/07/02/deux-ceremonies-portables-interdits-ce-que-l-on-sait-du-mariage-de-taylor-swift-et-travis-kelce,0,www.ledauphine.com,"États-Unis. Deux cérémonies, portables interdits… ce que l’on sait du mariage de Taylor Swift et Travis Kelce","Selon plusieurs médias américains, la chanteuse Taylor Swift et le joueur de football américain Travis Kelce devraient se marier vendredi à New York, après s’être fiancés le 26 août dernier.",https://cdn-s-www.ledauphine.com/images/27431E4A-625B-4BC5-8410-B56B32CAFD06/FB1200/photo-1782918265.jpg,2026-07-02T07:30:00Z,,"Lunion supposée entre la chanteuse Taylor Swift et le joueur de football américain Travis Kelce, fiancés en août, aura lieu ce vendredi 3 juillet, selon plusieurs médias américains, qui décrivent un … [+6262 chars]",,fr,'Taylor Swift'
https://www.bfmtv.com/politique/parlement/je-n-imagine-pas-qu-il-en-soit-autrement-marine-tondelier-pense-que-les-socialistes-voteront-pour-la-motion-de-censure-des-ecologistes-sur-la-canicule_AD-202607020461.html,https://www.bfmtv.com/politique/parlement/je-n-imagine-pas-qu-il-en-soit-autrement-marine-tondelier-pense-que-les-socialistes-voteront-pour-la-motion-de-censure-des-ecologistes-sur-la-canicule_AD-202607020461.html,0,www.bfmtv.com,"""Je n'imagine pas qu'il en soit autrement"": Marine Tondelier pense que les socialistes voteront pour la motion de censure des écologistes sur la canicule","La secrétaire nationale des Écologistes dit avoir eu des ""contacts"" qui lui ont permis de ""comprendre"" que les socialistes voteront la motion de censure déposée par son parti contre ""l'inaction climatique"" du gouvernement de Sébastien Lecornu.",https://images.bfmtv.com/BdNNO2MIKQM4_hUWTmU9BsMet7M=/0x212:2048x1364/2048x0/images/La-secretaire-nationale-des-Ecologistes-Marine-Tondelier-le-11-mars-2026-2253252.jpg,2026-07-02T09:21:41Z,http://web.archive.org/web/20260702201758/https://www.bfmtv.com/politique/parlement/je-n-imagine-pas-qu-il-en-soit-autrement-marine-tondelier-pense-que-les-socialistes-voteront-pour-la-motion-de-censure-des-ecologistes-sur-la-canicule_AD-202607020461.html,"La secrétaire nationale des Écologistes dit avoir eu des ""contacts"" qui lui ont permis de ""comprendre"" que les socialistes voteront la motion de censure déposée par son parti contre ""l'inaction clima… [+1518 chars]",,fr,'Marine Tondelier'
https://www.franceinfo.fr/politique/crise-climatique-cette-motion-de-censure-si-elle-passe-nous-permettrait-peut-etre-de-faire-mieux-estime-marine-tondelier_8089844.html,https://www.franceinfo.fr/politique/crise-climatique-cette-motion-de-censure-si-elle-passe-nous-permettrait-peut-etre-de-faire-mieux-estime-marine-tondelier_8089844.html,0,www.franceinfo.fr,"Crise climatique : ""Cette motion de censure, si elle passe, nous permettrait peut-être de faire mieux"", estime Marine Tondelier","Jeudi 2 juillet, Marine Tondelier était l'invitée des 4V sur France 2. La candidate écologiste à l'élection présidentielle est notamment revenue sur la motion de censure déposée par son parti pour faire tomber le gouvernement Lecornu, auquel elle reproche par…",https://www.franceinfo.fr/pictures/qizJbQIamw7tYJjtj80UBdk1LYU/28x0:1328x731/1500x843/2026/07/02/6a4630dee6a34833379196.jpg,2026-07-02T09:38:04Z,http://web.archive.org/web/20260705165038/https://www.franceinfo.fr/politique/crise-climatique-cette-motion-de-censure-si-elle-passe-nous-permettrait-peut-etre-de-faire-mieux-estime-marine-tondelier_8089844.html,"Jeudi 2 juillet, Marine Tondelier était l'invitée des 4V sur France 2. La candidate écologiste à l'élection présidentielle est notamment revenue sur la motion de censure déposée par son parti pour fa… [+8210 chars]",,fr,'Marine Tondelier'
https://www.lalibre.be/economie/entreprises-startup/2026/07/02/dossier-epstein-warren-buffett-prend-une-decision-lourde-de-sens-concernant-bill-gates-MROTR6YA2VGOVOFWFK62KV2QCU/,https://www.lalibre.be/economie/entreprises-startup/2026/07/02/dossier-epstein-warren-buffett-prend-une-decision-lourde-de-sens-concernant-bill-gates-MROTR6YA2VGOVOFWFK62KV2QCU/,0,www.lalibre.be,Dossier Epstein : Warren Buffett prend une décision lourde de sens concernant Bill Gates,"Principal mécène de la fondation Gates depuis vingt ans, Warren Buffett met pour la première fois ses milliards de dollars en attente. ...",https://www.lalibre.be/resizer/v2/UEYAA65JJZFFHAB3DXLC4DJLYI.jpg?auth=80c0147f7bf66fa674b1f2c913ee47db1f4a917510a0deadf4402e2031695ce6&width=1200&height=630&quality=85&focal=2651%2C1768,2026-07-02T10:14:51Z,http://web.archive.org/web/20260703001102/https://www.lalibre.be/economie/entreprises-startup/2026/07/02/dossier-epstein-warren-buffett-prend-une-decision-lourde-de-sens-concernant-bill-gates-MROTR6YA2VGOVOFWFK62KV2QCU/,"Des milliards versés chaque année
Si le montant du prochain versement n'est pas encore connu, la décision de l'ancien directeur de Berkshire Hathaway est lourde de sens. Depuis 2006, Warren Buffett … [+2867 chars]",,fr,'Bill Gates'
https://www.20minutes.fr/arts-stars/people/4232388-20260702-taylor-swift-travis-kelce-vont-vraiment-marier-madison-square-garden-pourquoi-quelques-doutes,https://www.20minutes.fr/arts-stars/people/4232388-20260702-taylor-swift-travis-kelce-vont-vraiment-marier-madison-square-garden-pourquoi-quelques-doutes,0,www.20minutes.fr,Taylor Swift et Travis Kelce vont-ils vraiment se marier au Madison Square Garden ? Pourquoi on a quelques doutes,La superstar Taylor Swift et le joueur de football américain Travis Kelce devraient se marier vendredi soir au Madison Square Garden,https://img.20mn.fr/ORtzlDl6TACoLKhqmZI0fyk/1444x920_taylor-swift-et-travis-kelce-vont-ils-vraiment-se-marier-dans-une-salle-de-sport-et-de-spectacle,2026-07-02T11:21:24Z,http://web.archive.org/web/20260702170952/https://www.20minutes.fr/arts-stars/people/4232388-20260702-taylor-swift-travis-kelce-vont-vraiment-marier-madison-square-garden-pourquoi-quelques-doutes,"On pensait avoir tout vu avec Taylor Swift. Les albums records, les stades en feu, les ruptures chantées comme des thérapies collectives Mais un mariage au Madison Square Garden ? Là on est un peu pe… [+3326 chars]",,fr,'Taylor Swift'
https://www.franceinfo.fr/culture/livres/le-manuscrit-de-l-etranger-d-albert-camus-entre-a-la-bibliotheque-nationale-de-france_8090057.html,https://www.franceinfo.fr/culture/livres/le-manuscrit-de-l-etranger-d-albert-camus-entre-a-la-bibliotheque-nationale-de-france_8090057.html,0,www.franceinfo.fr,"Le manuscrit de ""L'Etranger"" d'Albert Camus entre à la Bibliothèque nationale de France",L'Etat a acquis pour 9 millions d'euros le fonds d'archives consacré à l'écrivain. Les chercheurs peuvent accéder dès maintenant à cette immense ressource sur le prix Nobel de littérature 1957.,https://www.franceinfo.fr/pictures/8otkvYYL_SIZgF4j87LWF0pIBm0/0x32:6000x3407/1500x843/2026/07/02/6a4643b9a14d3000532039.jpg,2026-07-02T13:23:57Z,,"Des manuscrits originaux, des essais, des lettres, des photographies... Le remarquable fonds d'archives consacré à Albert Camus a fait son entrée en grande pompe, jeudi 2 juillet, dans les collection… [+1792 chars]",,fr,'Catherine Pégard'
https://www.courrierinternational.com/article/celebrations-zohran-mamdani-fait-bande-a-part-pour-les-250-ans-de-l-independance-americaine_246200,https://www.courrierinternational.com/article/celebrations-zohran-mamdani-fait-bande-a-part-pour-les-250-ans-de-l-independance-americaine_246200,0,www.courrierinternational.com,Zohran Mamdani fait bande à part pour les 250 ans de l’indépendance américaine,"Alors que la Grosse Pomme va notamment être le théâtre d’un grand spectacle nautique pour fêter le 250e anniversaire des États-Unis, son maire a décidé de célébrer l’événement à contre-courant, en prononçant un discours à l’occasion d’une cérémonie de natural…",https://focus.courrierinternational.com/2026/06/18/47/0/1705/1136/1200/630/60/0/4c52a77_ftp-1-1k7xr9ixjhng-2026-06-18t155046z-194326532-up1em6i180le3-rtrmadp-3-basketball-nba-nyk-parade.JPG,2026-07-02T14:00:06Z,,"Le maire de New York, Zohran Mamdani, a décidé de célébrer le 250e anniversaire du pays à sa propre façon,souligne TheNew York Times.
Le 3 juillet, à la veille de lIndependence Day, la fête national… [+1708 chars]",,fr,'Zohran Mamdani'
https://www.huffingtonpost.fr/politique/article/lecornu-n-est-pas-le-seul-a-etre-sous-pression-avec-la-motion-de-censure-des-ecolos-sur-la-canicule_282237.html,https://www.huffingtonpost.fr/politique/article/lecornu-n-est-pas-le-seul-a-etre-sous-pression-avec-la-motion-de-censure-des-ecolos-sur-la-canicule_282237.html,0,www.huffingtonpost.fr,Lecornu n’est pas le seul à être sous pression avec la motion de censure des écolos sur la canicule,Le Premier ministre est dans le viseur des écologistes qui l’accusent d’avoir « les morts de la canicule sur la conscience ». Mais l’attitude du PS sera aussi scrutée sur lors du vote de la motion.,https://focus.huffingtonpost.fr/2026/07/02/44/0/1200/675/1820/1023/75/0/c9d6fbe_upload-1-hvokl8papk83-afp-20260617-b7dx2gj-v1-midres-francepoliticsgovernmentparliament.jpg,2026-07-02T16:45:03Z,,"Chaud devant. Le groupe écologiste de lAssemblée nationale a déposé ce jeudi 2 juillet une motion de censure pour dénoncer « linertie » du gouvernement sur les questions climatiques, avant et pendant… [+4619 chars]",,fr,'Marine Tondelier'
https://www.frandroid.com/marques/sony/3166791_demain-vous-paierez-sans-jamais-rien-posseder-melenchon-veut-une-loi-pour-sauver-les-jeux-video-physiques,https://www.frandroid.com/marques/sony/3166791_demain-vous-paierez-sans-jamais-rien-posseder-melenchon-veut-une-loi-pour-sauver-les-jeux-video-physiques,0,www.frandroid.com,"« Demain, vous paierez sans jamais rien posséder » : Mélenchon veut une loi pour sauver les jeux vidéo physiques","Jean-Luc Mélenchon veut faire des jeux vidéo un bien culturel protégé par la loi, et promet un chantier législatif en 2027. Derrière la sortie, un vrai débat : à l'ère du tout-numérique, achète-t-on encore ce qu'on paie ?","https://c0.lestechnophiles.com/images.frandroid.com/wp-content/uploads/2026/07/image-21.jpg?resize=1600,900&key=00554280",2026-07-02T18:44:08Z,http://web.archive.org/web/20260702230022/https://www.frandroid.com/marques/sony/3166791_demain-vous-paierez-sans-jamais-rien-posseder-melenchon-veut-une-loi-pour-sauver-les-jeux-video-physiques,"Jean-Luc Mélenchon veut faire des jeux vidéo un bien culturel protégé par la loi, et promet un chantier législatif en 2027. Derrière la sortie, un vrai débat : à l’ère du tout-numérique, achète-t-on … [+4242 chars]",,fr,'Jean-Luc Mélenchon'
https://www.huffingtonpost.fr/politique/article/marine-le-pen-ineligible-en-2027-comment-l-execution-provisoire-pourrait-finalement-la-sauver_282235.html,https://www.huffingtonpost.fr/politique/article/marine-le-pen-ineligible-en-2027-comment-l-execution-provisoire-pourrait-finalement-la-sauver_282235.html,0,www.huffingtonpost.fr,Marine Le Pen inéligible en 2027 ? Comment l’exécution provisoire pourrait finalement la sauver,"Si la leader d’extrême droite voit sa peine d’inéligibilité réduite à deux ans en appel, l’exécution provisoire prononcée il y a un an (et qu’elle a pourtant critiquée) lui permettrait d’être candidate.",https://focus.huffingtonpost.fr/2026/07/02/43/0/2900/1631/1820/1023/75/0/8ad172d_upload-1-i0jn1phaf9gv-afp-20260630-b8tm6xw-v1-highres-francepoliticsparliamenthealth.jpg,2026-07-03T04:00:06Z,http://web.archive.org/web/20260703180353/https://www.huffingtonpost.fr/politique/article/marine-le-pen-ineligible-en-2027-comment-l-execution-provisoire-pourrait-finalement-la-sauver_282235.html,"Cest une petite subtilité qui na pas échappé aux observateurs. Mercredi soir, sur LCI, le journaliste Darius Rochebin a titillé Marine Le Pen en lui rappelant que lexécution provisoire de sa peine di… [+3499 chars]",,fr,'Éric Ciotti'
https://www.20minutes.fr/politique/assemblee_nationale/4232431-20260703-presidentielle-2027-seule-boussole-emmerder-retailleau-pourquoi-wauquiez-soutient-philippe,https://www.20minutes.fr/politique/assemblee_nationale/4232431-20260703-presidentielle-2027-seule-boussole-emmerder-retailleau-pourquoi-wauquiez-soutient-philippe,0,www.20minutes.fr,"Présidentielle 2027 : « Sa seule boussole, c’est d’emmerder Retailleau… » Pourquoi Wauquiez soutient Philippe ?","Le patron des députés LR, Laurent Wauquiez, a loué la candidature d’Edouard Philippe pour la présidentielle 2027, une manière d’affaiblir son rival et chef du parti Bruno Retailleau",https://img.20mn.fr/y9juV_dXR9uq1hzUJduvuSk/1444x920_le-president-du-groupe-parlementaire-de-droite-republicaine-laurent-wauquiez-lors-d-une-seance-de-questions-au-gouvernement-a-l-assemblee-nationale-la-chambre-basse-du-parlement-francais-a-paris-le-14-avril-2026-01accorsinijeanne-an-0048-credit-jeanne-accorsini-sipa-2604141820,2026-07-03T04:02:37Z,http://web.archive.org/web/20260703172325/https://www.20minutes.fr/politique/assemblee_nationale/4232431-20260703-presidentielle-2027-seule-boussole-emmerder-retailleau-pourquoi-wauquiez-soutient-philippe,Il faut reconnaître un certain talent à Laurent Wauquiez. Celui de pouvoir mettre le bazar comme personne au sein de sa famille politique. Le patron des Républicains à lAssemblée nationale a suscité … [+3691 chars],,fr,'Bruno Retailleau'
https://www.courrierinternational.com/article/guerre-en-ukraine-zelensky-promet-une-riposte-apres-l-attaque-russe-contre-kiev-la-plus-massive-depuis-le-debut-de-la-guerre_246315,https://www.courrierinternational.com/article/guerre-en-ukraine-zelensky-promet-une-riposte-apres-l-attaque-russe-contre-kiev-la-plus-massive-depuis-le-debut-de-la-guerre_246315,0,www.courrierinternational.com,"Zelensky promet une riposte après l’attaque russe contre Kiev, “la plus massive” depuis le début de la guerre","L’attaque russe ayant visé Kiev dans la nuit de mercredi à jeudi, “la plus massive” contre la capitale ukrainienne depuis le début de la guerre, a fait au moins 27 morts et plus de 90 blessés. Volodymyr Zelensky a promis des représailles et exhorté ses alliés…",https://focus.courrierinternational.com/2026/07/02/1/0/8192/5461/1200/630/60/0/a6d5e50_ftp-1-5fu6rvo6gx1k-afp-b943863.jpg,2026-07-03T04:03:33Z,,"Ce fut une nuit terrible pour Kiev, a déclaré jeudi Vitali Klitschko, le maire de la capitale ukrainienne, quelques heures après lattaque la plus massive menée par la Russie contre la ville et sa rég… [+3786 chars]",,fr,'Volodymyr Zelensky'
https://www.ledauphine.com/politique/2026/07/03/le-250e-anniversaire-de-l-independance-va-t-il-virer-au-fiasco-pour-donald-trump,https://www.ledauphine.com/politique/2026/07/03/le-250e-anniversaire-de-l-independance-va-t-il-virer-au-fiasco-pour-donald-trump,0,www.ledauphine.com,États-Unis. Le 250e anniversaire de l'indépendance va-t-il virer au fiasco pour Donald Trump ?,Les festivités du 250e anniversaire des États-Unis devraient connaître leur apogée ce week-end avec un méga feu d’artifice et un discours de Donald Trump. Le président américain a tellement politisé et confisqué cet événement qu’il contribue à mettre en évide…,https://cdn-s-www.ledauphine.com/images/3A30EB71-8B8B-4BB2-8792-92706C4EF9EA/FB1200/photo-1783012430.jpg,2026-07-03T05:30:00Z,http://web.archive.org/web/20260704020941/https://www.ledauphine.com/politique/2026/07/03/le-250e-anniversaire-de-l-independance-va-t-il-virer-au-fiasco-pour-donald-trump,Les États-Unis célèbrent leurs 250 ans mais le cur ny est pas. « LAmérique fête son 250e anniversaire en pleine division. Le pays est profondément polarisé et le climat politique y est plus agité que… [+2991 chars],,fr,'Donald Trump'
https://www.franceinfo.fr/societe/education/scolarite/financement-reussite-scolaire-le-bilan-tres-mitige-de-l-uniforme-a-l-ecole-dont-l-experimentation-prend-fin_8090873.html,https://www.franceinfo.fr/societe/education/scolarite/financement-reussite-scolaire-le-bilan-tres-mitige-de-l-uniforme-a-l-ecole-dont-l-experimentation-prend-fin_8090873.html,0,www.franceinfo.fr,"Financement, réussite scolaire... Le bilan très mitigé de l'uniforme à l'école, dont l'expérimentation prend fin","Gabriel Attal, alors ministre de l'Éducation nationale, avait lancé le projet à l'automne 2023 afin d'atteindre ""l'égalité sociale"" et d'améliorer le climat scolaire.",https://www.franceinfo.fr/pictures/opeSCh_PBzZ_ryin4KWFk4NeaGU/0x700:6720x4480/1500x843/2026/07/02/6a46c29463e32896051067.jpg,2026-07-03T06:18:41Z,,"Une expérimentation qui a fait couler beaucoup d'encre : celle de l'uniforme dans certains établissements scolaires. Après les lycéens et les collégiens, l'heure des grandes vacances a sonné pour les… [+4406 chars]",,fr,'Gabriel Attal'
https://www.lalibre.be/lifestyle/people/2026/07/03/a-new-york-le-mariage-de-taylor-swift-et-travis-kelce-est-lance-PQQK5JN7TVCVBBD3PCHPZW2FUQ/,https://www.lalibre.be/lifestyle/people/2026/07/03/a-new-york-le-mariage-de-taylor-swift-et-travis-kelce-est-lance-PQQK5JN7TVCVBBD3PCHPZW2FUQ/,0,www.lalibre.be,"A New York, le mariage de Taylor Swift et Travis Kelce est lancé","En plein centre de New York mais loin des regards du public, les célébrations du mariage de la popstar Taylor Swift et du footballeur américain Travis Kelce ont démarré jeudi, avant leur point d'orgue, la cérémonie, attendue vendredi. ...",https://www.lalibre.be/resizer/v2/F5HASWI52NHMJNKVFP5SZCW7PM.jpg?auth=f42c13bf374f5faf9abcd6d6a573f9ccdc4f8b308bd8ad497ad1d13f08feb6ec&width=1200&height=630&quality=85&focal=1500%2C1000,2026-07-03T06:54:20Z,,"Les très nombreux journalistes et les quelques ""Swifties"" (le nom donné aux fans de la musicienne) présents étaient maintenus à distance, aux deux extrémités d'une rue interdite aux piétons.
Alyssa … [+2698 chars]",,fr,'Travis Kelce'
https://www.bfmtv.com/politique/elections/presidentielle/presidentielle-2027-francois-hollande-nouveau-favori-des-electeurs-de-gauche-edouard-philippe-toujours-en-tete-chez-les-macronistes-selon-un-sondage_AV-202607030442.html,https://www.bfmtv.com/politique/elections/presidentielle/presidentielle-2027-francois-hollande-nouveau-favori-des-electeurs-de-gauche-edouard-philippe-toujours-en-tete-chez-les-macronistes-selon-un-sondage_AV-202607030442.html,0,www.bfmtv.com,"Présidentielle 2027: François Hollande nouveau favori des électeurs de gauche, Édouard Philippe toujours en tête chez les macronistes, selon un sondage","François Hollande à gauche, Édouard Philippe pour les macronistes ou Marine Le Pen et Jordan Bardella du côté du Rassemblement national, à neuf mois de la présidentielle les cotes de popularité évoluent et dessinent les favoris de chaque camp, dans un sondage…",https://images.bfmtv.com/cvAY8lxgkfCWTPRPxYn0P4ksyJo=/0x106:2048x1258/2048x0/images/L-ex-president-socialiste-Francois-Hollande-lors-d-un-debat-organise-par-le-think-tank-Les-Gracques-a-Paris-le-11-avril-2026-2268604.jpg,2026-07-03T09:23:48Z,http://web.archive.org/web/20260704073136/https://www.bfmtv.com/politique/elections/presidentielle/presidentielle-2027-francois-hollande-nouveau-favori-des-electeurs-de-gauche-edouard-philippe-toujours-en-tete-chez-les-macronistes-selon-un-sondage_AV-202607030442.html,"François Hollande à gauche, Édouard Philippe pour les macronistes ou Marine Le Pen et Jordan Bardella du côté du Rassemblement national, à neuf mois de la présidentielle les cotes de popularité évolu… [+2520 chars]",,fr,'Marine Le Pen'
https://www.journaldugeek.com/2026/07/03/gta-6-et-fin-des-jeux-physiques-jean-luc-melenchon-a-son-mot-a-dire/,https://www.journaldugeek.com/2026/07/03/gta-6-et-fin-des-jeux-physiques-jean-luc-melenchon-a-son-mot-a-dire/,0,www.journaldugeek.com,GTA 6 et fin des jeux physiques : Jean-Luc Mélenchon a son mot à dire,"Jean-Luc Mélenchon, candidat à la présidentielle pour 2027, s'empare du débat sur GTA et la fin des jeux physiques annoncée par PlayStation.",https://www.journaldugeek.com/app/uploads/2026/07/jeux-physiques-1600x900.jpg,2026-07-03T11:01:38Z,http://web.archive.org/web/20260703190113/https://www.journaldugeek.com/2026/07/03/gta-6-et-fin-des-jeux-physiques-jean-luc-melenchon-a-son-mot-a-dire/,"Le débat autour de la disparition progressive des jeux vidéo physiques vient de franchir une étape inattendue. Dans un message publié sur X, Jean-Luc Mélenchon sinquiète de la place laissée aux joueu… [+3979 chars]",,fr,'Jean-Luc Mélenchon'
https://www.presse-citron.net/jean-luc-melenchon-souhaite-contraindre-sony-a-vendre-des-jeux-ps5-en-physique-peut-il-reellement-le-faire/,https://www.presse-citron.net/jean-luc-melenchon-souhaite-contraindre-sony-a-vendre-des-jeux-ps5-en-physique-peut-il-reellement-le-faire/,0,www.presse-citron.net,"Jean-Luc Mélenchon souhaite contraindre Sony à vendre des jeux PS5 en physique, peut-il réellement le faire ?","Sony a décidé d’arrêter les jeux physiques et, face à l’émoi des joueurs, les politiques tentent déjà de récupérer l’affaire.",https://www.presse-citron.net/app/uploads/2026/03/sony-plainte-playstation-1600x900.jpg,2026-07-03T11:30:59Z,http://web.archive.org/web/20260703122015/https://www.presse-citron.net/jean-luc-melenchon-souhaite-contraindre-sony-a-vendre-des-jeux-ps5-en-physique-peut-il-reellement-le-faire/,"Le 1er juillet dernier, Sony a fait une annonce choc : à partir de janvier 2028, plus aucun nouveau jeu PS5 ne sera vendu sur disque. Tous seront proposés en version dématérialisée. Une décision maje… [+4192 chars]",,fr,'Jean-Luc Mélenchon'
https://www.huffingtonpost.fr/divertissement/article/mariage-de-taylor-swift-et-de-travis-kelce-les-medias-americains-a-la-recherche-du-moindre-indice_282482.html,https://www.huffingtonpost.fr/divertissement/article/mariage-de-taylor-swift-et-de-travis-kelce-les-medias-americains-a-la-recherche-du-moindre-indice_282482.html,0,www.huffingtonpost.fr,Mariage de Taylor Swift et de Travis Kelce : les médias américains à la recherche du moindre indice,"Alors que les spéculations sur le mariage de la chanteuse et de Travis Kelce (qui n’est toujours pas officiellement confirmé) vont bon train, des preuves de plus en plus tangibles sont mises à notre disposition.",https://focus.huffingtonpost.fr/2025/08/26/32/0/1080/607/1820/1023/75/0/6dd2195_upload-1-wdm2fedoic1b-539533158-18590984977054956-7093941098066659814-n.jpeg,2026-07-03T12:23:14Z,,"Le mariage de lannée est sur le point de débuter. Après des semaines de rumeurs, Taylor Swift et Travis Kelce devraient sunir au Madison Square Garden de New York ce vendredi 3 juillet, à la veille d… [+3046 chars]",,fr,'Paul McCartney'
https://www.lavenir.net/culture/2026/07/03/effervescence-a-new-york-pour-le-mariage-de-taylor-swift-avec-le-footballeur-americain-travis-kelce-les-prestigieux-invites-prives-de-portable-MUD5SXEV3NGC3LFIHAAH7QWEY4/,https://www.lavenir.net/culture/2026/07/03/effervescence-a-new-york-pour-le-mariage-de-taylor-swift-avec-le-footballeur-americain-travis-kelce-les-prestigieux-invites-prives-de-portable-MUD5SXEV3NGC3LFIHAAH7QWEY4/,0,www.lavenir.net,"Effervescence à New York pour le mariage de Taylor Swift avec le footballeur américain Travis Kelce, les prestigieux invités privés de portable",Les célébrations du mariage de la popstar Taylor Swift avec le footballeur américain Travis Kelce ont démarré ce jeudi 2 juillet 2026 au Madison Square Garden. ...,https://www.lavenir.net/resizer/v2/EFHNPILXARGYJHYQTWGR27BMEI.jpg?auth=acd18a5c3bbe4d107c35aaf0111d093315361da9668342df3993578075d77396&width=1200&height=630&quality=85&focal=972%2C636,2026-07-03T12:30:51Z,http://web.archive.org/web/20260704032858/https://www.lavenir.net/culture/2026/07/03/effervescence-a-new-york-pour-le-mariage-de-taylor-swift-avec-le-footballeur-americain-travis-kelce-les-prestigieux-invites-prives-de-portable-MUD5SXEV3NGC3LFIHAAH7QWEY4/,"Selon la presse américaine, qui feuilletonne depuis des semaines sur cet événement qui n'a jamais été confirmé officiellement, un premier dîner doit rassembler une centaine de personnes, avant d'autr… [+1424 chars]",,fr,'Travis Kelce'
https://www.courrierinternational.com/article/vu-de-teheran-l-iran-met-en-scene-les-plus-grandes-funerailles-du-siecle-pour-ali-khamenei_246496,https://www.courrierinternational.com/article/vu-de-teheran-l-iran-met-en-scene-les-plus-grandes-funerailles-du-siecle-pour-ali-khamenei_246496,0,www.courrierinternational.com,L’Iran met en scène les “plus grandes funérailles du siècle” pour Ali Khamenei,"Le cercueil de l’ancien guide suprême iranien, tué le 28 février par des frappes américano-israéliennes, est exposé depuis vendredi 3 juin à Téhéran avant d’être transporté dans les hauts lieux du chiisme, jusqu’en Irak. Le régime présente cet hommage nationa…",https://focus.courrierinternational.com/2026/07/03/0/0/5500/3666/1200/630/60/0/b80849b_ftp-1-k5sxughhnl9x-2026-07-03t035610z-1434491002-rc236ma3pq26-rtrmadp-3-iran-crisis-khamenei.JPG,2026-07-03T12:51:28Z,,"La République islamique dIran lance samedi 4 juillet les funérailles de lancien guide suprême, layatollah Ali Khamenei, tué le 28 février dernier au premier jour de la dernière guerre lancée par les … [+1083 chars]",,fr,'Ali Khamenei'
https://www.20minutes.fr/diaporama/diaporama-4232607-images-bad-bunny-david-beckham-kate-middleton-stars-assurent-show-tribunes-wimbledon,https://www.20minutes.fr/diaporama/diaporama-4232607-images-bad-bunny-david-beckham-kate-middleton-stars-assurent-show-tribunes-wimbledon,0,www.20minutes.fr,"EN IMAGES Bad Bunny, David Beckham, Kate Middleton… Les stars assurent le show en tribunes à Wimbledon","Djokovic, Sinner, et Gauff ont réussi leur entrée sur le gazon sacré de Wimbledon, pour le plus grand plaisir des stars venues en masse en tribunes",https://img.20mn.fr/VN1YHuxSQvqYnCNoYAjQVCk/1444x920_catherine-princesse-de-galles-est-apparue-radieuse-et-decontractee-a-wimbledon-au-cote-de-sir-andy-murray,2026-07-03T13:28:45Z,http://web.archive.org/web/20260704023848/https://www.20minutes.fr/diaporama/diaporama-4232607-images-bad-bunny-david-beckham-kate-middleton-stars-assurent-show-tribunes-wimbledon,"Christelle Pellissier
Publié le 03/07/2026 à 15h28
Quand il ny en a plus, il y en a encore. Après Roland-Garros et sa flopée de stars françaises (et pas que) venue applaudir les mastodontes du tenn… [+6073 chars]",,fr,'Bad Bunny'
https://www.20minutes.fr/monde/russie/4232710-20260703-guerre-iran-envoye-poutine-ex-president-russe-medvedev-recueille-devant-depouille-khamenei,https://www.20minutes.fr/monde/russie/4232710-20260703-guerre-iran-envoye-poutine-ex-president-russe-medvedev-recueille-devant-depouille-khamenei,0,www.20minutes.fr,"Guerre en Iran : Envoyé par Poutine, l’ex-président russe Medvedev se recueille devant la dépouille de Khamenei","L’ex-président russe Medvedev est présent en Iran pour les hommages à l’ayatollah Khamenei, tué par Israël et l’Etats-Unis au début de la guerre",https://img.20mn.fr/slHb303mS0-fq1OqBCcCqSk/1444x920_cette-photographie-fournie-par-le-bureau-du-guide-supreme-iranien-khamenei-ir-montre-le-chef-des-gardiens-de-la-revolution-iraniens-ahmad-vahidi-c-rendant-hommage-au-cercueil-du-guide-supreme-iranien-ali-khamenei-lors-d-une-ceremonie-precedant-ses-funerailles-a-teheran-le-3-juillet-2026-vahidi-a-rendu-hommage-a-teheran-devant-le-corps-d-ali-khamenei-sa-premiere-apparition-publique-depuis-le-debut-de-la-guerre-au-moyen-orient-selon-des-images-diffusees-le-3-juillet-par-les-medias-iraniens-photo-de-khamenei-ir-afp,2026-07-03T14:27:21Z,,"Lancien président russe Dimitri Medvedev, dont le pays entretient des liens étroits avec lIran, sest rendu vendredi à Téhéran devant le cercueil dAli Khamenei, selon des images de la télévision dEtat… [+945 chars]",,fr,'Ali Khamenei'
https://www.lexpress.fr/politique/presidentielle-2027-fabien-roussel-entre-en-resistance-contre-jean-luc-melenchon-LZKRKVNDEVDGHGUZJOJEUUV7YQ/,https://www.lexpress.fr/politique/presidentielle-2027-fabien-roussel-entre-en-resistance-contre-jean-luc-melenchon-LZKRKVNDEVDGHGUZJOJEUUV7YQ/,0,www.lexpress.fr,Présidentielle 2027 : Fabien Roussel entre en résistance contre Jean-Luc Mélenchon,"Presque candidat à la présidentielle, le communiste fait face, au sein de son parti, aux assauts d'alliés insoumis.",https://www.lexpress.fr/resizer/v2/SJ2LYWIWWFE7PJK2RDJYTZEZ2M.jpg?auth=b5822c33c213196ddfda9c0a58e2bd5302d08f3c1cd9b4c2f2a2cb39f77fb581&width=1200&height=630&quality=85&smart=true,2026-07-03T15:00:00Z,http://web.archive.org/web/20260704053653/https://www.lexpress.fr/politique/presidentielle-2027-fabien-roussel-entre-en-resistance-contre-jean-luc-melenchon-LZKRKVNDEVDGHGUZJOJEUUV7YQ/,"Sil y pense très fort, Fabien Roussel na pas encore le droit de lexprimer. Jusquà septembre prochain, du moins, quand le candidat du PCF sera officiellement désigné par les siens. Non, le secrétaire … [+351 chars]",,fr,'Fabien Roussel'
https://www.mediapart.fr/journal/politique/030726/au-pcf-fabien-roussel-face-un-congres-sans-concurrents-mais-pas-sans-questionnements,https://www.mediapart.fr/journal/politique/030726/au-pcf-fabien-roussel-face-un-congres-sans-concurrents-mais-pas-sans-questionnements,0,www.mediapart.fr,"Au PCF, Fabien Roussel face à un congrès sans concurrents, mais pas sans questionnements","À l’issue de son congrès ce week-end, le Parti communiste français va réélire Fabien Roussel à sa tête. Ses opposants internes tentent de lui imposer une clause de revoyure à l’automne, pour discuter d’un retrait de sa candidature à la présidentielle, face à …",https://static.mediapart.fr/etmagine/og/journal/files/2026/07/03/260703-img-au-parti-communiste-fabien-roussel-sans-concurrents-mais-pas-sans-questionnements.jpg,2026-07-03T15:17:41Z,http://web.archive.org/web/20260703171943/https://www.mediapart.fr/journal/politique/030726/au-pcf-fabien-roussel-face-un-congres-sans-concurrents-mais-pas-sans-questionnements,"Les cookies et technologies similaires que nous utilisons sur Mediapart sont de différentes natures et nous permettent de poursuivre différentes finalités. 
Certains sont nécessaires au fonctionneme… [+3291 chars]",,fr,'Fabien Roussel'
https://www.courrierinternational.com/article/guerre-en-ukraine-en-russie-et-en-chine-la-diplomatie-a-huis-clos-d-alexandre-loukachenko_246480,https://www.courrierinternational.com/article/guerre-en-ukraine-en-russie-et-en-chine-la-diplomatie-a-huis-clos-d-alexandre-loukachenko_246480,0,www.courrierinternational.com,"En Russie et en Chine, la diplomatie “à huis clos” d’Alexandre Loukachenko","Alexandre Loukachenko a entrepris une tournée diplomatique en Asie après une rencontre aussi scrutée que confidentielle avec Vladimir Poutine. Un agenda officiel qui retient l’attention de la presse en Russie et en Biélorussie, dans un contexte tendu pour le …",https://focus.courrierinternational.com/2026/06/29/0/0/4549/3033/1200/630/60/0/6ce15c4_ftp-1-abbxzapcmvn2-2026-06-29t043642z-1465842911-rc2g3mawf6iq-rtrmadp-3-china-belarus.JPG,2026-07-03T15:19:13Z,,"Lagenda professionnel du président de Biélorussie est toujours très chargé, soulignait, le 28 juin, lagence dÉtat Belta, en préambule de son Bilan de la semaine du président, rubrique détaillant cons… [+1072 chars]",,fr,'Poutine'
https://www.bfmtv.com/culture/spectacles-expositions/la-beatlemania-vue-par-paul-mc-cartney-des-cliches-oublies-exposes-a-aix-en-provence_AD-202607030828.html,https://www.bfmtv.com/culture/spectacles-expositions/la-beatlemania-vue-par-paul-mc-cartney-des-cliches-oublies-exposes-a-aix-en-provence_AD-202607030828.html,0,www.bfmtv.com,"La ""Beatlemania"" vue par Paul McCartney: des clichés oubliés exposés à Aix-en-Provence","À partir du 4 juillet et jusqu'au 3 janvier 2027, environ 250 photos prises par le chanteur sont exposées au musée Granet d'Aix-en-Provence. Elles ont été prises entre octobre 1963 et février 1964.",https://images.bfmtv.com/FmV1ErUlvI5L_1cFG-DoiI-IcWA=/0x192:2048x1344/2048x0/images/Le-livre-de-photos-1964-Eyes-of-the-Storm-a-Londres-le-13-juin-2023-2314863.jpg,2026-07-03T17:27:31Z,http://web.archive.org/web/20260703185245/https://www.bfmtv.com/culture/spectacles-expositions/la-beatlemania-vue-par-paul-mc-cartney-des-cliches-oublies-exposes-a-aix-en-provence_AD-202607030828.html,"À partir du 4 juillet et jusqu'au 3 janvier 2027, environ 250 photos prises par le chanteur sont exposées au musée Granet d'Aix-en-Provence. Elles ont été prises entre octobre 1963 et février 1964.
… [+3784 chars]",,fr,'Paul McCartney'
https://www.slate.fr/monde/discorde-memorielle-pologne-ukraine-alliance-militaire-guerre-distinction-zelensky-nawrocki-relations-diplomatie-histoire-europe-est-ue,https://www.slate.fr/monde/discorde-memorielle-pologne-ukraine-alliance-militaire-guerre-distinction-zelensky-nawrocki-relations-diplomatie-histoire-europe-est-ue,0,www.slate.fr,La Pologne et l'Ukraine se fâchent: l'union sacrée pro-Kiev est-elle en danger en Europe de l'Est?,"En retirant une distinction à Volodymyr Zelensky, le président polonais Karol Nawrocki a déclenché une «guerre des décorations» entre la Pologne et l'Ukraine. L'union sacrée polono-ukrainienne, structurante pour l'effort de guerre de Kiev face à la Russie, es…",https://cdn.slate.fr/uploads/store/story_273135/original_273135.jpg,2026-07-03T17:55:01Z,,"En mai 2026, lorsque le président Volodymyr Zelensky baptise une unité d'élite de l'armée ukrainienne «Héros de l'UPA», il provoque immédiatement un tollé en Pologne. En effet, il puise dans la mémoi… [+9160 chars]",,fr,'Volodymyr Zelensky'
https://www.franceinfo.fr/culture/des-organisations-de-la-culture-ecrivent-a-emmanuel-macron-pour-alerter-sur-les-consequences-de-coupes-budgetaires-drastiques_8093003.html,https://www.franceinfo.fr/culture/des-organisations-de-la-culture-ecrivent-a-emmanuel-macron-pour-alerter-sur-les-consequences-de-coupes-budgetaires-drastiques_8093003.html,0,www.franceinfo.fr,"Des organisations de la culture écrivent à Emmanuel Macron pour alerter sur les conséquences de coupes budgétaires ""drastiques""","Selon ce courrier, signé notamment de la Réunion des Opéras de France, les 28 structures les plus touchées par ces coupes ""risquent de ne pas pouvoir ouvrir leur saison avant janvier 2027"", au lieu de septembre.",https://www.franceinfo.fr/pictures/5D15dchOHof-_jBtg9TcBbE6Dt8/0x52:1024x628/1500x843/2026/07/03/6a47fd7b6c213134786441.jpg,2026-07-03T18:21:09Z,http://web.archive.org/web/20260704143410/https://www.franceinfo.fr/culture/des-organisations-de-la-culture-ecrivent-a-emmanuel-macron-pour-alerter-sur-les-consequences-de-coupes-budgetaires-drastiques_8093003.html,"Elles mentionnent une ""profonde inquiétude"". Plusieurs organisations professionnelles du secteur de la culture ont écrit à Emmanuel Macron, vendredi 3 juillet, pour lancer un ""signal d'alerte"" après … [+1927 chars]",,fr,'Emmanuel Macron'
https://www.20minutes.fr/monde/israel/4232782-20260703-guerre-iran-talibans-pakistanais-gardiens-revolution-deplace-funerailles-ali-khamenei,https://www.20minutes.fr/monde/israel/4232782-20260703-guerre-iran-talibans-pakistanais-gardiens-revolution-deplace-funerailles-ali-khamenei,0,www.20minutes.fr,"Guerre en Iran : Talibans, Pakistanais, gardiens de la révolution… Qui s’est déplacé pour les funérailles d’Ali Khamenei ?","Des responsables iraniens et étrangers se recueillent depuis vendredi devant le cercueil d’Ali Khamenei à Téhéran, avant des funérailles nationales qui s’annoncent comme les plus importantes de l’histoire de l’Iran",https://img.20mn.fr/Cbrm5T_aSiaJmDsGHahuvCk/1444x920_une-famille-iranienne-passe-devant-un-panneau-d-affichage-presentant-une-photo-du-guide-supreme-iranien-assassine-ali-khamenei-avant-ses-funerailles-a-la-grande-mosalla-de-teheran-le-3-juillet-2026-les-preparatifs-pour-les-funerailles-de-khamenei-battaient-leur-plein-le-3-juillet-les-autorites-s-attendant-a-ce-que-des-millions-de-personnes-et-une-coterie-de-dignitaires-etrangers-assistent-a-la-ceremonie-officielle-photo-d-atta-kenare-afp,2026-07-03T19:08:03Z,http://web.archive.org/web/20260703232248/https://www.20minutes.fr/monde/israel/4232782-20260703-guerre-iran-talibans-pakistanais-gardiens-revolution-deplace-funerailles-ali-khamenei,"Quatre mois après sa mort dans une frappe israélo-américaine, Ali Khamenei est au cur dun immense hommage national en Iran. Depuis vendredi, des responsables politiques, militaires et religieux défil… [+2519 chars]",,fr,'Ali Khamenei'
https://www.bfmtv.com/politique/elections/presidentielle/direct-presidentielle-2027-jordan-bardella-et-marine-le-pen-attendus-dans-le-pas-de-calais-fabien-roussel-a-lille_LN-202607040151.html,https://www.bfmtv.com/politique/elections/presidentielle/direct-presidentielle-2027-jordan-bardella-et-marine-le-pen-attendus-dans-le-pas-de-calais-fabien-roussel-a-lille_LN-202607040151.html,0,www.bfmtv.com,"DIRECT. Présidentielle 2027: Jordan Bardella et Marine Le Pen attendus dans le Pas-de-Calais, Fabien Roussel à Lille","En ordre de marche pour l'élection présidentielle de 2027, les partis politiques se mobilisent ce samedi 4 juillet. Pendant que le Rassemblement national convie ses adhérents dans le Pas-de-Calais, le Parti communiste se réunit à Lille. D'autres figures polit…",https://images.bfmtv.com/uOdVjOjPvngVcu3ckRTJWy83SMA=/0x2:1200x677/1200x0/images/Jordan-Bardella-et-Marine-Le-Pen-2203860.jpg,2026-07-04T04:15:00Z,http://web.archive.org/web/20260704210419/https://www.bfmtv.com/politique/elections/presidentielle/direct-presidentielle-2027-jordan-bardella-et-marine-le-pen-attendus-dans-le-pas-de-calais-fabien-roussel-a-lille_LN-202607040151.html,"Le Festival des idées, initiative citoyenne et pluraliste qui se revendique de gauche, organise une série de débats et de rencontres du 3 au 5 juillet à la Charité-sur-Loire, dans la Nièvre.
Pensé a… [+519 chars]",,fr,'Jordan Bardella'
https://www.bfmtv.com/politique/parti-communiste-francais/faire-emerger-une-nouvelle-offre-politique-pourquoi-fabien-roussel-devrait-a-nouveau-briguer-l-elysee_AN-202607040051.html,https://www.bfmtv.com/politique/parti-communiste-francais/faire-emerger-une-nouvelle-offre-politique-pourquoi-fabien-roussel-devrait-a-nouveau-briguer-l-elysee_AN-202607040051.html,0,www.bfmtv.com,"""Faire émerger une nouvelle offre politique"": pourquoi Fabien Roussel devrait à nouveau briguer l'Élysée","Le secrétaire national du PCF, qui remet son poste en jeu ce week-end, a toutes les chances d'être à nouveau candidat à l'élection présidentielle après sa première participation en 2022. Pour justifier cette aventure en solitaire, les communistes mettent en a…",https://images.bfmtv.com/-NJ8UNXtFyJn0eCzR8u0un0TrGo=/0x212:2048x1364/2048x0/images/Le-secretaire-national-du-PCF-Fabien-Roussel-le-30-mai-2026-a-Toulouse-2313263.jpg,2026-07-04T04:20:00Z,http://web.archive.org/web/20260705025022/https://www.bfmtv.com/politique/parti-communiste-francais/faire-emerger-une-nouvelle-offre-politique-pourquoi-fabien-roussel-devrait-a-nouveau-briguer-l-elysee_AN-202607040051.html,"Le secrétaire national du PCF, qui remet son poste en jeu ce week-end, a toutes les chances d'être à nouveau candidat à l'élection présidentielle après sa première participation en 2022. Pour justifi… [+4843 chars]",,fr,'Fabien Roussel'
https://atlantico.fr/article/rdv/quand-la-pression-des-melenchonistes-transforme-france-culture-en-fci-france-culture-insoumise,https://atlantico.fr/article/rdv/quand-la-pression-des-melenchonistes-transforme-france-culture-en-fci-france-culture-insoumise,0,atlantico.fr,Quand la pression des mélenchonistes transforme France culture en FCI (France Culture Insoumise),"Sous la pression des Insoumis et de la Société des Journalistes, qui demandent sa tête, l’animateur de la matinale est privé d’édito pour une mise en parallèle jugée ""fallacieuse"" de propos tenus par Jean-Marie Le Pen et Jean-Luc Mélenchon sur les juifs.",https://atlantico.codexcdn.net/assets/askTb6pOnbhCBzNbK.png?width=1600&height=900&quality=75,2026-07-04T05:40:39Z,http://web.archive.org/web/20260705035037/https://atlantico.fr/article/rdv/quand-la-pression-des-melenchonistes-transforme-france-culture-en-fci-france-culture-insoumise,"Sous la pression des Insoumis et de la Société des Journalistes, qui demandent sa tête, lanimateur de la matinale est privé dédito pour une mise en parallèle jugée ""fallacieuse"" de propos tenus par J… [+52 chars]",,fr,'Jean-Luc Mélenchon'
https://www.20minutes.fr/monde/4232413-20260704-iran-funerailles-ayatollah-khamenei-demonstration-force-regime,https://www.20minutes.fr/monde/4232413-20260704-iran-funerailles-ayatollah-khamenei-demonstration-force-regime,0,www.20minutes.fr,"Iran : Les funérailles de l’ayatollah Khamenei, une « démonstration de force » du régime","Les funérailles de l’ayatollah Ali Khamenei, tué fin février, se déroulent sur six jours en Iran, avec une escale en Irak",https://img.20mn.fr/7DFjjBZJROSheDdIOkVUqik/1444x920_des-filles-musulmanes-chiites-tiennent-des-photos-de-l-ayatollah-ali-khamenei-lors-d-une-procession-de-muharram-alors-que-les-personnes-en-deuil-commemorent-le-martyre-de-l-imam-hussein-et-observent-les-rituels-associes-au-mois-sacre-de-muharram-muharram-est-le-premier-mois-du-calendrier-islamique-et-l-un-des-mois-les-plus-sacres-du-calendrier-islamique-les-musulmans-chiites-observent-muharram-comme-une-periode-de-deuil-pour-commemorer-le-martyre-de-l-imam-hussein-petit-fils-du-prophete-mahomet-l-imam-hussein-a-ete-martyrise-le-10e-jour-de-muharram-lors-de-la-bataille-historique-de-karbala-en-680-de-notre-ere-sopa-images-idree-sabbas-23-juin-2026-10-credit-idrees-abbas-sopa-images-sipa-2606240859,2026-07-04T06:02:36Z,http://web.archive.org/web/20260704234631/https://www.20minutes.fr/monde/4232413-20260704-iran-funerailles-ayatollah-khamenei-demonstration-force-regime,"«Historiques et inédites. » LIran sapprête à vivre les funérailles XXL du guide suprême Ali Khamenei, tué par des frappes israélo-américaines fin février. Les cérémonies débutent ce week-end et durer… [+4556 chars]",,fr,'Ali Khamenei'
https://atlantico.fr/article/decryptage/attal-lisnard-le-match-des-propositions-affichees-comme-liberales,https://atlantico.fr/article/decryptage/attal-lisnard-le-match-des-propositions-affichees-comme-liberales,0,atlantico.fr,Attal / Lisnard : le match des propositions (affichées comme) libérales,"Gabriel Attal et David Lisnard revendiquent tous deux un discours libéral, mais ne défendent pas le même projet. L'un veut réformer un État qu'il juge perfectible, l'autre entend en réduire radicalement le périmètre. Au-delà des mesures, c'est une opposition …",https://atlantico.codexcdn.net/assets/aszfJOmxn3FD28rIu.png?width=1600&height=900&quality=75,2026-07-04T06:27:20Z,http://web.archive.org/web/20260704072112/https://atlantico.fr/article/decryptage/attal-lisnard-le-match-des-propositions-affichees-comme-liberales,"Gabriel Attal et David Lisnard revendiquent tous deux un discours libéral, mais ne défendent pas le même projet. L'un veut réformer un État qu'il juge perfectible, l'autre entend en réduire radicalem… [+120 chars]",,fr,'Gabriel Attal'
https://www.huffingtonpost.fr/international/article/en-iran-depuis-la-mort-d-ali-khamenei-qui-tient-vraiment-le-pouvoir_282227.html,https://www.huffingtonpost.fr/international/article/en-iran-depuis-la-mort-d-ali-khamenei-qui-tient-vraiment-le-pouvoir_282227.html,0,www.huffingtonpost.fr,"En Iran, depuis la mort d’Ali Khamenei, qui tient vraiment le pouvoir ?","Les funérailles du guide suprême Ali Khamenei débute à partir de ce samedi 4 juillet en Iran, alors que le régime a été bousculé par des mois de guerre.",https://focus.huffingtonpost.fr/2026/04/20/965/0/7025/3951/1820/1023/75/0/8135765_upload-1-7px40d6e5gjk-afp-20260401-nikoubazl-progover260401-npj4y-v1-highres-progovernmentdemonstrato.jpg,2026-07-04T07:10:06Z,http://web.archive.org/web/20260704111706/https://www.huffingtonpost.fr/international/article/en-iran-depuis-la-mort-d-ali-khamenei-qui-tient-vraiment-le-pouvoir_282227.html,"Mojtaba Khamenei assistera-t-il aux funérailles de son père ? Quatre mois après la mort dAli Khamenei, tué dans une frappe israélo-américaine le 28 février, des cérémonies massives débutent en Iran, … [+5329 chars]",,fr,'Ali Khamenei'
https://atlantico.fr/article/rdv/taylor-swift-a-reeduque-travis-kelce-avant-le-mariage-albert-and-charlene-de-monaco-fete-leur-15e-anniversaire-madonna-and-lourdes-se-battent-froid-pamela-anderson-se-beldochise-brad-pitt-and-angelina-jolie-repartent-en-guerre-kate-moss-devient-fleuriste,https://atlantico.fr/article/rdv/taylor-swift-a-reeduque-travis-kelce-avant-le-mariage-albert-and-charlene-de-monaco-fete-leur-15e-anniversaire-madonna-and-lourdes-se-battent-froid-pamela-anderson-se-beldochise-brad-pitt-and-angelina-jolie-repartent-en-guerre-kate-moss-devient-fleuriste,0,atlantico.fr,"Taylor Swift a rééduqué Travis Kelce avant le mariage, Albert & Charlène de Monaco fêté leur 15e anniversaire; Madonna & Lourdes se battent-froid, Pamela Anderson se beldochise; Brad Pitt & Angelina Jolie repartent en guerre; Kate Moss devient fleuriste","Royautés, Hollywood, romances, ruptures et mariages hors normes : cette semaine, la presse people passe des palais princiers aux tapis rouges, entre confidences intimes, grandes célébrations et rebondissements qui agitent les célébrités du monde entier.",https://atlantico.codexcdn.net/assets/asiyk6Pq6nC1GJw0G.png?width=1600&height=900&quality=75,2026-07-04T07:18:59Z,http://web.archive.org/web/20260704090040/https://atlantico.fr/article/rdv/taylor-swift-a-reeduque-travis-kelce-avant-le-mariage-albert-and-charlene-de-monaco-fete-leur-15e-anniversaire-madonna-and-lourdes-se-battent-froid-pamela-anderson-se-beldochise-brad-pitt-and-angelina-jolie-repartent-en-guerre-kate-moss-devient-fleuriste,"Royautés, Hollywood, romances, ruptures et mariages hors normes : cette semaine, la presse people passe des palais princiers aux tapis rouges, entre confidences intimes, grandes célébrations et rebon… [+53 chars]",,fr,'Brad Pitt'
https://www.courrierinternational.com/article/iran-a-teheran-les-funerailles-d-ali-khamenei-marquent-la-fin-d-une-epoque_246612,https://www.courrierinternational.com/article/iran-a-teheran-les-funerailles-d-ali-khamenei-marquent-la-fin-d-une-epoque_246612,0,www.courrierinternational.com,"À Téhéran, les funérailles d’Ali Khamenei marquent “la fin d’une époque”","Plusieurs dizaines de milliers de personnes se sont rassemblées à Téhéran, samedi 4 juillet, à l’occasion du début des cérémonies de funérailles de l’ayatollah Ali Khamenei. Parmi les manifestants, beaucoup appellent à venger la mort de l’ancien guide suprême…",https://focus.courrierinternational.com/2026/07/04/1/0/5500/3666/1200/630/60/0/ba3eb53_ftp-1-nkr3n7j4bnog-2026-07-04t085719z-2068490953-rc2v6mabocfr-rtrmadp-3-iran-crisis-khamenei.JPG,2026-07-04T09:45:27Z,http://web.archive.org/web/20260704113606/https://www.courrierinternational.com/article/iran-a-teheran-les-funerailles-d-ali-khamenei-marquent-la-fin-d-une-epoque_246612,"La foule a commencé à se rassembler à Téhéran, samedi 4 juillet, à loccasion du début des funérailles publiques dAli Khamenei, lancien guide suprême de la république islamique dIran, tué le 28 févrie… [+1056 chars]",,fr,'Ali Khamenei'
https://www.huffingtonpost.fr/international/article/iran-lors-des-funerailles-d-ali-khamenei-ces-fideles-voulaient-envoyer-un-message-a-donald-trump_282911.html,https://www.huffingtonpost.fr/international/article/iran-lors-des-funerailles-d-ali-khamenei-ces-fideles-voulaient-envoyer-un-message-a-donald-trump_282911.html,0,www.huffingtonpost.fr,"Iran : lors des funérailles d’Ali Khamenei, ces fidèles voulaient envoyer un message à Donald Trump","La cérémonie d’hommage au guide suprême, tué fin février lors des frappes israélo-américaines, a été marquée par des appels à « venger » le « martyr » Khamenei.",https://focus.huffingtonpost.fr/2026/07/04/125/0/1200/675/1820/1023/75/0/160d585_upload-1-b7jzld1j7rsy-afp-20260704-b9946we-v1-midres-iranusisraelwarfuneral.jpg,2026-07-04T10:40:12Z,http://web.archive.org/web/20260704114835/https://www.huffingtonpost.fr/international/article/iran-lors-des-funerailles-d-ali-khamenei-ces-fideles-voulaient-envoyer-un-message-a-donald-trump_282911.html,À voir aussi sur Le HuffPost La lecture de ce contenu est susceptible dentraîner un dépôt de cookies de la part de lopérateur tiers qui lhéberge. Compte-tenu des choix que vous avez exprimés en matiè… [+4640 chars],,fr,'Donald Trump'
https://www.camer.be/93839/5:1/cameroun-francis-ngannou-inaugure-venice-hall-un-empire-a-yaounde-cameroon.html,https://www.camer.be/93839/5:1/cameroun-francis-ngannou-inaugure-venice-hall-un-empire-a-yaounde-cameroon.html,0,www.camer.be,:: Francis Ngannou inaugure Venice Hall : un empire à Yaoundé,"Le 3 juillet 2026, Francis Ngannou, le « Predator » camerounais, a
officiellement inauguré « Venice Hall », un complexe événementiel
ultramoderne situé en plein...",https://www.camer.be/storage/photos/shares/Cameroun2/Venice-Hall040726500.webp,2026-07-04T13:52:11Z,http://web.archive.org/web/20260705021456/https://www.camer.be/93839/5:1/cameroun-francis-ngannou-inaugure-venice-hall-un-empire-a-yaounde-cameroon.html,"Le 3 juillet 2026, Francis Ngannou, le « Predator » camerounais, a officiellement inauguré « Venice Hall », un complexe événementiel ultramoderne situé en plein cœur de Yaoundé, affirmant sa place de… [+3011 chars]",,fr,'Francis Ngannou'
https://www.challenges.fr/entreprise/si-on-arrete-toutes-les-energies-fossiles-ici-il-fera-toujours-aussi-chaud-cela-ne-reglera-rien-la-petite-lecon-denergie-de-patrick-pouyanne-a-daix_644701,https://www.challenges.fr/entreprise/si-on-arrete-toutes-les-energies-fossiles-ici-il-fera-toujours-aussi-chaud-cela-ne-reglera-rien-la-petite-lecon-denergie-de-patrick-pouyanne-a-daix_644701,0,www.challenges.fr,"« Si on arrête toutes les énergies fossiles ici, il fera toujours aussi chaud, cela ne réglera rien » : la petite leçon d’énergie de Patrick Pouyanné à d’Aix","Aux Rencontres d’Aix, Patrick Pouyanné et les patrons de l’énergie ont recentré le débat sur les prix : pour eux, la vraie question est la souveraineté des approvisionnements, pas la fiscalité, à laquelle le PDG de TotalEnergies réserve ses piques les plus ap…",https://www.challenges.fr/_ipx/f_jpg&enlarge_true&s_1200x630/cha/static/2026-07/58656.HR_0.jpg%3FVersionId=0Y3aUvcZdyiYqJsAesMpObX8xHJaysYk,2026-07-04T15:01:00Z,,"Payer toujours plus cher son électricité, son gaz et son essence, une fatalité à laquelle les Français doivent shabituer ? Patrick Pouyanné, star incontestée des Rencontres économiques dAix et incide… [+3883 chars]",,fr,'Patrick Pouyanné'
https://www.gamekult.com/actualite/face-a-la-fin-du-support-physique-jean-luc-melenchon-prend-position-contre-rockstar-et-sony-3050871098.html,https://www.gamekult.com/actualite/face-a-la-fin-du-support-physique-jean-luc-melenchon-prend-position-contre-rockstar-et-sony-3050871098.html,0,www.gamekult.com,"Face à la fin du support physique, Jean-Luc Mélenchon prend position contre Rockstar et Sony","Alors que Rockstar Games et Sony menacent sérieusement les droits des joueurs en annonçant la disparition prochaine du support physique, Jean-Luc Mélenchon est l'un des rares politiques à s'être exprimé sur le sujet. Dans un récent post publié sur X, le leade…",https://cdn.gamekult.com/optim/images/news/30/3050871098/face-a-la-disparition-du-support-physique-jean-luc-melenchon-prend-position-contre-rockstar-et-sony-e49ea418__w1920.jpg,2026-07-04T16:35:00Z,http://web.archive.org/web/20260705102604/https://www.gamekult.com/actualite/face-a-la-fin-du-support-physique-jean-luc-melenchon-prend-position-contre-rockstar-et-sony-3050871098.html,"Le 100% dématérialisé, un cauchemar qui devient réalité
L'ouverture des précommandes de Grand Theft Auto VI a vite tourné à la désillusion lorsque Rockstar a dévoilé que les boîtes ne contiendraient… [+2209 chars]",,fr,'Jean-Luc Mélenchon'
https://www.lalibre.be/international/moyen-orient/iran/2026/07/04/funerailles-dali-khamenei-des-millions-diraniens-attendus-a-teheran-pour-un-dernier-adieu-au-guide-supreme-MGXOLMAQKZAMXOHMDN25J6CHKY/,https://www.lalibre.be/international/moyen-orient/iran/2026/07/04/funerailles-dali-khamenei-des-millions-diraniens-attendus-a-teheran-pour-un-dernier-adieu-au-guide-supreme-MGXOLMAQKZAMXOHMDN25J6CHKY/,0,www.lalibre.be,Funérailles d’Ali Khamenei : des millions d’Iraniens attendus à Téhéran pour un dernier adieu au guide suprême,"Le cercueil d’Ali Khamenei est exposé à Téhéran avant six jours de cérémonies, sous haute sécurité et en présence de délégations alliées de l’Iran. ...",https://www.lalibre.be/resizer/v2/YBXDQLVBRFBH5EKY2YEQ44G3GU.jpg?auth=dff0d4789bed736ac0756f574b844d55e84befa4e7ad4fbbbe08c4189cd82d97&width=1200&height=630&quality=85&focal=3000%2C2000,2026-07-04T18:06:53Z,http://web.archive.org/web/20260704220657/https://www.lalibre.be/international/moyen-orient/iran/2026/07/04/funerailles-dali-khamenei-des-millions-diraniens-attendus-a-teheran-pour-un-dernier-adieu-au-guide-supreme-MGXOLMAQKZAMXOHMDN25J6CHKY/,"Pour la plupart vêtus de noir, des partisans y ont afflué samedi dès l'aube, avant même que la télévision d'Etat n'annonce vers 06H00 (02H30 GMT) le début de l'hommage public.
De nombreux participan… [+4237 chars]",,fr,'Ali Khamenei'
https://www.huffingtonpost.fr/politique/article/marine-le-pen-et-jordan-bardella-jouent-la-proximite-a-fond-pour-leur-derniere-sortie-avant-le-jugement_283307.html,https://www.huffingtonpost.fr/politique/article/marine-le-pen-et-jordan-bardella-jouent-la-proximite-a-fond-pour-leur-derniere-sortie-avant-le-jugement_283307.html,0,www.huffingtonpost.fr,Marine Le Pen et Jordan Bardella jouent la proximité à fond pour leur dernière sortie avant le jugement,Les deux leaders du Rassemblement national étaient réunis lors d’un « banquet champêtre » à Liévin dans le Pas-de-Calais ce samedi.,https://focus.huffingtonpost.fr/2026/07/04/122/0/3168/1782/1820/1023/75/0/5be2c64_upload-1-trr0go4ofy9b-afp-20260704-b9a38d9-v1-highres-francepoliticspartiesrn.jpg,2026-07-04T20:11:00Z,,La carte de lunité totale avant lune des décisions de justice les plus importantes dans lhistoire du Rassemblement national. Marine Le Pen et Jordan Bardella ont affiché ce samedi 4 juillet leur prox… [+2948 chars],,fr,'Jean-Luc Mélenchon'
https://www.huffingtonpost.fr/france/article/bernard-arnault-rattrape-par-un-redressement-fiscal-a-plus-de-20-millions-d-euros_283340.html,https://www.huffingtonpost.fr/france/article/bernard-arnault-rattrape-par-un-redressement-fiscal-a-plus-de-20-millions-d-euros_283340.html,0,www.huffingtonpost.fr,Bernard Arnault rattrapé par un redressement fiscal à plus de 20 millions d’euros,"Ce jugement s’apparente à un nouveau chapitre d’une longue saga financière, judiciaire et politique concernant l’homme le plus riche de France.",https://focus.huffingtonpost.fr/2026/07/04/0/0/3817/2147/1820/1023/75/0/550eedd_upload-1-zjx1mzvvikqw-afp-20260617-b7cx3db-v1-highres-francetechnologyindustrysciencefairvivatech.jpg,2026-07-04T20:54:24Z,,"Le patron du géant mondial du luxe LVMH Bernard Arnault rattrapé par le fisc. Lhomme derrière la première fortune de France sest vu infliger un redressement fiscal de près de 22,5 millions deuros, da… [+3146 chars]",,fr,'David Amiel'
https://www.20minutes.fr/monde/ukraine/4232880-20260705-guerre-ukraine-trump-entretient-poutine-zelensky,https://www.20minutes.fr/monde/ukraine/4232880-20260705-guerre-ukraine-trump-entretient-poutine-zelensky,0,www.20minutes.fr,Guerre en Ukraine : Trump s’entretient avec Poutine et Zelensky,"Avant le sommet de l’Otan – mardi et mercredi en Turquie –, le président des Etats-Unis a échangé avec ses homologues russe et ukrainien",https://img.20mn.fr/sF1sRdg5Tby_EdeB4QFb3ik/1444x920_le-president-americain-donald-j-trump-repond-aux-questions-des-journalistes-apres-avoir-signe-un-decret-sur-les-reparations-automobiles-dans-le-bureau-ovale-de-la-maison-blanche-a-washington-dc-etats-unis-le-29-juin-2026-credit-samuel-corum-pool-via-cnp-603988880-samuel-corum-pool-via-cnp-dpa-sipa-2606292351,2026-07-05T01:41:17Z,http://web.archive.org/web/20260705180838/https://www.20minutes.fr/monde/ukraine/4232880-20260705-guerre-ukraine-trump-entretient-poutine-zelensky,Les célébrations des 250 ans des Etats-Unis sont aussi loccasion pour le locataire de la Maison-Blanche de relancer sa médiation dans le conflit entre Kiev et Moscou. Donald Trump a en effet échangé … [+1799 chars],,fr,'Poutine'
https://www.challenges.fr/politique/nous-ne-pratiquons-pas-la-chaise-vide-malgre-les-pressions-insoumises-fabien-roussel-fait-un-pas-de-plus-vers-la-presidentielle_644704,https://www.challenges.fr/politique/nous-ne-pratiquons-pas-la-chaise-vide-malgre-les-pressions-insoumises-fabien-roussel-fait-un-pas-de-plus-vers-la-presidentielle_644704,0,www.challenges.fr,"« Nous ne pratiquons pas la chaise vide » : malgré les pressions insoumises, Fabien Roussel fait un pas de plus vers la présidentielle","Au congrès du PCF à Lille, Fabien Roussel a confirmé sa volonté de briguer l’Élysée malgré les critiques de LFI, qui l'accuse d'être responsable de l'élimination de Mélenchon en 2022.",https://www.challenges.fr/_ipx/f_jpg&enlarge_true&s_1200x630/cha/static/2026-07/58658.HR_3.jpg%3FVersionId=SKOsnVj7xjFXdpvVbyPVq9mul9JmvjWv,2026-07-05T07:45:00Z,,"Au congrès du Parti communiste, Fabien Roussel fait un pas de plus vers une nouvelle candidature à la présidentielle, au grand dam de certains élus de son parti et de La France insoumise, qui lui rep… [+3970 chars]",,fr,'Fabien Roussel'
https://www.franceinfo.fr/elections/presidentielle/direct-presidentielle-edouard-philippe-relance-sa-campagne-avec-un-meeting-a-paris-le-rn-dans-l-attente-du-jugement-de-marine-le-pen_8094704.html,https://www.franceinfo.fr/elections/presidentielle/direct-presidentielle-edouard-philippe-relance-sa-campagne-avec-un-meeting-a-paris-le-rn-dans-l-attente-du-jugement-de-marine-le-pen_8094704.html,0,www.franceinfo.fr,"DIRECT. Présidentielle : Edouard Philippe relance sa campagne avec un meeting à Paris, le RN dans l'attente du jugement de Marine Le Pen","L'ancien Premier ministre convoque un ""grand meeting"", dimanche, bien décidé à conforter son avance dans les sondages sur ses concurrents du bloc central et de droite, Gabriel Attal et Bruno Retailleau.",https://www.franceinfo.fr/pictures/2czV18N6Qpe9A8B-a7BVHLUydBo/0x0:1024x576/1500x843/2026/07/05/6a4a0b17e86d5622082540.jpg,2026-07-05T07:58:13Z,http://web.archive.org/web/20260705143426/https://www.franceinfo.fr/elections/presidentielle/direct-presidentielle-edouard-philippe-relance-sa-campagne-avec-un-meeting-a-paris-le-rn-dans-l-attente-du-jugement-de-marine-le-pen_8094704.html,"Edouard Philippe entre dans l'arène. Plus d'un an et demi après s'être déclaré candidat à la présidentielle de 2027, l'ancien Premier ministre convoque un premier ""grand meeting"", dimanche 5 juillet,… [+2031 chars]",,fr,'Gabriel Attal'
https://www.huffingtonpost.fr/international/article/au-royaume-uni-la-visite-du-prince-harry-tourne-a-l-imbroglio-et-prend-des-airs-de-soap-opera_283473.html,https://www.huffingtonpost.fr/international/article/au-royaume-uni-la-visite-du-prince-harry-tourne-a-l-imbroglio-et-prend-des-airs-de-soap-opera_283473.html,0,www.huffingtonpost.fr,"Au Royaume-Uni, la visite du prince Harry tourne à l’imbroglio (et prend des airs de « soap opera »)","Le fils du roi se rendra à Londres seul, alors qu’il devait initialement être accompagné de Meghan et leurs deux enfants. Le flou subsiste sur le point de savoir si la famille se réunira plus tard dans la semaine.",https://focus.huffingtonpost.fr/2022/07/24/102/0/1664/936/1820/1023/75/0/b005feb_1658704396717-5c92d2db240000350004ee08.jpeg,2026-07-05T07:59:52Z,,Une réunion de famille qui tourne au vinaigre ? La visite du Prince Harry prévue la semaine prochaine au Royaume-Uni pourrait bien ne pas arranger ses rapports la Couronne. Le fils cadet du roi Charl… [+3163 chars],,fr,'Quand Harry'
https://www.huffingtonpost.fr/politique/article/radio-france-denonce-des-pressions-apres-l-appel-de-melenchon-a-eviter-france-culture_283472.html,https://www.huffingtonpost.fr/politique/article/radio-france-denonce-des-pressions-apres-l-appel-de-melenchon-a-eviter-france-culture_283472.html,0,www.huffingtonpost.fr,Radio France dénonce « des pressions » après l’appel de Mélenchon à éviter France Culture,"Jean-Luc Mélenchon a jugé insuffisantes les excuses et sanctions prises par la radio, après la diffusion d’un montage trompeur laissant entendre qu’il avait tenu des propos antisémites.",https://focus.huffingtonpost.fr/2026/07/05/53/0/1024/576/1820/1023/75/0/84edaae_upload-1-hxyzc8cvr31p-afp-20260619-pinto-jeanlucm260619-npiqp-v1-midres-jeanlucmelenchonvisitstheviva.jpg,2026-07-05T08:21:34Z,,"De la friture sur les ondes entre Jean-Luc Mélenchon et Radio France. Après la diffusion sur France Culture dun montage fallacieux le rapprochant de Jean-Marie Le Pen, le candidat LFI à la prochaine … [+3116 chars]",,fr,'Jean-Luc Mélenchon'
https://www.franceinfo.fr/culture/spectacles/spectacle-vivant-catherine-pegard-affirme-se-battre-aupres-du-ministere-de-l-economie-pour-que-tous-les-credits-prevus-soient-engages_8094713.html,https://www.franceinfo.fr/culture/spectacles/spectacle-vivant-catherine-pegard-affirme-se-battre-aupres-du-ministere-de-l-economie-pour-que-tous-les-credits-prevus-soient-engages_8094713.html,0,www.franceinfo.fr,"Spectacle vivant : Catherine Pégard affirme ""se battre"" auprès du ministère de l'Économie pour que tous les crédits prévus soient engagés","Alors que débute le festival d'Avignon, l'inquiétude des professionnels est à son comble. La ministre de la Culture explique que les financements prévus pour 2026 seront soumis à arbitrage, en précisant qu'il n'y aura pas d'annulations mais de possibles repor…",https://www.franceinfo.fr/pictures/j1ZUenLkv0YPd2YR0JDBCbYlPGk/0x0:4000x2250/1500x843/2026/06/11/6a2ad5e100c7b531946446.jpg,2026-07-05T08:49:51Z,http://web.archive.org/web/20260705165054/https://www.franceinfo.fr/culture/spectacles/spectacle-vivant-catherine-pegard-affirme-se-battre-aupres-du-ministere-de-l-economie-pour-que-tous-les-credits-prevus-soient-engages_8094713.html,"Après l'alerte lancée par 28 structures du spectacle vivant sur une possible annulation de crédits budgétaires, la ministre de la Culture a affirmé samedi 4 juillet ""se battre"", notamment auprès de B… [+2552 chars]",,fr,'Catherine Pégard'
https://www.sofoot.com/articles/en-direct-mexique-angleterre,https://www.sofoot.com/articles/en-direct-mexique-angleterre,0,www.sofoot.com,En direct : Mexique-Angleterre,"Foot, culture et société",https://sofoot.s3.eu-central-1.amazonaws.com/wp-content/uploads/2026/07/05110909/ICONSPORT_369466_0113-1400x954.jpg,2026-07-05T09:10:37Z,,"Les grands récits de Society: Epstein - Ce que vous n'avez jamais lu
Vous aviez aimé notre très grande enquête sur Dupont de Ligonnès de lété 2020? Voici celle, massive, sur Jeffrey Epstein! Retrouv… [+37 chars]",,fr,'Jeffrey Epstein'
https://www.mediapart.fr/journal/politique/050726/peut-degonfler-l-extreme-droite-de-quelques-points-lille-les-communistes-foncent-vers-la-presidentielle,https://www.mediapart.fr/journal/politique/050726/peut-degonfler-l-extreme-droite-de-quelques-points-lille-les-communistes-foncent-vers-la-presidentielle,0,www.mediapart.fr,"«On peut dégonfler l’extrême droite de quelques points»: à Lille, les communistes foncent vers la présidentielle sans corde de rappel","Les communistes ont massivement acté en congrès le principe d’une candidature autonome à l’élection présidentielle et réélu à 70 % des voix leur secrétaire national Fabien Roussel. Pour la majorité des militants et des cadres présents, le PCF peut ramener à l…",https://static.mediapart.fr/etmagine/og/journal/files/2026/07/05/afp-20260703-b97d3we-v1-highres-francepoliticspartiespcf.jpg,2026-07-05T10:00:44Z,http://web.archive.org/web/20260705172241/https://www.mediapart.fr/journal/politique/050726/peut-degonfler-l-extreme-droite-de-quelques-points-lille-les-communistes-foncent-vers-la-presidentielle,"Les cookies et technologies similaires que nous utilisons sur Mediapart sont de différentes natures et nous permettent de poursuivre différentes finalités. 
Certains sont nécessaires au fonctionneme… [+3291 chars]",,fr,'Fabien Roussel'
https://www.ledauphine.com/politique/2026/07/05/fabien-roussel-reelu-a-la-tete-du-parti-communiste,https://www.ledauphine.com/politique/2026/07/05/fabien-roussel-reelu-a-la-tete-du-parti-communiste,0,www.ledauphine.com,Politique. Fabien Roussel réélu à la tête du Parti communiste,"Le secrétaire national du Parti communiste français a été, sans suspense, reconduit dans ses fonctions ce dimanche, réélu avec 70,1 % des voix.",https://cdn-s-www.ledauphine.com/images/5F857A3B-29C9-412B-A79A-88C27BEEBF93/FB1200/photo-1783245563.jpg,2026-07-05T10:03:00Z,http://web.archive.org/web/20260705112120/https://www.ledauphine.com/politique/2026/07/05/fabien-roussel-reelu-a-la-tete-du-parti-communiste,"Le Dauphiné Libéré, en tant que responsable de traitement, recueille dans ce formulaire des informations qui sont enregistrées dans un fichier informatisé par son Service Relations Clients, la finali… [+854 chars]",,fr,'Fabien Roussel'
https://www.bfmtv.com/politique/parti-communiste-francais/reelu-a-la-tete-du-parti-communiste-fabien-roussel-regarde-vers-la-presidentielle_AD-202607050242.html,https://www.bfmtv.com/politique/parti-communiste-francais/reelu-a-la-tete-du-parti-communiste-fabien-roussel-regarde-vers-la-presidentielle_AD-202607050242.html,0,www.bfmtv.com,"Réélu à la tête du Parti communiste, Fabien Roussel regarde vers la présidentielle","Fabien Roussel a été sans surprise réélu par 70,1% des voix à la tête du PCF lors d'un vote à huis clos dimanche matin, a indiqué le parti.",https://images.bfmtv.com/dV6PDItBCOdcL3EOy8yCT2eRU1Q=/0x106:2048x1258/2048x0/images/Fabien-Roussel-secretaire-national-du-PCF-le-3-juillet-2026-au-40e-Congres-de-son-pari-a-Lille-2315347.jpg,2026-07-05T11:08:41Z,http://web.archive.org/web/20260705125117/https://www.bfmtv.com/politique/parti-communiste-francais/reelu-a-la-tete-du-parti-communiste-fabien-roussel-regarde-vers-la-presidentielle_AD-202607050242.html,"Fabien Roussel a été sans surprise réélu par 70,1% des voix à la tête du PCF lors d'un vote à huis clos dimanche matin, a indiqué le parti.
Au congrès du Parti communiste, qui s'est ouvert vendredi … [+4141 chars]",,fr,'Fabien Roussel'
https://www.franceinfo.fr/politique/fabien-roussel/reelu-a-la-tete-du-pcf-fabien-roussel-fait-un-pas-de-plus-vers-sa-candidature-a-la-presidentielle_8094911.html,https://www.franceinfo.fr/politique/fabien-roussel/reelu-a-la-tete-du-pcf-fabien-roussel-fait-un-pas-de-plus-vers-sa-candidature-a-la-presidentielle_8094911.html,0,www.franceinfo.fr,"Réélu à la tête du PCF, Fabien Roussel fait un pas de plus vers sa candidature à la présidentielle","Le chef du Parti communiste a été reconduit dans ses fonctions, dimanche, à deux mois d'un vote des militants pour désigner leur candidat pour l'Elysée en 2027.",https://www.franceinfo.fr/pictures/Y7m7XD0TGJjsu56lQxExebhKVlU/0x0:1024x576/1500x843/2026/07/05/6a4a228e49278978716534.jpg,2026-07-05T11:10:36Z,http://web.archive.org/web/20260705143336/https://www.franceinfo.fr/politique/fabien-roussel/reelu-a-la-tete-du-pcf-fabien-roussel-fait-un-pas-de-plus-vers-sa-candidature-a-la-presidentielle_8094911.html,"Sa réélection ne faisait guère de doute. Le secrétaire national du Parti communiste français, Fabien Roussel, a été reconduit dans ses fonctions, dimanche 5 juillet, en obtenant 70,1% des voix lors d… [+1732 chars]",,fr,'Fabien Roussel'
https://www.20minutes.fr/politique/4232905-20260705-presidentielle-2027-melenchon-persuade-eliminer-candidat-rn-peut-etre-premier-tour,https://www.20minutes.fr/politique/4232905-20260705-presidentielle-2027-melenchon-persuade-eliminer-candidat-rn-peut-etre-premier-tour,0,www.20minutes.fr,"Présidentielle 2027 : Mélenchon est persuadé « d’éliminer » le candidat RN, « peut-être » même dès le premier tour","Malgré des sondages très pessimistes sur son cas, Jean-Luc Mélenchon se croit capable de déjouer les pronostics et d’éliminer le Rassemblement national",https://img.20mn.fr/0jggaN_OS1KgQp3o5cqGgyk/1444x920_exclusif-le-fondateur-du-parti-de-gauche-francais-la-france-insoumise-lfi-et-candidat-a-la-presidentielle-jean-luc-melenchon-prononce-un-discours-lors-d-une-conference-de-presse-au-siege-du-lfi-a-paris-le-2-juillet-2026-stephane-le-mouton-sipa-lemouton-stephane-260702a031-credit-stephane-lemouton-sipa-2607021444,2026-07-05T11:42:56Z,,Insoumis et confiant. Le leader de La France insoumise Jean-Luc Mélenchon sest dit ce dimanche persuadé d'« éliminer » le candidat du Rassemblement national à la présidentielle quil sagisse de Marine… [+1095 chars],,fr,'Jean-Luc Mélenchon'
https://www.bfmtv.com/politique/la-france-insoumise/pas-le-moindre-doute-jean-luc-melenchon-persuade-qu-il-l-emporterait-face-au-rn-en-2027-en-cas-de-second-tour-les-opposant_AN-202607050252.html,https://www.bfmtv.com/politique/la-france-insoumise/pas-le-moindre-doute-jean-luc-melenchon-persuade-qu-il-l-emporterait-face-au-rn-en-2027-en-cas-de-second-tour-les-opposant_AN-202607050252.html,0,www.bfmtv.com,"""Pas le moindre doute"": Jean-Luc Mélenchon persuadé qu'il l'emporterait face au RN en 2027 en cas de second tour les opposant","Pendant que d'autres se divisent, Jean-Luc Mélenchon est déjà en campagne pour la course à l'Élysée. Il espère toujours rallier à lui les Écologistes et le Parti communiste.",https://images.bfmtv.com/n_6NbygSogbP9op0wKCrefQEEFE=/0x40:768x472/768x0/images/Le-leader-de-La-France-insoumise-Jean-Luc-Melenchon-lors-de-son-audition-devant-la-commission-d-enquete-parlementaire-sur-des-liens-supposes-entre-mouvements-politiques-et-reseaux-islamistes-le-6-decembre-2025-a-Paris-2196290.jpg,2026-07-05T11:52:20Z,http://web.archive.org/web/20260705125035/https://www.bfmtv.com/politique/la-france-insoumise/pas-le-moindre-doute-jean-luc-melenchon-persuade-qu-il-l-emporterait-face-au-rn-en-2027-en-cas-de-second-tour-les-opposant_AN-202607050252.html,"Pendant que d'autres se divisent, Jean-Luc Mélenchon est déjà en campagne pour la course à l'Élysée. Il espère toujours rallier à lui les Écologistes et le Parti communiste.
Jean-Luc Mélenchon l'ass… [+2086 chars]",,fr,'Jean-Luc Mélenchon'
https://www.nouvelobs.com/culture/20260705.OBS116424/le-fonds-albert-camus-compose-de-centaines-de-documents-entre-dans-les-collections-nationales.html,https://www.nouvelobs.com/culture/20260705.OBS116424/le-fonds-albert-camus-compose-de-centaines-de-documents-entre-dans-les-collections-nationales.html,0,www.nouvelobs.com,"Le fonds Albert Camus, composé de centaines de documents, entre dans les collections nationales","« Cette acquisition, pour le montant de 9 millions d’euros, représente l’une des plus importantes dans le domaine littéraire », a déclaré la ministre de la Culture, Catherine Pégard, lors d’une conférence de presse.",https://focus.nouvelobs.com/2026/07/02/0/1/5658/3772/1200/800/0/0/ba78c35_ftp-1-cwen7e1y8cey-afp-b8za74r.jpg,2026-07-05T12:22:39Z,http://web.archive.org/web/20260710045014/https://www.nouvelobs.com/culture/20260705.OBS116424/le-fonds-albert-camus-compose-de-centaines-de-documents-entre-dans-les-collections-nationales.html,"Guillaume Fau, le curateur et directeur du département des manuscrits à la BnF, devant un des journaux personnels dAlbert Camus.  SIMON WOHLFAHRT / AFP
La Bibliothèque nationale de France (BNF) a dé… [+1700 chars]",,fr,'Catherine Pégard'
https://www.huffingtonpost.fr/international/article/en-quoi-cette-visite-d-emmanuel-macron-en-syrie-est-historique_283769.html,https://www.huffingtonpost.fr/international/article/en-quoi-cette-visite-d-emmanuel-macron-en-syrie-est-historique_283769.html,0,www.huffingtonpost.fr,En quoi cette visite d’Emmanuel Macron en Syrie est historique,Le président français va bientôt se rendre dans le pays dirigé par Ahmad al-Chareh depuis un an et demi.,https://focus.huffingtonpost.fr/2026/07/05/176/0/3594/2021/1820/1023/75/0/25e2144_upload-1-ou3mbfpmdyg6-afp-20260702-b8zq86w-v3-highres-francepoliticsgovernmentdrug.jpg,2026-07-05T12:39:43Z,,À voir aussi sur Le HuffPost La lecture de ce contenu est susceptible dentraîner un dépôt de cookies de la part de lopérateur tiers qui lhéberge. Compte-tenu des choix que vous avez exprimés en matiè… [+1975 chars],,fr,'Volodymyr Zelensky'
https://www.huffingtonpost.fr/international/article/iran-il-y-avait-bien-des-enfants-d-ali-khamenei-aux-obseques-du-guide-supreme-mais-pas-son-successeur_283934.html,https://www.huffingtonpost.fr/international/article/iran-il-y-avait-bien-des-enfants-d-ali-khamenei-aux-obseques-du-guide-supreme-mais-pas-son-successeur_283934.html,0,www.huffingtonpost.fr,"Iran : il y avait bien des enfants d’Ali Khamenei aux obsèques du guide suprême, mais pas son successeur","Mojtaba, qui a succédé à son père après sa mort, reste toujours invisible en public dans son pays.",https://focus.huffingtonpost.fr/2026/07/05/133/0/2550/1434/1820/1023/75/0/06ba8a1_upload-1-hohrhxkxj0sl-afp-20260705-b9ar4mn-v1-highres-iranusisraelwarfuneral.jpg,2026-07-05T15:31:33Z,,La deuxième journée des obsèques nationales de layatollah Ali Khamenei avait lieu ce dimanche 5 juillet à Téhéran. Si la plupart des hauts responsables iraniens étaient réunis pour la grande prière o… [+2695 chars],,fr,'Ali Khamenei'
https://www.20minutes.fr/monde/ukraine/4232917-20260705-guerre-ukraine-tout-monde-appelle-donald-trump-russie-chine-montrent-muscles,https://www.20minutes.fr/monde/ukraine/4232917-20260705-guerre-ukraine-tout-monde-appelle-donald-trump-russie-chine-montrent-muscles,0,www.20minutes.fr,Guerre en Ukraine : Tout le monde appelle Donald Trump et la Russie et la Chine montrent leurs muscles,"« 20 Minutes » fait le point pour vous tous les soirs sur le conflit en Ukraine. Ce dimanche 5 juillet, Kiev a infirmé la prise de la ville de Kostyantynivka par la Russie. Donald Trump s’est entretenu avec ses homologues russe et ukrainien",https://img.20mn.fr/bsF81JS9RWqMFX7oeSYYDSk/1444x920_le-president-americain-donald-j-trump-parle-au-telephone-alors-qu-il-rentre-a-la-maison-blanche-a-washington-dc-le-lundi-25-mai-2025-credit-aaron-schwartz-pool-sipa-usa-70521370-as-2605252018,2026-07-05T16:32:36Z,http://web.archive.org/web/20260705211358/https://www.20minutes.fr/monde/ukraine/4232917-20260705-guerre-ukraine-tout-monde-appelle-donald-trump-russie-chine-montrent-muscles,"Vous avez raté les derniers événements sur la guerre en Ukraine ? 20 Minutes fait le point pour vous tous les soirs. Voici lessentiel de ce samedi 4 juillet 2026, au 1.591e jour du conflit.
Le fait … [+2837 chars]",,fr,'Donald Trump'
https://www.franceinfo.fr/politique/edouard-philippe/reportage-je-vais-me-battre-encore-et-encore-edouard-philippe-fixe-le-cap-de-sa-campagne-presidentielle-lors-de-son-premier-meeting-a-paris_8092415.html,https://www.franceinfo.fr/politique/edouard-philippe/reportage-je-vais-me-battre-encore-et-encore-edouard-philippe-fixe-le-cap-de-sa-campagne-presidentielle-lors-de-son-premier-meeting-a-paris_8092415.html,0,www.franceinfo.fr,"""Je vais me battre encore et encore"" : Edouard Philippe fixe le cap de sa campagne présidentielle lors de son premier meeting à Paris","Le favori du bloc central pour la présidentielle 2027, qui a réuni plus de 5 000 personnes dimanche, est au défi de conserver, voire accentuer, l'avance qu'il a dans les sondages face à ses concurrents Gabriel Attal et Bruno Retailleau.",https://www.franceinfo.fr/pictures/pEoac6tXzFB8Egqtwfklh-36hSs/0x0:1024x576/1500x843/2026/07/05/6a4a77a21a66f908005568.jpg,2026-07-05T17:00:57Z,,"""On est ici pour montrer qu'il est soutenu. On espère qu'il va créer une union avec Gabriel Attal et Bruno Retailleau pour créer une vraie force contre les extrêmes"", lâche Andréa Lambert, 28 ans. Co… [+7127 chars]",,fr,'Edouard Philippe'
https://www.20minutes.fr/politique/4232899-20260705-presidentielle-2027-vais-battre-paris-edouard-philippe-recherche-second-souffle-face-attal,https://www.20minutes.fr/politique/4232899-20260705-presidentielle-2027-vais-battre-paris-edouard-philippe-recherche-second-souffle-face-attal,0,www.20minutes.fr,"Présidentielle 2027 : « Je vais me battre »… A Paris, Edouard Philippe à la recherche du second souffle (face à Attal)","Concurrencé par Gabriel Attal au centre, le candidat Horizons tenait son premier grand meeting de campagne dimanche après-midi à l’Adidas Arena de Paris",https://img.20mn.fr/KhGkX0uoSM6y73hugMC0nik/1444x920_5-juillet-2026-paris-france-le-president-du-parti-de-droite-francais-horizons-ancien-premier-ministre-et-candidat-a-la-presidentielle-pour-2027-edouard-philippe-lors-de-son-rassemblement-de-campagne-a-l-adidas-arena-le-05-juillet-2026-a-paris-en-france-image-de-credit-matthieu-mirville-zuma-press-wire-20260705-zsp-m308-022-zeus-2607051830,2026-07-05T18:00:03Z,,"A lAdidas Arena de Paris,
On laurait presque oublié, mais Edouard Philippe est candidat à la présidentielle depuis presque deux ans déjà. Lancé très tôt dans la course à lElysée, dès septembre 2024,… [+4533 chars]",,fr,'Gabriel Attal'
https://www.huffingtonpost.fr/politique/article/raphael-glucksmann-n-a-pas-apprecie-que-marine-tondelier-mentionne-son-fils-pour-le-critiquer_284033.html,https://www.huffingtonpost.fr/politique/article/raphael-glucksmann-n-a-pas-apprecie-que-marine-tondelier-mentionne-son-fils-pour-le-critiquer_284033.html,0,www.huffingtonpost.fr,Raphaël Glucksmann n’a pas apprécié que Marine Tondelier mentionne son fils pour le critiquer,Nouvelle illustration ce week-end des tensions au sein de la gauche en vue de l’élection présidentielle de 2027.,https://focus.huffingtonpost.fr/2026/07/05/0/0/8256/4644/1820/1023/75/0/4451e47_upload-1-qpykkhbgj9kl-afp-20250927-76yb76g-v1-highres-francepoliticspartiesleft.jpg,2026-07-05T19:22:56Z,,"Lambiance est toujours loin dêtre au beau fixe à gauche, à lapproche de la présidentielle. Nouvelle illustration ce dimanche 5 juillet avec cette passe darmes entre Marine Tondelier et Raphaël Glucks… [+2313 chars]",,fr,'Jean-Luc Mélenchon'
https://www.bfmtv.com/international/moyen-orient/iran/guerre-en-iran-la-procession-funebre-du-guide-supreme-ali-khamenei-en-cours-a-teheran-suivie-par-une-foule-immense_AD-202607060231.html,https://www.bfmtv.com/international/moyen-orient/iran/guerre-en-iran-la-procession-funebre-du-guide-supreme-ali-khamenei-en-cours-a-teheran-suivie-par-une-foule-immense_AD-202607060231.html,0,www.bfmtv.com,Guerre en Iran: la procession funèbre du guide suprême Ali Khamenei en cours à Téhéran suivie par une foule immense,"Le cortège funèbre de l'ayatollah Ali Khamenei, le guide suprême iranien tué au début de la guerre contre les États-Unis et Israël est suivi ce lundi par une foule immense, selon la télévision d'État Irib.",https://images.bfmtv.com/NuH0-DAPfKBcGOHcNBgSB488Zck=/0x106:2048x1258/2048x0/images/Le-cortege-funebre-d-Ali-Khamenei-le-6-juillet-2026-2315635.jpg,2026-07-06T06:34:41Z,,"Le cortège funèbre de l'ayatollah Ali Khamenei, le guide suprême iranien tué au début de la guerre contre les États-Unis et Israël est suivi ce lundi par une foule immense, selon la télévision d'État… [+2348 chars]",,fr,'Ali Khamenei'
https://www.sofoot.com/breves/mondial-2026-quand-harry-kane-perd-sa-voix-apres-la-victoire-folle-de-langleterre-contre-le-mexique,https://www.sofoot.com/breves/mondial-2026-quand-harry-kane-perd-sa-voix-apres-la-victoire-folle-de-langleterre-contre-le-mexique,0,www.sofoot.com,Mondial 2026 : Quand Harry Kane perd sa voix après la victoire folle de l’Angleterre contre le Mexique,Le Mexique s’est donc fait crucifier par Mickey Mouse. Buteur décisif sur penalty pour permettre à…,https://sofoot.s3.eu-central-1.amazonaws.com/wp-content/uploads/2026/07/06090358/14238663-1400x933.jpg,2026-07-06T07:16:41Z,http://web.archive.org/web/20260706161901/https://www.sofoot.com/breves/mondial-2026-quand-harry-kane-perd-sa-voix-apres-la-victoire-folle-de-langleterre-contre-le-mexique,"Le Mexique sest donc fait crucifier par Mickey Mouse. Buteur décisif sur penalty pour permettre à lAngleterre de sortir vivante du piège de lAzteca, Harry Kane sest présenté quelque peu émoussé en in… [+998 chars]",,fr,'Quand Harry'
https://atlantico.fr/article/decryptage/edouard-philippe-lascension-par-la-face-lisse-anita-hausser,https://atlantico.fr/article/decryptage/edouard-philippe-lascension-par-la-face-lisse-anita-hausser,0,atlantico.fr,"Edouard Philippe, l’ascension par la face lisse","Edouard Philippe a tenu son premier grand meeting de campagne ce dimanche devant quelque cinq mille personnes réunies à l’Adidas Arena à Paris. Parmi elles, les personnalités ralliées à récemment à sa candidature, - des ministres proches de Gérald Darmanin, m…",https://atlantico.codexcdn.net/assets/asSBYb3Mnzu4lAKce.jpg?width=1600&height=900&quality=75,2026-07-06T08:11:00Z,http://web.archive.org/web/20260706215441/https://atlantico.fr/article/decryptage/edouard-philippe-lascension-par-la-face-lisse-anita-hausser,"Edouard Philippe a tenu son premier grand meeting de campagne ce dimanche devant quelque cinq mille personnes réunies à lAdidas Arena à Paris. Parmi elles, les personnalités ralliées à récemment à sa… [+591 chars]",,fr,'Gabriel Attal'
https://www.mediapart.fr/journal/international/060726/les-funerailles-en-rouge-et-noir-d-ali-khamenei,https://www.mediapart.fr/journal/international/060726/les-funerailles-en-rouge-et-noir-d-ali-khamenei,0,www.mediapart.fr,Les funérailles en rouge et noir d’Ali Khamenei,"Sur les drapeaux, la couleur du deuil et celle de la vengeance : Téhéran s’emploie à transformer les obsèques de l’ancien Guide suprême en acte politique. Mais lundi, au troisième des six jours de funérailles, son fils et successeur, Mojtaba Khamenei, ne s’y …",https://static.mediapart.fr/etmagine/og/journal/files/2026/07/06/260706-img-funerailles-khamenei.jpg,2026-07-06T09:37:07Z,http://web.archive.org/web/20260706124057/https://www.mediapart.fr/journal/international/060726/les-funerailles-en-rouge-et-noir-d-ali-khamenei,"Les cookies et technologies similaires que nous utilisons sur Mediapart sont de différentes natures et nous permettent de poursuivre différentes finalités. 
Certains sont nécessaires au fonctionneme… [+3291 chars]",,fr,'Mojtaba Khamenei'
https://www.dhnet.be/actu/monde/2026/07/06/laisse-mes-fils-en-dehors-ca-clash-entre-raphael-glucksmann-et-marine-tondelier-AD4SMGGIBRCZVCQAXMRDJDBJTA/,https://www.dhnet.be/actu/monde/2026/07/06/laisse-mes-fils-en-dehors-ca-clash-entre-raphael-glucksmann-et-marine-tondelier-AD4SMGGIBRCZVCQAXMRDJDBJTA/,0,www.dhnet.be,”Laisse mes fils en dehors ça” : clash entre Raphaël Glucksmann et Marine Tondelier,Plusieurs candidats de gauche essayent de se frayer un chemin dans le premier tour de l’élection présidentielle. ...,https://www.dhnet.be/resizer/v2/ODRI6FKGONBV3PC5APXWW2OGJQ.jpg?auth=62e848565dda227db8e03981da2647676f0f39e88725a799cb95489e31bce085&width=1200&height=630&quality=85&focal=4096%2C2731,2026-07-06T10:07:49Z,http://web.archive.org/web/20260706120240/https://www.dhnet.be/actu/monde/2026/07/06/laisse-mes-fils-en-dehors-ca-clash-entre-raphael-glucksmann-et-marine-tondelier-AD4SMGGIBRCZVCQAXMRDJDBJTA/,"Dernièrement, Glucksmann avait déclaré que son parti ne ferait pas alliance avec la France Insoumise. Intervenant au Festival des idées de La Charité-sur-Loire dans la Nièvre, la secrétaire nationale… [+1424 chars]",,fr,'Marine Tondelier'
https://www.huffingtonpost.fr/international/article/a-la-veille-d-un-sommet-de-l-otan-la-russie-lance-des-attaques-meurtrieres-sur-kiev_284330.html,https://www.huffingtonpost.fr/international/article/a-la-veille-d-un-sommet-de-l-otan-la-russie-lance-des-attaques-meurtrieres-sur-kiev_284330.html,0,www.huffingtonpost.fr,"La Russie lance des attaques meurtrières sur Kiev, à la veille d’un sommet de l’Otan","Ces attaques interviennent alors que Volodymyr Zelensky doit rencontrer Donald Trump ce mardi, lors d’un sommet de l’Otan à Ankara.",https://focus.huffingtonpost.fr/2026/07/06/62/0/1200/675/1820/1023/75/0/fcde045_upload-1-vhxfe7dk1sjd-afp-20260706-b9ca47f-v1-midres-ukrainerussiaconflictwar.jpg,2026-07-06T10:09:48Z,,À voir aussi sur Le HuffPost La lecture de ce contenu est susceptible dentraîner un dépôt de cookies de la part de lopérateur tiers qui lhéberge. Compte-tenu des choix que vous avez exprimés en matiè… [+3493 chars],,fr,'Donald Trump'
https://www.lalibre.be/international/europe/elections-france/2026/07/06/clash-entre-raphael-glucksmann-et-marine-tondelier-laisse-mes-fils-en-dehors-de-tout-ca-VA6OYMKNLJCQZG2IBOBZZ56T5E/,https://www.lalibre.be/international/europe/elections-france/2026/07/06/clash-entre-raphael-glucksmann-et-marine-tondelier-laisse-mes-fils-en-dehors-de-tout-ca-VA6OYMKNLJCQZG2IBOBZZ56T5E/,0,www.lalibre.be,"Clash entre Raphaël Glucksmann et Marine Tondelier: ""Laisse mes fils en dehors de tout ça""","À gauche, Marine Tondelier et Raphaël Glucksmann affichent leurs désaccords sur les alliances à envisager avant 2027. ...",https://www.lalibre.be/resizer/v2/ARVMPTUJNJCZJMWQIFKU7NSENE.jpg?auth=480ac8ec59af06edfa22e3f014f3c35892f477888e663e4a2d9d06e13802cf6b&width=1200&height=630&quality=85&focal=3764%2C2509,2026-07-06T10:14:27Z,http://web.archive.org/web/20260706164923/https://www.lalibre.be/international/europe/elections-france/2026/07/06/clash-entre-raphael-glucksmann-et-marine-tondelier-laisse-mes-fils-en-dehors-de-tout-ca-VA6OYMKNLJCQZG2IBOBZZ56T5E/,"Dernièrement, Glucksmann avait déclaré que son parti ne ferait pas alliance avec la France Insoumise. Intervenant au Festival des idées de La Charité-sur-Loire dans la Nièvre, la secrétaire nationale… [+1499 chars]",,fr,'Marine Tondelier'
https://www.franceinfo.fr/monde/iran/reportage-cette-procession-va-briser-le-record-du-monde-d-affluence-a-teheran-des-millions-de-fideles-du-regime-defilent-pour-rendre-hommage-a-khamenei_8095739.html,https://www.franceinfo.fr/monde/iran/reportage-cette-procession-va-briser-le-record-du-monde-d-affluence-a-teheran-des-millions-de-fideles-du-regime-defilent-pour-rendre-hommage-a-khamenei_8095739.html,0,www.franceinfo.fr,"""Cette procession va briser le record du monde d'affluence"" : à Téhéran, des millions de fidèles du régime défilent pour rendre hommage à Khamenei","Quatre mois après la mort de l'ayatollah Ali Khamenei, ses funérailles rassemblent des millions de personnes à Téhéran. Des adeptes du pouvoir venus rendre hommage à l'ayatollah tué par une frappe américaine, et dire leur soutien à son son fils et successeur,…",https://www.franceinfo.fr/pictures/j7n00XNZ-rr7Y1DdmOO5GjhFp1U/0x0:4835x2719/1500x843/2026/07/06/6a4b5a13c65dc203241016.jpg,2026-07-06T11:22:14Z,,"Le recueillement continue devant le cercueil de l'ayatollah Ali Khamenei. Au troisième jour des cérémonies, lundi 6 juillet, organisées à Téhéran en Iran, dignitaires et anonymes se réunissent pour r… [+4690 chars]",,fr,'Ali Khamenei'
https://lessurligneurs.eu/presidentielle-2027-les-scenarios-qui-peuvent-encore-sauver-la-candidature-de-marine-le-pen/,https://lessurligneurs.eu/presidentielle-2027-les-scenarios-qui-peuvent-encore-sauver-la-candidature-de-marine-le-pen/,0,lessurligneurs.eu,Présidentielle 2027 : les scénarios qui peuvent encore sauver la candidature de Marine Le Pen,"La candidature de Marine Le Pen à l’élection présidentielle de 2027 est suspendue à la décision de la cour d’appel du 7 juillet prochain. À quelques jours du prononcé, Les Surligneurs passent en revue les options qui lui permettraient d’être candidate à la fo…",https://lessurligneurs.eu/new_website/wp-content/uploads/afp-20260318-a3u73px-v1-midres-franceelectionmunicipal2026.jpg,2026-07-06T11:34:48Z,http://web.archive.org/web/20260704021848/https://lessurligneurs.eu/presidentielle-2027-les-scenarios-qui-peuvent-encore-sauver-la-candidature-de-marine-le-pen/,"La candidature de Marine Le Pen à lélection présidentielle de 2027 est suspendue à la décision de la cour dappel du 7 juillet prochain. À quelques jours du prononcé, Les Surligneurs passent en revue … [+11461 chars]",,fr,'Éric Ciotti'
https://www.huffingtonpost.fr/politique/article/tondelier-gagne-un-nouveau-vote-interne-mais-qui-ne-regle-pas-grand-chose-au-bourbier-des-ecolos_284334.html,https://www.huffingtonpost.fr/politique/article/tondelier-gagne-un-nouveau-vote-interne-mais-qui-ne-regle-pas-grand-chose-au-bourbier-des-ecolos_284334.html,0,www.huffingtonpost.fr,"Tondelier gagne un nouveau vote interne, mais qui ne règle pas grand-chose au bourbier des écolos","Malgré ce succès stratégique, la campagne de Marine Tondelier est toujours suspendue aux décisions du Parti socialiste et reste affaiblie par les divisions internes.",https://focus.huffingtonpost.fr/2026/06/26/505/0/8192/4608/1820/1023/75/0/3d84285_upload-1-25ryqbszfxny-afp-20260611-b6ra43h-v1-highres-francepoliticsvotesecuritycybercrime.jpg,2026-07-06T12:21:04Z,,"EN BREFMarine Tondelier remporte un vote interne des écologistes, renforçant lidée dune candidature autonome pour 2027 si la primaire avec le PS échoue.Le Parti socialiste doit encore voter sur son p… [+4529 chars]",,fr,'Marine Tondelier'
https://www.nouvelobs.com/sport/20260706.OBS116445/la-maison-blanche-joue-les-arbitres-neymar-a-la-retraite-le-bulletin-de-la-coupe-du-monde-de-trump.html,https://www.nouvelobs.com/sport/20260706.OBS116445/la-maison-blanche-joue-les-arbitres-neymar-a-la-retraite-le-bulletin-de-la-coupe-du-monde-de-trump.html,0,www.nouvelobs.com,"La Maison-Blanche joue les arbitres, Neymar à la retraite : le bulletin de la Coupe du Monde de Trump","Entre un coup de fil de Donald Trump qui fait plier la Fifa, les adieux en larmes de Neymar face aux Vikings norvégiens et un match d’anthologie dans la fournaise de Mexico, ce dimanche 5 juillet a parfois fait basculer le Mondial dans le surréalisme. Chaque …",https://focus.nouvelobs.com/2026/07/05/1616/1551/5669/3779/1200/800/0/0/04c7dbf_ftp-1-52m3frx6w3pl-afp-b9by8hf.jpg,2026-07-06T13:04:01Z,,"Neymar Jr a mis un terme à sa carrière internationale face au Mexique, après avoir inscrit son 80 but en sélection. JEWEL SAMAD/AFP
On pensait avoir tout vu dans cette 23e édition du Mondial, mais l… [+6613 chars]",,fr,'Donald Trump'
https://www.actu-environnement.com/ae/news/planification-ecologique-circulaire-lecornu-prefets-48261.php4,https://www.actu-environnement.com/ae/news/planification-ecologique-circulaire-lecornu-prefets-48261.php4,0,www.actu-environnement.com,Territorialisation de la planification écologique : la circulaire de Sébastien Lecornu,"Accompagner les nouvelles équipes communales aux enjeux de planification écologique après les élections municipales de mars dernier, encadrer la mise en uvre des COP régionales et réaffirmer la démarche de territorialisation de la planification écol...",https://www.actu-environnement.com/images/illustrations/breve/48261_reseaux_sociaux.jpg,2026-07-06T14:04:55Z,,"Les cookies ""essentiels"" sont indispensables au bon fonctionnement du site.
Ils vous permettent d'accéder à toutes les rubriques, y compris celles nécessitant de s'identifier.
Ils donnent aussi des… [+281 chars]",,fr,'Sébastien Lecornu'
https://www.camer.be/93858/5:1/cameroun-jai-vraiment-besoin-de-dos-ngannou-repond-avec-humour-a-la-rumeur-sur-etoo-cameroon.html,https://www.camer.be/93858/5:1/cameroun-jai-vraiment-besoin-de-dos-ngannou-repond-avec-humour-a-la-rumeur-sur-etoo-cameroon.html,0,www.camer.be,:: « J'ai vraiment besoin de dos » : Ngannou répond avec humour à la rumeur sur Eto'o,"Alors qu&#039;une rumeur virale sur les réseaux sociaux prétendait que
Samuel Eto&#039;o serait redevable de 200 millions de FCFA envers Francis
Ngannou, le champion de M...",https://www.camer.be/storage/photos/24/F-nganou.jpg,2026-07-06T14:08:17Z,http://web.archive.org/web/20260706191928/https://www.camer.be/93858/5:1/cameroun-jai-vraiment-besoin-de-dos-ngannou-repond-avec-humour-a-la-rumeur-sur-etoo-cameroon.html,"Alors qu'une rumeur virale sur les réseaux sociaux prétendait que Samuel Eto'o serait redevable de 200 millions de FCFA envers Francis Ngannou, le champion de MMA a préféré répondre avec ironie, décl… [+5600 chars]",,fr,'Francis Ngannou'
https://www.courrierinternational.com/article/vu-d-iran-maree-humaine-a-teheran-en-hommage-a-ali-khamenei-le-monde-stupefie-par-l-amour-pour-le-guide_247141,https://www.courrierinternational.com/article/vu-d-iran-maree-humaine-a-teheran-en-hommage-a-ali-khamenei-le-monde-stupefie-par-l-amour-pour-le-guide_247141,0,www.courrierinternational.com,Marée humaine à Téhéran en hommage à Ali Khamenei : “Le monde stupéfié par l’amour pour le guide”,"Des centaines de milliers de personnes criant vengeance se sont rassemblées dans les rues de la capitale iranienne pour saluer le cortège funèbre du guide suprême, qui a commencé sa procession à travers les villes saintes chiites d’Iran et d’Irak.",https://focus.courrierinternational.com/2026/07/06/0/39/2256/1504/1200/630/60/0/1f9581f_ftp-1-idsf88mgu2q9-2026-07-06t063821z-943998114-rc268ma5xbi7-rtrmadp-3-iran-crisis-khamenei.JPG,2026-07-06T14:23:50Z,,"Les rues de Téhéran étaient noires de monde ce lundi pour saluer le cortège funèbre du guide suprême Ali Khamenei, tué le 28 février par des frappes menées par les États-Unis et Israël, au troisième … [+1061 chars]",,fr,'Ali Khamenei'
https://www.lexpress.fr/monde/proche-moyen-orient/iran-aux-funerailles-dali-khamenei-labsence-de-son-fils-et-successeur-mojtaba-pose-question-2MJJ6FONEJCMDI64RO7UMIEPKA/,https://www.lexpress.fr/monde/proche-moyen-orient/iran-aux-funerailles-dali-khamenei-labsence-de-son-fils-et-successeur-mojtaba-pose-question-2MJJ6FONEJCMDI64RO7UMIEPKA/,0,www.lexpress.fr,"Iran : aux funérailles d'Ali Khamenei, l'absence de son fils et successeur, Mojtaba, pose question","Le nouveau Guide suprême n'est pas réapparu en public depuis l'attaque dans laquelle a succombé son père, et dont il est lui-même ressorti blessé. De quoi laisser planer le doute sur sa capacité à réellement assurer le pouvoir.",https://www.lexpress.fr/resizer/v2/Q6ZFGQ57BNCYFDMGIHOCAWPK64.JPG?auth=6435d74a5f78c3e1c9b9330eebf6e36ba8737e57e83a38434ddec2f4546adbf5&width=1200&height=630&quality=85&focal=2769%2C1558,2026-07-06T14:32:04Z,,"C'est une absence scrutée de près. Tandis que les obsèques du Guide suprême iranien se poursuivent ce lundi 6 juillet à Téhéran, avec un cortège funéraire qui devrait rassembler des dizaines de milli… [+5345 chars]",,fr,'Mojtaba Khamenei'
https://www.ledauphine.com/politique/2026/07/06/l-assemblee-nationale-rejette-la-motion-de-censure-des-ecologistes-qui-denoncait-l-inaction-climatique,https://www.ledauphine.com/politique/2026/07/06/l-assemblee-nationale-rejette-la-motion-de-censure-des-ecologistes-qui-denoncait-l-inaction-climatique,0,www.ledauphine.com,"Politique. L'Assemblée nationale rejette la motion de censure des Ecologistes, qui dénonçait « l'inaction climatique »","132 députés ont voté la censure du gouvernement, après le dépôt d'une motion par le groupe des Ecologistes,qui dénonçait l'inaction climatique, après une première canicule meurtrière. 289 votes étaient requis pour faire tomber le gouvernement.",https://cdn-s-www.ledauphine.com/images/96FDF833-D381-4EC4-A51E-D154C79B98AA/FB1200/photo-1783349251.jpg,2026-07-06T14:48:00Z,http://web.archive.org/web/20260706182159/https://www.ledauphine.com/politique/2026/07/06/l-assemblee-nationale-rejette-la-motion-de-censure-des-ecologistes-qui-denoncait-l-inaction-climatique,"Sébastien Lecornu échappe (encore) à la censure. Le gouvernement reste en place après l'échec de la motion de censure des Ecologistes. Seulement 132 députés ont voté la censure, sur les 289 nécessair… [+4044 chars]",,fr,'Marine Tondelier'
https://www.courrierinternational.com/article/moyen-orient-au-yemen-les-houthistes-menacent-de-bloquer-le-detroit-de-bab-el-mandeb_247145,https://www.courrierinternational.com/article/moyen-orient-au-yemen-les-houthistes-menacent-de-bloquer-le-detroit-de-bab-el-mandeb_247145,0,www.courrierinternational.com,"Au Yémen, les Houthistes menacent de bloquer le détroit de Bab El-Mandeb","Tout est parti d’un avion qui s’est posé à Sanaa pour amener une délégation houthiste aux funérailles du Guide suprême iranien Ali Khamenei, samedi 4 juillet. Les Saoudiens auraient essayé d’intercepter cet avion, et depuis, les houthistes envoient message su…",https://focus.courrierinternational.com/2026/07/06/0/0/4993/3328/1200/630/60/0/cf62c1a_ftp-1-m1zunvutsvqu-afp-b9dd8nq.jpg,2026-07-06T15:33:19Z,,"Le groupe rebelle yéménite refait en effet parler de lui ces derniers jours. Samedi 4 juillet, ils ont lancé une offensive surprise contre larmée yéménite près de la ville portuaire de Hodeïdah, sur … [+1036 chars]",,fr,'Ali Khamenei'
https://www.courrierinternational.com/article/opinion-les-funerailles-d-ali-khamenei-un-spectacle-qui-revele-la-faiblesse-du-regime-iranien_246944,https://www.courrierinternational.com/article/opinion-les-funerailles-d-ali-khamenei-un-spectacle-qui-revele-la-faiblesse-du-regime-iranien_246944,0,www.courrierinternational.com,"Les funérailles d’Ali Khamenei, un “spectacle” qui révèle la faiblesse du régime iranien","En mettant en scène de vastes obsèques pour l’ancien guide suprême de la République islamique, érigé en martyr, le pouvoir iranien cherche à faire étalage de sa force et sa capacité à mobiliser les foules. Mais, en réalité, écrit une journaliste d’“Iran Inter…",https://focus.courrierinternational.com/2026/07/06/0/0/1828/1219/1200/630/60/0/6b740a4_ftp-1-cvdine0eqmau-2026-07-06t064456z-1721731474-rc268marm7ro-rtrmadp-3-iran-crisis-khamenei.JPG,2026-07-06T15:55:36Z,,Les funérailles dÉtat du guide suprême iranien Ali Khamenei ne sont pas simplement les obsèques dun dirigeant. Cest une volonté de restaurer limage écornée du pouvoir. Le dirigeant de la République i… [+1030 chars],,fr,'Ali Khamenei'
https://www.courrierinternational.com/article/politique-edouard-philippe-se-reve-candidat-utile-et-lance-une-attaque-cinglante-contre-le-rn_247146,https://www.courrierinternational.com/article/politique-edouard-philippe-se-reve-candidat-utile-et-lance-une-attaque-cinglante-contre-le-rn_247146,0,www.courrierinternational.com,Édouard Philippe se rêve “candidat utile” et lance une “attaque cinglante” contre le RN,"Le chef du parti Horizons a mené son premier meeting de campagne, dimanche 5 juillet. En “renvoyant dos à dos” le Rassemblement national et la France insoumise, Édouard Philippe s’est présenté comme seul candidat capable de les battre, observe la presse inter…",https://focus.courrierinternational.com/2026/07/05/0/0/5623/3748/1200/630/60/0/70ce8d2_ftp-1-mrrpcf7bb1pg-afp-b9b64at.jpg,2026-07-06T16:03:42Z,,"Ces jours-ci, les meetings présidentiels senchaînent plus vite que les canicules, constate le quotidien belge Le Soir. Dimanche 5 juillet, cétait au tour dÉdouard Philippe, ancien Premier ministre dE… [+1062 chars]",,fr,'Édouard Philippe'
https://www.huffingtonpost.fr/culture/article/l-odyssee-pourquoi-la-sortie-du-nouveau-film-de-christopher-nolan-suscite-tant-de-polemiques_282241.html,https://www.huffingtonpost.fr/culture/article/l-odyssee-pourquoi-la-sortie-du-nouveau-film-de-christopher-nolan-suscite-tant-de-polemiques_282241.html,0,www.huffingtonpost.fr,« L’Odyssée » : Pourquoi la sortie du nouveau film de Christopher Nolan suscite tant de polémiques ?,"Le long-métrage très attendu subit une vague de critiques depuis des mois. En cause : des choix de casting, de costumes, et d’accent.",https://focus.huffingtonpost.fr/2026/07/03/5/0/1522/856/1820/1023/75/0/73244ca_upload-1-n5w5vrgugnw9-odyssee.jpg,2026-07-06T16:17:06Z,,"EN BREFLe film « LOdyssée » de Christopher Nolan suscite des polémiques liées au casting, notamment autour du choix de lactrice noire Lupita Nyongo pour incarner Hélène de Troie.Des inexactitudes his… [+6686 chars]",,fr,'Christopher Nolan'
https://www.nouvelobs.com/politique/20260706.OBS116456/comment-la-motion-de-censure-sur-la-canicule-a-tourne-au-desaveu-pour-olivier-faure-le-chef-devenu-frondeur-du-ps.html,https://www.nouvelobs.com/politique/20260706.OBS116456/comment-la-motion-de-censure-sur-la-canicule-a-tourne-au-desaveu-pour-olivier-faure-le-chef-devenu-frondeur-du-ps.html,0,www.nouvelobs.com,"Comment la motion de censure sur la canicule a tourné au désaveu pour Olivier Faure, le chef devenu frondeur du PS","Le patron des socialistes n’a pas obtenu le soutien de ses députés pour voter avec le reste de la gauche la censure du Premier ministre. Il a toutefois maintenu son vote, s’attirant les foudres de ses opposants internes.",https://focus.nouvelobs.com/2026/07/06/0/0/5616/3744/1200/800/0/0/57c9e19_upload-1-v3qaztn4hy4z-080-hl-xbouzas-3220920.jpg,2026-07-06T17:05:34Z,http://web.archive.org/web/20260710175131/https://www.nouvelobs.com/politique/20260706.OBS116456/comment-la-motion-de-censure-sur-la-canicule-a-tourne-au-desaveu-pour-olivier-faure-le-chef-devenu-frondeur-du-ps.html,"Le patron du Parti socialiste, Olivier Faure, à lAssemblée nationale, à Paris, le 6 juillet 2026. XOSE BOUZAS / HANS LUCAS VIA AFP
Chaque jour qui passe apporte son lot de règlement de compte entre … [+5251 chars]",,fr,'Premier ministre'
https://www.sofoot.com/breves/mondial-2026-paraguay-france-emmanuel-macron-defend-kylian-mbappe-apres-les-attaques-racistes,https://www.sofoot.com/breves/mondial-2026-paraguay-france-emmanuel-macron-defend-kylian-mbappe-apres-les-attaques-racistes,0,www.sofoot.com,Mondial 2026 – Paraguay-France : Emmanuel Macron défend Kylian Mbappé après les attaques racistes,"Après les insultes racistes de la sénatrice paraguayenne Celeste Amarilla à l’encontre de Kylian Mbappé, l’affaire prend une…",https://sofoot.s3.eu-central-1.amazonaws.com/wp-content/uploads/2026/07/06233850/ICONSPORT_168009_1546-1400x933.jpg,2026-07-06T21:56:27Z,http://web.archive.org/web/20260707214323/https://www.sofoot.com/breves/mondial-2026-paraguay-france-emmanuel-macron-defend-kylian-mbappe-apres-les-attaques-racistes,"Après les insultes racistes de la sénatrice paraguayenne Celeste Amarilla à lencontre de Kylian Mbappé, laffaire prend une tournure (géo)politique. Ce lundi soir, lÉlysée a publié un communiqué dans … [+1010 chars]",,fr,'Gabriel Attal'
https://www.20minutes.fr/monde/etats-unis/4233244-20260707-etats-unis-avant-midterms-novembre-trump-mise-peur-grand-mechant-communisme,https://www.20minutes.fr/monde/etats-unis/4233244-20260707-etats-unis-avant-midterms-novembre-trump-mise-peur-grand-mechant-communisme,0,www.20minutes.fr,"Etats-Unis : Avant les midterms de novembre, Trump mise sur la peur du grand méchant communisme","A l’approche des midterms de novembre aux Etats-Unis, Donald Trump remet le communisme au cœur de sa campagne pour attaquer le Parti démocrate. Une stratégie politique déjà utilisée en 2024",https://img.20mn.fr/jMddIBlZSOSx_I5oiIdwwyk/1444x920_le-president-americain-donald-j-trump-prononce-un-discours-sur-les-comptes-trump-lors-d-un-dejeuner-du-rose-garden-club-a-la-maison-blanche-a-washington-dc-etats-unis-le-6-juillet-2026-les-comptes-trump-accordent-aux-enfants-americains-eligibles-nes-entre-2026-et-2028-000-dollars-pour-financer-des-ira-de-demarrage-credit-cnp-ad-media-admedia-adm-070626-trump-accounts248-credit-cnp-ad-media-sipa-2607070012,2026-07-06T22:48:32Z,http://web.archive.org/web/20260706231946/https://www.20minutes.fr/monde/etats-unis/4233244-20260707-etats-unis-avant-midterms-novembre-trump-mise-peur-grand-mechant-communisme,"A quatre mois des élections de mi-mandat américaines de novembre (les midterms), Donald Trump a replacé le communisme au cur de son discours de campagne. Lors dune intervention prononcée vendredi au … [+2656 chars]",,fr,'Donald Trump'
https://www.franceinfo.fr/politique/si-je-n-avais-pas-ete-la-est-ce-que-le-parti-socialiste-serait-encore-la-aujourd-hui-est-ce-qu-il-y-aurait-encore-des-congres-interroge-olivier-faure_8097359.html,https://www.franceinfo.fr/politique/si-je-n-avais-pas-ete-la-est-ce-que-le-parti-socialiste-serait-encore-la-aujourd-hui-est-ce-qu-il-y-aurait-encore-des-congres-interroge-olivier-faure_8097359.html,0,www.franceinfo.fr,"""Si je n'avais pas été là, est-ce que le Parti socialiste serait encore là aujourd'hui ? Est-ce qu'il y aurait encore des congrès ?"", interroge Olivier Faure","Le patron du PS a voté pour la censure du gouvernement avec vingt députés de son groupe lundi 6 juillet, alors que la majorité des élus socialistes ont voté contre. Un rejet de sa ligne, qui précède sa démission ? ""Je ne suis pas sûr que beaucoup l'exigent"", …",https://www.franceinfo.fr/pictures/Uc-QM7Co7lDlsy_IekoRbOCDIvw/0x19:1231x712/1500x843/2026/07/07/6a4ca8a2754f0490180064.jpg,2026-07-07T07:20:13Z,,"Le patron du PS a voté pour la censure du gouvernement avec vingt députés de son groupe lundi 6 juillet, alors que la majorité des élus socialistes ont voté contre. Un rejet de sa ligne, qui précède … [+7773 chars]",,fr,'Marine Tondelier'
https://basta.media/Presomption-de-legitime-defense-ou-permis-de-tuer-les-arguments-tres-contestables-des-initiateurs-de-la-loi,https://basta.media/Presomption-de-legitime-defense-ou-permis-de-tuer-les-arguments-tres-contestables-des-initiateurs-de-la-loi,0,basta.media,Présomption de légitime défense : les arguments très contestables des initiateurs de la loi,"Les députés débattent de la loi visant à instaurer une présomption de légitime défense. Ses partisans font valoir une supposée hausse des violences graves contre les forces de l'ordre et une « insécurité juridique » de celles-ci. Autant de faux arguments.

-
…",https://basta.media/local/cache-gd2/d9/094d9423b64c23ad9f6408e8e8c3a9.jpg,2026-07-07T08:00:00Z,http://web.archive.org/web/20260711211654/https://basta.media/Presomption-de-legitime-defense-ou-permis-de-tuer-les-arguments-tres-contestables-des-initiateurs-de-la-loi,"La proposition de loi visant à instaurer une « présomption de légitime défense » pour les forces de lordre a été adoptée ce 7 juillet avec le soutien du gouvernement, du RN (Marine Le Pen), dEnsemble… [+11246 chars]",,fr,'Marine Le Pen'
https://www.presse-citron.net/cest-acte-le-gouvernement-demande-a-des-millions-de-francais-de-retourner-en-teletravail-des-maintenant/,https://www.presse-citron.net/cest-acte-le-gouvernement-demande-a-des-millions-de-francais-de-retourner-en-teletravail-des-maintenant/,0,www.presse-citron.net,C’est acté : le gouvernement demande à des millions de Français de retourner en télétravail dès maintenant,Les autorités françaises ont publié une circulaire à ce sujet.,https://www.presse-citron.net/app/uploads/2024/09/pexels-olly-935743-1500x900.jpg,2026-07-07T08:49:33Z,http://web.archive.org/web/20260707132103/https://www.presse-citron.net/cest-acte-le-gouvernement-demande-a-des-millions-de-francais-de-retourner-en-teletravail-des-maintenant/,"Souvenez-vous, en mars 2020 des millions de salariés français sont soudainement passés en télétravail. Si certaines entreprises ont depuis opéré un retour en arrière, le travail à distance reste néan… [+2952 chars]",,fr,'David Amiel'
https://www.bfmtv.com/politique/parti-socialiste/si-je-n-avais-pas-ete-la-est-ce-que-le-parti-socialiste-serait-encore-la-aujourd-hui-olivier-faure-se-defend-apres-avoir-ete-minoritaire-sur-la-motion-de-censure_AN-202607070399.html,https://www.bfmtv.com/politique/parti-socialiste/si-je-n-avais-pas-ete-la-est-ce-que-le-parti-socialiste-serait-encore-la-aujourd-hui-olivier-faure-se-defend-apres-avoir-ete-minoritaire-sur-la-motion-de-censure_AN-202607070399.html,0,www.bfmtv.com,"""Si je n'avais pas été là, est-ce que le Parti Socialiste serait encore là aujourd'hui?"": Olivier Faure se défend après avoir été minoritaire sur la motion de censure","Le premier secrétaire du PS, qui a voté à rebours de la majorité des députés de son parti sur la motion de censure de ce lundi, jure ne pas être isolé. Face à ses détracteurs, il vante son action pour remettre sur pied le parti au poing et à la rose après le …",https://images.bfmtv.com/nL_UPZua8xOsnNOVS2i9yj5qF08=/0x212:2048x1364/2048x0/images/Le-secretaire-national-du-Parti-socialiste-Olivier-Faure-le-6-juillet-2026-a-l-Assemblee-nationale-2316348.jpg,2026-07-07T09:10:49Z,http://web.archive.org/web/20260708135634/https://www.bfmtv.com/politique/parti-socialiste/si-je-n-avais-pas-ete-la-est-ce-que-le-parti-socialiste-serait-encore-la-aujourd-hui-olivier-faure-se-defend-apres-avoir-ete-minoritaire-sur-la-motion-de-censure_AN-202607070399.html,"Le premier secrétaire du PS, qui a voté à rebours de la majorité des députés de son parti sur la motion de censure de ce lundi, jure ne pas être isolé. Face à ses détracteurs, il vante son action pou… [+2835 chars]",,fr,'Marine Tondelier'
https://www.huffingtonpost.fr/international/article/midterms-le-democrate-progressiste-graham-platner-accule-apres-une-accusation-de-viol_284928.html,https://www.huffingtonpost.fr/international/article/midterms-le-democrate-progressiste-graham-platner-accule-apres-une-accusation-de-viol_284928.html,0,www.huffingtonpost.fr,Midterms : le démocrate progressiste Graham Platner acculé après une accusation de viol,L’ostréiculteur est candidat pour le Sénat et l’un des espoirs des démocrates pour renverser la majorité républicaine. Une de ses ex-compagnes l’accuse désormais de viol.,https://focus.huffingtonpost.fr/2026/07/07/312/0/6000/3375/1820/1023/75/0/eb659b1_upload-1-4akblkq677j5-afp-20260610-2280200274-v1-highres-mainesenatecandidategrahamplatnerholdshispri.jpg,2026-07-07T10:39:51Z,,À voir aussi sur Le HuffPost La lecture de ce contenu est susceptible dentraîner un dépôt de cookies de la part de lopérateur tiers qui lhéberge. Compte-tenu des choix que vous avez exprimés en matiè… [+6112 chars],,fr,'Graham Platner'
https://www.20minutes.fr/monde/4233329-20260707-otan-contrats-armement-plus-50-milliards-dollars-convaincre-donald-trump,https://www.20minutes.fr/monde/4233329-20260707-otan-contrats-armement-plus-50-milliards-dollars-convaincre-donald-trump,0,www.20minutes.fr,Otan : Des contrats d’armement à plus de 50 milliards de dollars pour convaincre Donald Trump,"Selon Mark Rutte, les membres de l’Otan ont augmenté leurs dépenses militaires de près de 20 % en 2025",https://img.20mn.fr/MlzWVkdvTpG5671ryDHcBSk/1444x920_le-president-donald-trump-rencontre-le-secretaire-general-de-l-otan-mark-rutte-dans-le-bureau-ovale-de-la-maison-blanche-le-mercredi-24-juin-2026-a-washington-ap-photo-jacquelyn-martin-dcje370-26175763778529-2606250106,2026-07-07T12:03:38Z,,"LOtan veut convaincre Donald Trump de son implication. Le secrétaire général de lAlliance, Mark Rutte, a annoncé ce mardi plusieurs contrats darmement représentant plus de 50 milliards de dollars, au… [+1689 chars]",,fr,'Donald Trump'
https://www.franceinfo.fr/economie/budget/le-gouvernement-annonce-3-milliards-d-euros-d-economies-supplementaires_8097836.html,https://www.franceinfo.fr/economie/budget/le-gouvernement-annonce-3-milliards-d-euros-d-economies-supplementaires_8097836.html,0,www.franceinfo.fr,Le gouvernement annonce 3 milliards d'euros d'économies supplémentaires,"Le ministre des Comptes publics David Amiel a précisé que ce montant est ""en grande partie lié aux mesures d'aide qui se sont déployées depuis avril dernier"".",https://www.franceinfo.fr/pictures/WMyTV2x2y5kjr-QRZBytWbl3Qh8/0x53:1024x629/1500x843/2026/07/07/6a4cf2d9b2a18003067952.jpg,2026-07-07T12:38:20Z,http://web.archive.org/web/20260707160755/https://www.franceinfo.fr/economie/budget/le-gouvernement-annonce-3-milliards-d-euros-d-economies-supplementaires_8097836.html,"Le gouvernement a annoncé, mardi 7 juillet, 3 milliards d'euros supplémentaires d'économies pour l'Etat et la Sécurité sociale lors du comité d'alerte des finances publiques, a déclaré le ministre de… [+941 chars]",,fr,'David Amiel'
https://www.ledauphine.com/economie/2026/07/07/le-gouvernement-annonce-3-milliards-d-euros-d-economies-supplementaires-pour-l-etat-et-la-secu,https://www.ledauphine.com/economie/2026/07/07/le-gouvernement-annonce-3-milliards-d-euros-d-economies-supplementaires-pour-l-etat-et-la-secu,0,www.ledauphine.com,Economie. Le gouvernement annonce 3 milliards d'euros d'économies supplémentaires pour l'Etat et la Sécu,"Ce total porte à 9 milliards le montant total d'économies annoncées par le gouvernement pour cette année, ou 11 milliards en prenant en compte les 2 milliards de risques identifiés pour les collectivités locales.",https://cdn-s-www.ledauphine.com/images/77998275-7FA0-49BF-B42C-1B114D199890/FB1200/photo-1783429501.jpg,2026-07-07T13:07:00Z,http://web.archive.org/web/20260708025912/https://www.ledauphine.com/economie/2026/07/07/le-gouvernement-annonce-3-milliards-d-euros-d-economies-supplementaires-pour-l-etat-et-la-secu,"Le gouvernement français a annoncé mardi 3 milliards d'euros d'économies supplémentaires pour lEtat et la Sécurité sociale, qui s'ajoutent aux 6 milliards d'euros de coupes déjà présentées en avril, … [+3031 chars]",,fr,'David Amiel'
https://www.bfmtv.com/politique/front-national/grande-mansuetude-de-la-justice-delinquante-condamnee-reactions-unanimes-a-gauche-apres-la-condamnation-de-marine-le-pen_AV-202607070621.html,https://www.bfmtv.com/politique/front-national/grande-mansuetude-de-la-justice-delinquante-condamnee-reactions-unanimes-a-gauche-apres-la-condamnation-de-marine-le-pen_AV-202607070621.html,0,www.bfmtv.com,"""Grande mansuétude"" de la justice, ""délinquante condamnée""... Réactions unanimes à gauche après la condamnation de Marine Le Pen","Condamnée de façon plus légère qu'en première instance, la décision du tribunal de Paris sur le sort judiciaire de Marine Le Pen rendue ce mardi passe très mal dans les rangs des socialistes et des écologistes. La présidente des députés du Rassemblement natio…",https://images.bfmtv.com/DkzV3VA7VDGOCHlOIsayxxVjop0=/0x0:2048x1152/2048x0/images/Marine-Le-Pen-au-tribunal-de-Paris-le-7-juillet-2026-2316546.jpg,2026-07-07T13:55:25Z,http://web.archive.org/web/20260707232744/https://www.bfmtv.com/politique/front-national/grande-mansuetude-de-la-justice-delinquante-condamnee-reactions-unanimes-a-gauche-apres-la-condamnation-de-marine-le-pen_AV-202607070621.html,"Condamnée de façon plus légère qu'en première instance, la décision du tribunal de Paris sur le sort judiciaire de Marine Le Pen rendue ce mardi passe très mal dans les rangs des socialistes et des é… [+4110 chars]",,fr,'nan nan'
https://www.huffingtonpost.fr/international/article/pourquoi-la-depouille-du-guide-supreme-iranien-ali-khamenei-voyage-en-irak-pour-ses-funerailles_284993.html,https://www.huffingtonpost.fr/international/article/pourquoi-la-depouille-du-guide-supreme-iranien-ali-khamenei-voyage-en-irak-pour-ses-funerailles_284993.html,0,www.huffingtonpost.fr,Pourquoi la dépouille du guide suprême iranien Ali Khamenei voyage en Irak pour ses funérailles,"Les obsèques du guide suprême Ali Khamenei vont se poursuivre en Irak, où réside également une importante communauté chiite.",https://focus.huffingtonpost.fr/2026/03/20/0/0/7728/4347/1820/1023/75/0/6fba8f4_upload-1-bqmnjsapj4uz-afp-20260319-nikoubazl-funeralf260318-np36t-v1-highres-funeralforalilarijanisol.jpg,2026-07-07T14:04:52Z,,À voir aussi sur Le HuffPost La lecture de ce contenu est susceptible dentraîner un dépôt de cookies de la part de lopérateur tiers qui lhéberge. Compte-tenu des choix que vous avez exprimés en matiè… [+3274 chars],,fr,'Ali Khamenei'
https://www.franceinfo.fr/politique/front-national/affaire-des-assistants-fn-au-parlement-europeen/une-privilegiee-elle-est-face-a-ses-responsabilites-les-reactions-politiques-a-la-condamnation-de-marine-le-pen-en-appel_8097776.html,https://www.franceinfo.fr/politique/front-national/affaire-des-assistants-fn-au-parlement-europeen/une-privilegiee-elle-est-face-a-ses-responsabilites-les-reactions-politiques-a-la-condamnation-de-marine-le-pen-en-appel_8097776.html,0,www.franceinfo.fr,"""Une privilégiée"", ""elle est face à ses responsabilités""... Les réactions politiques à la condamnation de Marine Le Pen en appel","Plusieurs politiques, en grande majorité de gauche, ont commenté, mardi, la condamnation de la cheffe de file du Rassemblement national dans l'affaire des assistants parlementaires du Front national. Marine Le Pen doit annoncer dans la soirée si elle compte s…",https://www.franceinfo.fr/pictures/3nOf6xUw2D9pDEnDNrpBtroGyac/0x0:6204x3489/1500x843/2026/07/07/6a4ce71d5e6b4208732448.jpg,2026-07-07T14:24:43Z,http://web.archive.org/web/20260707223735/https://www.franceinfo.fr/politique/front-national/affaire-des-assistants-fn-au-parlement-europeen/une-privilegiee-elle-est-face-a-ses-responsabilites-les-reactions-politiques-a-la-condamnation-de-marine-le-pen-en-appel_8097776.html,"La décision a suscité un déluge de réactions politiques. Marine Le Pen, cheffe de file du Rassemblement national, a été reconnue coupable, mardi 7 juillet, dans l'affaire des assistants d'eurodéputés… [+5340 chars]",,fr,'Fabien Roussel'
https://www.franceinfo.fr/economie/le-gouvernement-francais-abaisse-la-prevision-de-croissance-de-la-france-pour-2026_8098076.html,https://www.franceinfo.fr/economie/le-gouvernement-francais-abaisse-la-prevision-de-croissance-de-la-france-pour-2026_8098076.html,0,www.franceinfo.fr,"Le gouvernement français abaisse la prévision de croissance de la France pour 2026, de 0,9% à 0,7%",Le ministre de l'Economie Roland Lescure l'a annoncé à l'ouverture d'un comité d'alerte sur les finances publiques.,https://www.franceinfo.fr/pictures/6nKXn966jk3TOVGd8UM-luQfKDI/0x53:1024x629/1500x843/2026/07/07/6a4d190cb89e9343786959.jpg,2026-07-07T15:21:04Z,,"Le gouvernement a annoncé baisser sa prévision de croissance pour 2026 à l'occasion d'un comité d'alerte des finances publiques réuni, mardi 7 juillet, sous la houlette du Premier ministre Sébastien … [+1603 chars]",,fr,'nan nan'
https://www.fark.com/comments/14122360/Sen-Chris-Murphy-D-CT-comes-up-with-an-old-idea,https://www.fark.com/comments/14122360/Sen-Chris-Murphy-D-CT-comes-up-with-an-old-idea,0,www.fark.com,Sen. Chris Murphy (D-CT) comes up with an old idea [Interesting],<table> <tr><td> </td><td> [link] [5 comments] </td></tr></table>,https://usrimg-full.fark.net/F/FN/fark_FN97HDYVGOJNU1bd3ofisw0raOA.jpg?AWSAccessKeyId=JO3ELGV4BGLFW7Y3EZXN&Expires=1783915200&Signature=yrodROmd7M0k%2BkYs621R6QyKYYU%3D,2026-07-07T15:56:12Z,,"Oh look, a rich person arguing that we shouldn't have to pay workers.Yes, cut SNAP and eliminate the minimum wage, that should get those lazy peasants to work for almost nothing.
I tell you what insâ€¦ [+180 chars]",,fr,'Chris Murphy'
https://www.ledauphine.com/politique/2026/07/07/delinquante-un-symbole-les-reactions-apres-la-condamnation-de-marine-le-pen-en-appel,https://www.ledauphine.com/politique/2026/07/07/delinquante-un-symbole-les-reactions-apres-la-condamnation-de-marine-le-pen-en-appel,0,www.ledauphine.com,"Politique. « Délinquante », « un symbole »... les réactions après la condamnation de Marine Le Pen en appel","Bien qu’éligible à la prochaine présidentielle, la condamnation de Marine Le Pen en appel ce mardi a suscité de nombreuses réactions de responsables politiques, notamment de gauche.",https://cdn-s-www.ledauphine.com/images/4E637842-27C6-4335-9E93-D895673ED60D/FB1200/photo-1783440643.jpg,2026-07-07T16:15:00Z,http://web.archive.org/web/20260708023050/https://www.ledauphine.com/politique/2026/07/07/delinquante-un-symbole-les-reactions-apres-la-condamnation-de-marine-le-pen-en-appel,"Rapidement après que Marine Le Pen a été condamnée en appel ce mardi pour détournement de fonds publics dans l'affaire des assistants parlementaires européens du Rassemblement national (RN), tout en … [+3718 chars]",,fr,'Marine Tondelier'
https://www.20minutes.fr/arts-stars/people/4233414-20260707-pizzaexpress-revele-avoir-mene-enquete-interne-propos-ex-prince-andrew,https://www.20minutes.fr/arts-stars/people/4233414-20260707-pizzaexpress-revele-avoir-mene-enquete-interne-propos-ex-prince-andrew,0,www.20minutes.fr,PizzaExpress révèle avoir mené une enquête interne sur les propos de l’ex-prince Andrew,Le frère du roi Charles III avait affirmé se trouver dans un restaurant de cette chaîne de pizzerias le soir où Virginia Giuffre l’a accusé de l’avoir violée,https://img.20mn.fr/wbwkBBfJTWuU8qVotOozsyk/1444x920_des-membres-de-la-famille-royale-britannique-assistent-au-service-des-matines-de-paques-a-la-chapelle-saint-georges-du-chateau-de-windsor-a-windsor-avec-la-participation-de-prince-andrew-duc-d-york-ou-windsor-royaume-uni-quand-20-avril-2025-credit-cover-images,2026-07-07T16:17:50Z,,"Incroyable mais vrai : PizzaExpress a mené une enquête interne après des propos tenus dAndrew Mountbatten-Windsor lors dune interview en 2019. Pour démentir avoir violé Virginia Giuffre, le prince dé… [+1937 chars]",,fr,'laffaire Epstein'
https://www.nouvelobs.com/justice/20260707.OBS116485/une-voleuse-une-delinquante-la-gauche-etrille-marine-le-pen-apres-sa-condamnation-pour-detournement-de-fonds-publics.html,https://www.nouvelobs.com/justice/20260707.OBS116485/une-voleuse-une-delinquante-la-gauche-etrille-marine-le-pen-apres-sa-condamnation-pour-detournement-de-fonds-publics.html,0,www.nouvelobs.com,"« Une voleuse, une délinquante » : la gauche étrille Marine Le Pen après sa condamnation pour détournement de fonds publics","Des socialistes aux insoumis en passant par les écologistes, tous ont réagi ce mardi à la condamnation de Marine Le Pen dans l’affaire des assistants parlementaires européens.",https://focus.nouvelobs.com/2026/07/07/0/0/7090/4727/1200/800/0/0/e4c4289_upload-1-wbjnpq9p9ycz-sipa-01280607-000031.jpg,2026-07-07T17:10:18Z,http://web.archive.org/web/20260707171811/https://www.nouvelobs.com/justice/20260707.OBS116485/une-voleuse-une-delinquante-la-gauche-etrille-marine-le-pen-apres-sa-condamnation-pour-detournement-de-fonds-publics.html,"La députée dextrême droite Marine Le Pen au tribunal de Paris, le 7 juillet 2026. JEANNE ACCORSINI/SIPA
Les dirigeants de gauche nont pas retenu leurs coups ce mardi 7 juillet contre Marine Le Pen, … [+5143 chars]",,fr,'Fabien Roussel'
https://www.20minutes.fr/monde/ukraine/4233393-20260707-guerre-ukraine-trump-optimiste-retour-dossier-rebondissement-improbable-affaire-monaco,https://www.20minutes.fr/monde/ukraine/4233393-20260707-guerre-ukraine-trump-optimiste-retour-dossier-rebondissement-improbable-affaire-monaco,0,www.20minutes.fr,"Guerre en Ukraine : Un Trump optimiste de retour dans le dossier, un rebondissement improbable dans l’affaire de Monaco","« 20 Minutes » fait le point pour vous tous les soirs sur le conflit en Ukraine. Ce mardi 7 juillet, Volodymyr Zelensky a plaidé pour l’intégration de l’Ukraine dans l’Otan et Donald Trump s’est montré optimiste sur la fin du conflit",https://img.20mn.fr/f_2KHRHFT9CLSiOWM5qQFCk/1444x920_le-president-americain-donald-trump-arrive-a-la-base-aerienne-d-etimesgut-pres-d-ankara-le-7-juillet-2026-pour-participer-au-36e-sommet-des-chefs-d-etat-et-de-gouvernement-de-l-otan-photo-d-abdullah-gul-pool-afp,2026-07-07T17:27:12Z,,"Vous avez raté les derniers événements sur la guerre en Ukraine ? 20 Minutes fait le point pour vous tous les soirs. Voici lessentiel de ce mardi 7 juillet 2026, au 1.594e jour du conflit.
Le fait d… [+2573 chars]",,fr,'Volodymyr Zelensky'
https://www.ledauphine.com/politique/2026/07/07/je-suis-candidate-pourquoi-marine-le-pen-se-lance-dans-la-course-malgre-sa-condamnation,https://www.ledauphine.com/politique/2026/07/07/je-suis-candidate-pourquoi-marine-le-pen-se-lance-dans-la-course-malgre-sa-condamnation,0,www.ledauphine.com,Présidentielle 2027. « Je suis candidate » : pourquoi Marine Le Pen se lance dans la course malgré sa condamnation,"Condamnée mais éligible, Marine Le Pen sera la candidate du Rassemblement national à la présidentielle. Se disant toujours innocente, elle va se pourvoir en cassation car elle conteste sa condamnation en appel à un an de prison ferme sous bracelet électroniqu…",https://cdn-s-www.ledauphine.com/images/4DDCE304-0316-42A2-824D-4AB785C4F3F0/FB1200/photo-1783451676.jpg,2026-07-07T19:18:00Z,http://web.archive.org/web/20260707232147/https://www.ledauphine.com/politique/2026/07/07/je-suis-candidate-pourquoi-marine-le-pen-se-lance-dans-la-course-malgre-sa-condamnation,"Condamnée pour détournement de fonds publics en première instance et en appel, et malgré tout candidate à la présidentielle. Marine Le Pen, qui se dit croyante, peut croire aux miracles. Même dans so… [+4652 chars]",,fr,'Marine Tondelier'
https://www.huffingtonpost.fr/politique/article/la-classe-politique-fustige-le-choix-de-marine-le-pen-de-se-porter-candidate-a-la-presidentielle_285155.html,https://www.huffingtonpost.fr/politique/article/la-classe-politique-fustige-le-choix-de-marine-le-pen-de-se-porter-candidate-a-la-presidentielle_285155.html,0,www.huffingtonpost.fr,La classe politique fustige le choix de Marine Le Pen de se porter candidate à la présidentielle,"« Dimension morale », « démocratie en otage »… Les réactions sont sévères après l’annonce de Marine Le Pen de se porter candidate à l’élection présidentielle.",https://focus.huffingtonpost.fr/2026/06/24/0/0/5284/2972/1820/1023/75/0/fba09ce_upload-1-pvsdswpvfxs2-afp-20260619-b7mc74n-v1-highres-francepoliticsaitechnologyscienceindustry.jpg,2026-07-07T20:07:13Z,,"Sa décision était attendue de toute la classe politique. Des bancs de la droite aux Insoumis, le choix de Marine Le Pen de se porter candidate à lélection présidentielle est largement dénoncé. La che… [+3999 chars]",,fr,'Le Pen'
https://www.courrierinternational.com/article/diplomatie-au-sommet-de-l-otan-a-ankara-donald-trump-tance-toujours-ses-allies-qui-retiennent-leur-souffle_247470,https://www.courrierinternational.com/article/diplomatie-au-sommet-de-l-otan-a-ankara-donald-trump-tance-toujours-ses-allies-qui-retiennent-leur-souffle_247470,0,www.courrierinternational.com,"Au sommet de l’OTAN à Ankara, Donald Trump tance toujours ses alliés, qui “retiennent leur souffle”","Dès son arrivée en Turquie, le président américain s’est plaint du manque de soutien des Européens et a réitéré ses menaces sur le Groenland, tout en courtisant son hôte, le “très fort” Recep Tayyip Erdogan auquel il a promis des avions F-35.",https://focus.courrierinternational.com/2026/07/07/0/0/3120/2080/1200/630/60/0/94ea341_ftp-1-8nmo7ie53igv-2026-07-07t142123z-1267580672-rc219ma49hch-rtrmadp-3-nato-summit-trump.JPG,2026-07-08T03:43:05Z,,"Donald Trump a ouvert mardi 7 juillet le sommet de lOTAN à Ankara, en Turquie, toujours furieux contre les alliés qui ont refusé de laider à combattre lIran et déterminé à le leur faire savoir, écrit… [+3992 chars]",,fr,'Donald Trump'
https://www.huffingtonpost.fr/politique/article/marine-le-pen-candidate-a-la-presidentielle-2027-une-prise-de-risque-enorme-aux-allures-de-coute-que-coute_285188.html,https://www.huffingtonpost.fr/politique/article/marine-le-pen-candidate-a-la-presidentielle-2027-une-prise-de-risque-enorme-aux-allures-de-coute-que-coute_285188.html,0,www.huffingtonpost.fr,"Marine Le Pen candidate à la présidentielle 2027, une prise de risque énorme aux allures de coûte que coûte","En refusant de prendre acte de sa condamnation et laisser Jordan Bardella prendre la suite, la leader du RN fait peser des risques conséquents sur son parti.",https://focus.huffingtonpost.fr/2025/11/27/470/0/6398/3598/1820/1023/75/0/2dfce5e_upload-1-hcls73ai8mvl-afp-20250902-aa-02092025-2400337-v1-highres-frenchprimeministermeetspartyleader.jpg,2026-07-08T03:45:12Z,,"EN BREFCondamnée en appel pour détournement de fonds publics, Marine Le Pen est tout de même candidate à la présidentielle 2027.Son pourvoi en cassation a tout de même des allures de pari très périll… [+5962 chars]",,fr,'Marine Le Pen'
https://www.ledauphine.com/politique/2026/07/08/marine-le-pen-candidate-a-la-presidentielle-les-adversaires-du-rn-vont-enfin-pouvoir-se-positionner,https://www.ledauphine.com/politique/2026/07/08/marine-le-pen-candidate-a-la-presidentielle-les-adversaires-du-rn-vont-enfin-pouvoir-se-positionner,0,www.ledauphine.com,Interview. Marine Le Pen candidate à la présidentielle : « Les adversaires du RN vont enfin pouvoir se positionner »,"Luc Rouban, directeur de recherche émérite au CNRS, analyse l’impact qu’aura la désignation de Marine Le Pen comme candidate du Rassemblement national sur les autres partis politiques, dans la course à l’élection présidentielle.",https://cdn-s-www.ledauphine.com/images/70C297F3-3761-4D20-A5DC-EB1F51260D72/FB1200/photo-1783452422.jpg,2026-07-08T04:00:00Z,http://web.archive.org/web/20260708162310/https://www.ledauphine.com/politique/2026/07/08/marine-le-pen-candidate-a-la-presidentielle-les-adversaires-du-rn-vont-enfin-pouvoir-se-positionner,"La justice naura jamais joué un aussi grand rôle dans une élection présidentielle ?
« Non, cest historique. Mais linstitution judiciaire a su habilement séparer le juridique du politique. Les juges … [+2965 chars]",,fr,'Marine Tondelier'
https://www.journaldunet.com/business/action-publique/1552473-le-ministre-des-comptes-publics-recoit-les-syndicats-de-la-fonction-publique-pour-discuter-des-salaires/,https://www.journaldunet.com/business/action-publique/1552473-le-ministre-des-comptes-publics-recoit-les-syndicats-de-la-fonction-publique-pour-discuter-des-salaires/,0,www.journaldunet.com,Le ministre des Comptes publics reçoit les syndicats de la fonction publique pour discuter des salaires,"Les syndicats exigent des augmentations dès 2026 et menacent d'une grève fin septembre, sur fond de finances publiques tendues.",https://img-0.journaldunet.com/usPv9PIfpTTLTJX-1BS1wUPZ190=/1500x/smart/b67b6d8279d44e6397d8c3fb9565c6c1/ccmcms-jdn/39541633.jpg,2026-07-08T07:37:49Z,http://web.archive.org/web/20260708192437/https://www.journaldunet.com/business/action-publique/1552473-le-ministre-des-comptes-publics-recoit-les-syndicats-de-la-fonction-publique-pour-discuter-des-salaires/,"Les syndicats exigent des augmentations dès 2026 et menacent d'une grève fin septembre, sur fond de finances publiques tendues.
Je m'abonne aux Infos à ne pas rater
Le ministre des Comptes publics,… [+2603 chars]",,fr,'nan nan'
https://www.lexpress.fr/monde/amerique/etats-unis-accuse-de-viol-graham-platner-perd-le-soutien-de-ses-allies-democrates-5MDLWDJRINEYLPQINTCMGENH5I/,https://www.lexpress.fr/monde/amerique/etats-unis-accuse-de-viol-graham-platner-perd-le-soutien-de-ses-allies-democrates-5MDLWDJRINEYLPQINTCMGENH5I/,0,www.lexpress.fr,"Etats-Unis : accusé de viol, Graham Platner perd le soutien de ses alliés démocrates","En pleine campagne pour les élections de mi-mandat, le candidat démocrate de l’Etat du Maine au Sénat, Graham Platner, est accusé de viol.",https://www.lexpress.fr/resizer/v2/DJQUQ3ZPYRCQ5NUDY546ZBSIYU.JPG?auth=212b54f1dba8f780ef08b3d88445490c8f83a1cfa9e033e7c8237192de3e3bdc&width=1200&height=630&quality=85&smart=true,2026-07-08T07:45:34Z,,"Des membres du parti démocrate appellent Graham Platner à se retirer de la course au Sénat. Jenny Racicot, une femme de 41 ans, a déclaré avoir été violée par le candidat, cinq ans auparavant, ont ra… [+3014 chars]",,fr,'Graham Platner'
https://www.nouvelobs.com/monde/20260708.OBS116504/le-reve-americain-met-en-competition-plusieurs-visions-d-un-meme-endroit-entretien-avec-marshall-ganz-le-professeur-qui-a-conseille-obama-et-mamdani.html,https://www.nouvelobs.com/monde/20260708.OBS116504/le-reve-americain-met-en-competition-plusieurs-visions-d-un-meme-endroit-entretien-avec-marshall-ganz-le-professeur-qui-a-conseille-obama-et-mamdani.html,0,www.nouvelobs.com,"« Le rêve américain met en compétition plusieurs visions d’un même endroit » : entretien avec Marshall Ganz, le professeur qui a conseillé Obama et Mamdani","Marshall Ganz, 83 ans, professeur à Harvard, a collaboré avec Barack Obama et Zohran Mamdani pendant leurs campagnes. De passage à Paris pour un cycle de conférences, il nous a parlé du pouvoir de l’action collective et des manières de ne pas désespérer quand…",https://focus.nouvelobs.com/2026/06/22/1/0/1280/853/1200/800/0/0/7df6c6a_upload-1-6ypzcjcb12yd-credits-lucie-de-laporte-paris-6-juin-re-union-de-mocratiser-la-politique.jpg,2026-07-08T09:19:35Z,,"Lenseignant Marshall Ganz, à loccasion dune tournée de conférences à Paris, le 6 juin 2026. LUCIE DE LAPORTE
Pour aller plus loin
 Le 4 juillet 2026, les Etats-Unis ont célébré les 250 ans de leur … [+682 chars]",,fr,'Zohran Mamdani'
https://www.challenges.fr/fortunes/a-aucun-moment-je-nai-pense-a-meffacer-ariane-de-rothschild-se-confie-apres-la-publication-des-epstein-files_644759,https://www.challenges.fr/fortunes/a-aucun-moment-je-nai-pense-a-meffacer-ariane-de-rothschild-se-confie-apres-la-publication-des-epstein-files_644759,0,www.challenges.fr,« A aucun moment je n’ai pensé à m’effacer » : Ariane de Rothschild se confie après la publication des Epstein Files,"500 FORTUNES - Citée dans les Epstein Files, la représentante de la branche Edmond de Rothschild parle pour la première fois depuis leur publication. Stabilité du groupe, stratégie, relations avec Rothschild & Co… Entretien exclusif.",https://www.challenges.fr/_ipx/f_jpg&enlarge_true&s_1200x630/cha/static/2026-07/58774.HR_1.jpeg%3FVersionId=BsO1ULRAP8v4RSu.k0AANe1wpk.A3g4h,2026-07-08T10:00:00Z,,"Silencieuse depuis la divulgation, fin janvier, des « Epstein files » par la justice américaine, qui ont rendu publique labondante correspondance quelle a entretenue avec le pédocriminel américain pe… [+1517 chars]",,fr,'Epstein Files'
https://www.huffingtonpost.fr/politique/video/toutes-ces-fois-ou-marine-le-pen-et-jordan-bardella-ont-reclame-l-exemplarite-des-elus_285518.html,https://www.huffingtonpost.fr/politique/video/toutes-ces-fois-ou-marine-le-pen-et-jordan-bardella-ont-reclame-l-exemplarite-des-elus_285518.html,0,www.huffingtonpost.fr,Toutes ces fois où Marine Le Pen et Jordan Bardella ont réclamé l’exemplarité des élus,"Marine Le Pen, condamnée en appel pour détournements de fonds publics, sera candidate à l’élection présidentielle. Le Rassemblement national réclame pourtant depuis plusieurs années l’inéligibilité pour les personnalités politiques condamnées par la justice.",https://focus.huffingtonpost.fr/2026/07/08/0/0/1920/1080/1820/1023/75/0/c7afe8a_upload-1-vshoqoicikpt-cap-ecran.jpg,2026-07-08T13:42:12Z,,"La lecture de ce contenu est susceptible dentraîner un dépôt de cookies de la part de lopérateur tiers qui lhéberge. Compte-tenu des choix que vous avez exprimés en matière de dépôt de cookies, nous … [+2259 chars]",,fr,'Marine Le Pen'
https://www.huffingtonpost.fr/international/article/la-conference-lunaire-de-donald-trump-au-sommet-de-l-otan-en-turquie_285530.html,https://www.huffingtonpost.fr/international/article/la-conference-lunaire-de-donald-trump-au-sommet-de-l-otan-en-turquie_285530.html,0,www.huffingtonpost.fr,La conférence lunaire de Donald Trump au sommet de l’Otan en Turquie,Le président américain a confondu la République islamique d’Iran avec le Japon et le président ukrainien avec Vladimir Poutine. Entre autres.,https://focus.huffingtonpost.fr/2026/06/14/26/0/5121/2880/1820/1023/75/0/2b097c6_upload-1-oazsgy3yuryg-afp-20260610-b6mm2mu-v1-highres-uspoliticstrump.jpg,2026-07-08T15:40:03Z,,À voir aussi sur Le HuffPost La lecture de ce contenu est susceptible dentraîner un dépôt de cookies de la part de lopérateur tiers qui lhéberge. Compte-tenu des choix que vous avez exprimés en matiè… [+4058 chars],,fr,'Donald Trump'
https://www.lesinrocks.com/musique/sur-un-nouvel-album-solo-abrasif-jack-white-mene-la-fronde-rock-699219-08-07-2026/,https://www.lesinrocks.com/musique/sur-un-nouvel-album-solo-abrasif-jack-white-mene-la-fronde-rock-699219-08-07-2026/,0,www.lesinrocks.com,"Sur un nouvel album solo abrasif, Jack White mène la fronde rock","Guidé par l’énergie de ses concerts actuels, le musicien américain quinquagénaire fait rugir ses guitares sur “Frozen Charlotte”, son septième album solo.",https://www.lesinrocks.com/wp-content/thumbnails/uploads/2026/07/Capture-decran-2026-07-08-a-18.35.17-t-1986x1256.jpg,2026-07-08T16:00:00Z,http://web.archive.org/web/20260709045911/https://www.lesinrocks.com/musique/sur-un-nouvel-album-solo-abrasif-jack-white-mene-la-fronde-rock-699219-08-07-2026/,"Guidé par lénergie de ses concerts actuels, le musicien américain quinquagénaire fait rugir ses guitares sur Frozen Charlotte, son septième album solo.
Lun des nouveaux morceaux de Jack White sintit… [+2807 chars]",,fr,'Jack White'
https://www.courrierinternational.com/article/geopolitique-l-ultime-hommage-a-ali-khamenei-en-irak-un-cri-de-ralliement-transnational_247710,https://www.courrierinternational.com/article/geopolitique-l-ultime-hommage-a-ali-khamenei-en-irak-un-cri-de-ralliement-transnational_247710,0,www.courrierinternational.com,"L’ultime hommage à Ali Khamenei en Irak, un “cri de ralliement transnational”","Les cérémonies pour l’ancien guide suprême iranien organisées dans les villes irakiennes de Nadjaf et de Kerbala, deux hauts lieux de l’islam chiite, revêtent une double symbolique religieuse et géopolitique. L’Iran cherche à prouver que son influence reste i…",https://focus.courrierinternational.com/2026/07/08/0/0/6333/4222/1200/630/60/0/8c270c6_ftp-1-od5yxfckhw00-iraq-iran-funeral-8.JPG,2026-07-08T16:05:34Z,,"Alors quune foule imposante a accompagné ce 8 juillet le cercueil de lancien guide suprême iranien, Ali Khamenei, à travers les villes saintes de Nadjaf et de Kerbala, un article du Financial Times (… [+2429 chars]",,fr,'Ali Khamenei'
https://www.huffingtonpost.fr/politique/article/ces-sondages-montrent-que-les-partisans-de-le-pen-n-ont-rien-a-faire-de-sa-condamnation-au-contraire_285537.html,https://www.huffingtonpost.fr/politique/article/ces-sondages-montrent-que-les-partisans-de-le-pen-n-ont-rien-a-faire-de-sa-condamnation-au-contraire_285537.html,0,www.huffingtonpost.fr,Ces sondages montrent que les partisans de Le Pen n’ont rien à faire de sa condamnation (au contraire),"Avant que l’identité du candidat du RN soit connue, le parti caracolait en tête des intentions de vote. Condamnée mais candidate, Marine Le Pen ne fait pas mentir cette dynamique à 10 mois du premier tour.",https://focus.huffingtonpost.fr/2026/07/08/62/0/1200/675/1820/1023/75/0/c40c6c2_upload-1-tnnszamn63wz-afp-20260708-b9lk8yn-v2-midres-francepoliticselectionfarright.jpg,2026-07-08T18:00:04Z,,"Une (double) condamnation, et alors ? Reconnue coupable en appel dans le procès des assistants parlementaires du Front national mais malgré tout éligible, Marine Le Pen a annoncé dans la foulée sa qu… [+2614 chars]",,fr,'Jean-Luc Mélenchon'
https://www.huffingtonpost.fr/politique/article/pourquoi-ce-vote-interne-au-ps-sur-l-election-presidentielle-est-en-fait-crucial-pour-la-gauche_285520.html,https://www.huffingtonpost.fr/politique/article/pourquoi-ce-vote-interne-au-ps-sur-l-election-presidentielle-est-en-fait-crucial-pour-la-gauche_285520.html,0,www.huffingtonpost.fr,Pourquoi ce vote interne au PS sur l’élection présidentielle est en fait crucial pour la gauche,"Ce jeudi, les militants socialistes sont appelés à trancher entre deux options en vue d’une primaire. Olivier Faure pourrait en sortir fragilisé.",https://focus.huffingtonpost.fr/2026/07/08/332/0/6000/3375/1820/1023/75/0/be18db8_upload-1-6dgvi7xfcjfu-afp-20260311-hl-abonnard-3091783-v1-highres-francepoliticsmunicipalelectioncedr-1.jpg,2026-07-09T04:40:09Z,,"EN BREFLes militants socialistes votent pour décider dune primaire ouverte ou réservée aux adhérents, influençant lunité de la gauche pour la présidentielle.Lavenir du Parti socialiste et son orienta… [+5389 chars]",,fr,'Jean-Luc Mélenchon'
https://www.huffingtonpost.fr/international/article/accuse-de-viol-le-democrate-graham-platner-se-retire-de-la-course-au-senat-americain_285651.html,https://www.huffingtonpost.fr/international/article/accuse-de-viol-le-democrate-graham-platner-se-retire-de-la-course-au-senat-americain_285651.html,0,www.huffingtonpost.fr,"Accusé de viol, le démocrate Graham Platner se retire de la course au Sénat américain","Le candidat démocrate de l’Etat du Maine au Sénat, Graham Platner, est accusé de viol. Il se retire de la course politique, tout en niant les accusations.",https://focus.huffingtonpost.fr/2026/07/09/53/0/5760/3240/1820/1023/75/0/4e5ab49_upload-1-rglzi8yq4sao-2026-07-08t000000z-771529913-mt1zuma000zegigx-rtrmadp-3-zuma.JPG,2026-07-09T05:19:26Z,,"Le démocrate américain Graham Platner a annoncé mercredi renoncer à briguer un siège au Sénat après des accusations de viol, quil dément, mais qui ont entraîné de nombreux appels à se retirer de cett… [+4331 chars]",,fr,'Graham Platner'
https://www.dhnet.be/actu/monde/2026/07/09/etats-unis-un-candidat-democrate-au-senat-annonce-son-retrait-apres-des-accusations-de-viol-DB2YTSU6PFH5TGB5LQ4TVCQSJQ/,https://www.dhnet.be/actu/monde/2026/07/09/etats-unis-un-candidat-democrate-au-senat-annonce-son-retrait-apres-des-accusations-de-viol-DB2YTSU6PFH5TGB5LQ4TVCQSJQ/,0,www.dhnet.be,Etats-Unis : un candidat démocrate au Sénat annonce son retrait après des accusations de viol,"Le démocrate américain Graham Platner a annoncé mercredi (heure locale) renoncer à briguer un siège au Sénat après des accusations de viol, qu'il dément. ...",https://www.dhnet.be/resizer/v2/2G7BHVKB5ZDWNM24BMUWB5X2BE.jpg?auth=8ea23e1b315288e9306c64cb31ae23b038fc3249b843721567834df93de4732f&width=1200&height=630&quality=85&focal=3000%2C2000,2026-07-09T05:42:32Z,,Les plus hauts responsables démocrates avaient rapidement appelé le candidat à jeter l'éponge et le Comité de campagne démocrate pour le Sénat (DSCC) a indiqué qu'il retirerait ses financements si Gr… [+1221 chars],,fr,'Susan Collins'
https://www.numerama.com/pop-culture/2293059-elijah-wood-tempere-les-rumeurs-et-detaille-le-projet-seigneur-des-anneaux-shadow-of-the-past.html,https://www.numerama.com/pop-culture/2293059-elijah-wood-tempere-les-rumeurs-et-detaille-le-projet-seigneur-des-anneaux-shadow-of-the-past.html,0,www.numerama.com,Elijah Wood tempère les rumeurs et détaille le projet Seigneur des Anneaux Shadow of the Past,"La machine à rumeurs d'Hollywood s'est emballée un peu trop vite. Si les fans s'excitent déjà à l'idée de revoir Elijah Wood enfiler les pieds de Hobbit pour Shadow of the Past, le projet mystère chapeauté par Stephen Colbert, l'acteur vient de mettre un énor…","https://c0.lestechnophiles.com/www.numerama.com/wp-content/uploads/2026/06/frodon-sacquet.jpg?resize=1600,900&key=efafccf1",2026-07-09T10:05:00Z,http://web.archive.org/web/20260710135143/https://www.numerama.com/pop-culture/2293059-elijah-wood-tempere-les-rumeurs-et-detaille-le-projet-seigneur-des-anneaux-shadow-of-the-past.html,"La machine à rumeurs d’Hollywood s’est emballée un peu trop vite. Si les fans s’excitent déjà à l’idée de revoir Elijah Wood enfiler les pieds de Hobbit pour Shadow of the Past, le projet mystère cha… [+2697 chars]",,fr,'Stephen Colbert'
https://www.challenges.fr/economie/gabriel-attal-je-propose-de-changer-notre-regime-de-retraite-de-fond-en-comble_644808,https://www.challenges.fr/economie/gabriel-attal-je-propose-de-changer-notre-regime-de-retraite-de-fond-en-comble_644808,0,www.challenges.fr,Gabriel Attal : « Je propose de changer notre régime de retraite de fond en comble »,"Que prévoit Gabriel Attal pour réduire le déficit en France ? Quelles sont ses propositions pour réformer le système des retraites ? Aux Rencontres économiques d'Aix-en-Provence et à quelques mois de la présidentielle 2027, le député Renaissance détaille ses …",https://www.challenges.fr/_ipx/f_jpg&enlarge_true&s_1200x630/https://medialb.ultimedia.com/multi/sxmxq/3vz3sf3-H.jpg%3FupdatedAt=1783596936,2026-07-09T10:36:48Z,http://web.archive.org/web/20260709225208/https://www.challenges.fr/economie/gabriel-attal-je-propose-de-changer-notre-regime-de-retraite-de-fond-en-comble_644808,"Pour soutenir le travail de notre rédaction, Challenges vous propose deux options : accepter les cookies ou vous abonner. 
Vous avez choisi de ne pas accepter le dépôt de cookies. Chaque jour, notre… [+383 chars]",,fr,'Gabriel Attal'
https://www.lalibre.be/international/amerique/2026/07/09/lassistante-de-jeffrey-epstein-dans-la-tourmente-elle-savait-ce-quil-se-passait-BS54P66F6JE33NNPVNNCDUEZIU/,https://www.lalibre.be/international/amerique/2026/07/09/lassistante-de-jeffrey-epstein-dans-la-tourmente-elle-savait-ce-quil-se-passait-BS54P66F6JE33NNPVNNCDUEZIU/,0,www.lalibre.be,L’assistante de Jeffrey Epstein dans la tourmente : “Elle savait ce qu’il se passait”,Lesley Groff aurait menti dans son témoignage au Congrès dans le cadre de l’affaire Epstein. ...,https://www.lalibre.be/resizer/v2/BARBJOPLEJE3TJTALAOTID44QY.jpg?auth=c73e81d091a19c08104cff97f1db7b6bbe9beb58dc2426a2d67800026fb1e0db&width=1200&height=630&quality=85&focal=2077%2C1385,2026-07-09T14:40:34Z,http://web.archive.org/web/20260710222956/https://www.lalibre.be/international/amerique/2026/07/09/lassistante-de-jeffrey-epstein-dans-la-tourmente-elle-savait-ce-quil-se-passait-BS54P66F6JE33NNPVNNCDUEZIU/,"Qui est l'assistante d'Epstein dont personne ne parle ? ""Le meilleur patron du monde""Les interviews réalisées par CNN remettent complètement le témoignage de Lesley Groff en question, cette dernière … [+2321 chars]",,fr,'Jeffrey Epstein'
https://www.dhnet.be/actu/monde/2026/07/09/elle-savait-ce-quil-se-passait-lassistante-de-jeffrey-epstein-aurait-menti-devant-le-congres-Q5OVSVHMYRF75GNKTSCJAXQP7Q/,https://www.dhnet.be/actu/monde/2026/07/09/elle-savait-ce-quil-se-passait-lassistante-de-jeffrey-epstein-aurait-menti-devant-le-congres-Q5OVSVHMYRF75GNKTSCJAXQP7Q/,0,www.dhnet.be,“Elle savait ce qu’il se passait”: l'assistante de Jeffrey Epstein aurait menti devant le Congrès,Lesley Groff est dans la tourmente parce qu'elle est soupçonnée d'avoir menti dans son témoignage devant le Congrès. ...,https://www.dhnet.be/resizer/v2/A562Q2FQRNEIFEZZUXJRKRE2LI.jpg?auth=74306e76007ff7e6240e5cdd39cfba0a79094a37186cae692592152ca98958e0&width=1200&height=630&quality=85&focal=1000%2C845,2026-07-09T14:48:07Z,http://web.archive.org/web/20260710043438/https://www.dhnet.be/actu/monde/2026/07/09/elle-savait-ce-quil-se-passait-lassistante-de-jeffrey-epstein-aurait-menti-devant-le-congres-Q5OVSVHMYRF75GNKTSCJAXQP7Q/,"Bill Gates fait des révélations sur l'affaire Epstein : ""Ce n'était pas du chantage mais...""Les interviews réalisées par CNN remettent complètement le témoignage de Lesley Groff en question, cette de… [+2387 chars]",,fr,'Jeffrey Epstein'
https://www.bfmtv.com/international/amerique-nord/etats-unis/nous-suspendons-notre-campagne-accuse-de-viol-un-important-candidat-democrate-renonce-a-la-course-au-senat-americain_AD-202607090793.html,https://www.bfmtv.com/international/amerique-nord/etats-unis/nous-suspendons-notre-campagne-accuse-de-viol-un-important-candidat-democrate-renonce-a-la-course-au-senat-americain_AD-202607090793.html,0,www.bfmtv.com,"""Nous suspendons notre campagne"": accusé de viol, un important candidat démocrate renonce à la course au Sénat américain","Graham Platner, candidat démocrate au Sénat a annoncé ce mercredi 9 juillet son retrait après plusieurs controverses dont des accusations de viol ou la découverte sur son torse d'un tatouage associé à un symbole nazi.",https://images.bfmtv.com/m2qgwiYWNpXyo4Wbejo970xj1Qs=/0x0:2048x1152/2048x0/images/Le-candidat-democrate-au-Senat-Graham-Platner-lors-d-une-election-primaire-dans-le-Maine-le-9-juin-2318003.jpg,2026-07-09T18:22:26Z,http://web.archive.org/web/20260710103532/https://www.bfmtv.com/international/amerique-nord/etats-unis/nous-suspendons-notre-campagne-accuse-de-viol-un-important-candidat-democrate-renonce-a-la-course-au-senat-americain_AD-202607090793.html,"Graham Platner, candidat démocrate au Sénat a annoncé ce mercredi 9 juillet son retrait après plusieurs controverses dont des accusations de viol ou la découverte sur son torse d'un tatouage associé … [+4188 chars]",,fr,'Graham Platner'
https://www.bfmtv.com/international/moyen-orient/iran/mojtaba-khamenei-absent-procession-funeraire-foule-de-partisans-les-images-des-obseques-d-ali-khamenei-en-iran_AD-202607090804.html,https://www.bfmtv.com/international/moyen-orient/iran/mojtaba-khamenei-absent-procession-funeraire-foule-de-partisans-les-images-des-obseques-d-ali-khamenei-en-iran_AD-202607090804.html,0,www.bfmtv.com,"Mojtaba Khamenei absent, procession funéraire, foule de partisans... Les images des obsèques d'Ali Khamenei en Iran","Les funérailles de l'ancien guide suprême iranien ont lieu après six jours durant lesquels la dépouille du guide suprême a été transportée dans plusieurs hauts lieux du chiisme en Iran et dans l'Irak voisin, des cérémonies auxquelles son fils et successeur n'…",https://images.bfmtv.com/EGXGr-Ob9kO6i3vhzQpPpG24e7Q=/0x106:2048x1258/2048x0/images/Des-personnes-en-deuil-se-rassemblent-dans-la-rue-avant-les-funerailles-du-guide-supreme-iranien-assassine-au-sanctuaire-de-l-imam-Reza-le-lieu-de-culte-le-plus-venere-d-Iran-a-Mashhad-le-9-juillet-2026-2317898.jpg,2026-07-09T18:51:34Z,,Les funérailles de l'ancien guide suprême iranien ont lieu après six jours durant lesquels la dépouille du guide suprême a été transportée dans plusieurs hauts lieux du chiisme en Iran et dans l'Irak… [+4147 chars],,fr,'Mojtaba Khamenei'
https://www.lalibre.be/international/amerique/2026/07/09/la-campagne-des-democrates-pour-le-senat-americain-capote-KUPKFP5I3FBCJI7D4M3UOXM7CA/,https://www.lalibre.be/international/amerique/2026/07/09/la-campagne-des-democrates-pour-le-senat-americain-capote-KUPKFP5I3FBCJI7D4M3UOXM7CA/,0,www.lalibre.be,La campagne des Démocrates pour le Sénat américain capote,"Empêtré dans les scandales, leur candidat dans le Maine, Graham Platner, a dû se retirer. Or cet État du Nord-Est est capital s’ils veulent obtenir une majorité en novembre prochain. ...",https://www.lalibre.be/resizer/v2/DDMRRAVOKRDJ7DU6K2AFGPXJJU.jpg?auth=c38f993076ff2fb475e2b75b0744543738e31e3b0c224c8f42cf8e0947f8e64c&width=1200&height=630&quality=85&focal=2808%2C1872,2026-07-09T19:24:45Z,http://web.archive.org/web/20260710023212/https://www.lalibre.be/international/amerique/2026/07/09/la-campagne-des-democrates-pour-le-senat-americain-capote-KUPKFP5I3FBCJI7D4M3UOXM7CA/,"Des accusations ""troublantes, graves, et fausses"": le candidat démocrate au Sénat, Graham Platner, à nouveau visé par un scandaleDes débuts enthousiasmants
Le pari, qui avait paru au départ risqué e… [+4504 chars]",,fr,'Susan Collins'
https://www.franceinfo.fr/monde/iran/le-guide-supreme-ali-khamenei-a-ete-inhume-a-machhad-apres-plusieurs-jours-de-funerailles-d-etat-en-iran_8102069.html,https://www.franceinfo.fr/monde/iran/le-guide-supreme-ali-khamenei-a-ete-inhume-a-machhad-apres-plusieurs-jours-de-funerailles-d-etat-en-iran_8102069.html,0,www.franceinfo.fr,Le guide suprême iranien Ali Khamenei a été inhumé à Machhad après plusieurs jours de funérailles d'Etat,La cérémonie s'est déroulée sur fond de reprise des hostilités militaires avec Washington.,https://www.franceinfo.fr/pictures/9DFnEqdlOkktFRpihYLqO4XFsw8/0x315:6048x3717/1500x843/2026/07/10/6a506d7d9cc19614744207.jpg,2026-07-10T04:15:29Z,,"Le défunt guide suprême iranien Ali Khamenei a été inhumé dans sa ville natale de Machhad, tôt vendredi 10 juillet, a rapporté la télévision d'Etat. La cérémonie a eu lieu sans la présence apparente … [+2569 chars]",,fr,'Mojtaba Khamenei'
https://www.ledauphine.com/defense-guerre-conflit/2026/07/10/le-guide-supreme-khamenei-inhume-l-iran-cherche-a-tuer-donald-trump-selon-israel,https://www.ledauphine.com/defense-guerre-conflit/2026/07/10/le-guide-supreme-khamenei-inhume-l-iran-cherche-a-tuer-donald-trump-selon-israel,0,www.ledauphine.com,"Proche-Orient. Le guide suprême Khamenei inhumé, l'Iran cherche à tuer Donald Trump selon Israël","Le guide suprême iranien Ali Khamenei a été inhumé tôt vendredi, sur fond de reprise des hostilités entre les États-Unis et l'Iran.",https://cdn-s-www.ledauphine.com/images/F2067558-78BD-433E-AF46-8E73F53D8ADA/FB1200/photo-1783659840.jpg,2026-07-10T05:07:00Z,,"Le défunt guide suprême iranien Ali Khameneia été inhumé tôt vendredi à Machhad, a rapporté la télévision d'Etat, après plusieurs jours de funérailles marquées par la reprise des hostilités entre les… [+2425 chars]",,fr,'Donald Trump'
https://www.lalibre.be/culture/2026/07/10/donald-trump-le-blitz-mediatique-G6XAMOU5XNFRXNM5AVQAZ53EQM/,https://www.lalibre.be/culture/2026/07/10/donald-trump-le-blitz-mediatique-G6XAMOU5XNFRXNM5AVQAZ53EQM/,0,www.lalibre.be,"Donald Trump, le blitz médiatique","Dans le cadre de notre série estivale “La Culture selon Trump”, retour sur l’ascension du président des États-unis grâce à “The Apprentice” et sur son rapport problématique aux médias. ...",https://www.lalibre.be/resizer/v2/URX6MPWMWZGCPDAPO76SWSBUYI.jpeg?auth=61906e32cfe7fe7a6e17f578d6b9f8cc1b087660c40733a3ba94c8e76f03153a&width=1200&height=630&quality=85&focal=640%2C360,2026-07-10T06:03:47Z,http://web.archive.org/web/20260711065629/https://www.lalibre.be/culture/2026/07/10/donald-trump-le-blitz-mediatique-G6XAMOU5XNFRXNM5AVQAZ53EQM/,"Promoteur immobilier aux pratiques douteuses (comme le montrait très bien le film The Apprentice avec Sebastian Stan en 2024), Donald Trump était, déjà, ceci dit une personnalité du tout-New York for… [+4457 chars]",,fr,'Donald Trump'
https://www.20minutes.fr/monde/ukraine/4233745-20260710-guerre-ukraine-missiles-patriot-made-in-ukraine-poudre-yeux,https://www.20minutes.fr/monde/ukraine/4233745-20260710-guerre-ukraine-missiles-patriot-made-in-ukraine-poudre-yeux,0,www.20minutes.fr,Guerre en Ukraine : Des missiles Patriot made in Ukraine ? « C’est de la poudre aux yeux »,"Si Donald Trump à promis que l’Ukraine pourrait fabriquer à domicile les missiles américains Patriot, cette éventualité demanderait des années pour se concrétiser",https://img.20mn.fr/V_ClKlNMSgGXs9yntsrG4Sk/1444x920_le-systeme-de-defense-anti-missile-patriot-pac-3-fabrique-par-les-entreprises-americaines-lockheed-martin-et-raytheon,2026-07-10T06:32:36Z,http://web.archive.org/web/20260711025418/https://www.20minutes.fr/monde/ukraine/4233745-20260710-guerre-ukraine-missiles-patriot-made-in-ukraine-poudre-yeux,"Mercredi, Donald Trump a semblé faire preuve dune inhabituelle bonne volonté envers son homologue ukrainien, Volodymyr Zelensky. En plein sommet de lOtan à Ankara, en Turquie, il lui a promis doctroy… [+3523 chars]",,fr,'Donald Trump'
https://www.huffingtonpost.fr/politique/article/presidentielles-2027-ce-choix-fait-au-ps-en-interne-est-une-nouvelle-defaite-pour-olivier-faure_286380.html,https://www.huffingtonpost.fr/politique/article/presidentielles-2027-ce-choix-fait-au-ps-en-interne-est-une-nouvelle-defaite-pour-olivier-faure_286380.html,0,www.huffingtonpost.fr,Présidentielles 2027 : Ce choix fait au PS en interne est une nouvelle défaite pour Olivier Faure,Les militants du parti n’ont pas été favorables à la proposition faite par le premier secrétaire d’une primaire unitaire.,https://focus.huffingtonpost.fr/2026/07/10/7/174/848/477/1820/1023/75/0/0633d3d_upload-1-h84xlkwq30pp-capture-d-ecran-2026-07-10-083522.png,2026-07-10T07:29:53Z,,"Coup dur pour Olivier Faure. Alors que le premier secrétaire du PS proposait douvrir cette primaire à tous les sympathisants du parti, les militants socialistes ont choisi à 55 % une primaire fermée … [+3201 chars]",,fr,'Jean-Luc Mélenchon'
https://www.bfmtv.com/politique/elections/presidentielle/presidentielle-2027-marine-le-pen-domine-largement-le-premier-tour-selon-un-sondage-edouard-philippe-meilleur-champion-du-centre-et-de-la-droite_AV-202607100356.html,https://www.bfmtv.com/politique/elections/presidentielle/presidentielle-2027-marine-le-pen-domine-largement-le-premier-tour-selon-un-sondage-edouard-philippe-meilleur-champion-du-centre-et-de-la-droite_AV-202607100356.html,0,www.bfmtv.com,"Présidentielle 2027: Marine Le Pen domine largement le premier tour selon un sondage, Édouard Philippe meilleur champion du centre et de la droite","À neuf mois du premier tour de la présidentielle, la candidate du Rassemblement national caracole en tête des intentions de vote malgré sa récente condamnation en appel. Le patron d'Horizons conforte sa deuxième place, de trois à neuf points devant le leader …",https://images.bfmtv.com/oODuFFOidjbaUzqjz54rkxGzSSo=/0x107:2048x1259/2048x0/images/Visuel-Elysee-sondages-2278824.jpg,2026-07-10T08:03:48Z,http://web.archive.org/web/20260710223447/https://www.bfmtv.com/politique/elections/presidentielle/presidentielle-2027-marine-le-pen-domine-largement-le-premier-tour-selon-un-sondage-edouard-philippe-meilleur-champion-du-centre-et-de-la-droite_AV-202607100356.html,"À neuf mois du premier tour de la présidentielle, la candidate du Rassemblement national caracole en tête des intentions de vote malgré sa récente condamnation en appel. Le patron d'Horizons conforte… [+3368 chars]",,fr,'Édouard Philippe'
https://www.bfmtv.com/politique/europe-ecologie-les-verts/marine-tondelier-prend-acte-que-les-adherents-du-ps-ont-enterre-la-primaire-unitaire-de-la-gauche_AN-202607100418.html,https://www.bfmtv.com/politique/europe-ecologie-les-verts/marine-tondelier-prend-acte-que-les-adherents-du-ps-ont-enterre-la-primaire-unitaire-de-la-gauche_AN-202607100418.html,0,www.bfmtv.com,"Marine Tondelier prend acte que ""les adhérents du PS ont enterré la primaire"" unitaire de la gauche",La patronne des Écologistes entend désormais discuter avec son parti de la stratégie à adopter pour la campagne présidentielle.,https://images.bfmtv.com/KFFcqgAW3feXEsmifOp04ZLPdsc=/0x0:2048x1152/2048x0/images/Marine-Tondelier-a-l-hotel-de-Matignon-le-12-juin-2026-a-Paris-2318329.jpg,2026-07-10T09:22:17Z,http://web.archive.org/web/20260710172454/https://www.bfmtv.com/politique/europe-ecologie-les-verts/marine-tondelier-prend-acte-que-les-adherents-du-ps-ont-enterre-la-primaire-unitaire-de-la-gauche_AN-202607100418.html,"La patronne des Écologistes entend désormais discuter avec son parti de la stratégie à adopter pour la campagne présidentielle.
La secrétaire nationale des Écologistes Marine Tondelier a reconnu ven… [+1673 chars]",,fr,'Marine Tondelier'
https://www.challenges.fr/politique/le-duel-lfi-rn-fait-les-affaires-dedouard-philippe-lheritage-de-pierre-moscovici-les-indiscretions-politiques-de-challenges_644802,https://www.challenges.fr/politique/le-duel-lfi-rn-fait-les-affaires-dedouard-philippe-lheritage-de-pierre-moscovici-les-indiscretions-politiques-de-challenges_644802,0,www.challenges.fr,"Le duel LFI-RN fait les affaires d’Edouard Philippe, l’héritage de Pierre Moscovici… les indiscrétions politiques de Challenges","Dans les indiscrétions politiques de Challenges cette semaine, retrouvez aussi Agnès Pannier-Runacher et Jean-Christophe Cambadélis qui esquissent un rassemblement des modérés contre l’extrême droite, ou encore Jean-Luc Mélenchon qui a trouvé sa banque pour f…",https://www.challenges.fr/_ipx/f_jpg&enlarge_true&s_1200x630/cha/static/2026-07/58880.HR_0.jpg%3FVersionId=CdKdLJrPeFk.l_T9BcrOUhXmvChAah4r,2026-07-10T10:00:00Z,http://web.archive.org/web/20260710110813/https://www.challenges.fr/politique/le-duel-lfi-rn-fait-les-affaires-dedouard-philippe-lheritage-de-pierre-moscovici-les-indiscretions-politiques-de-challenges_644802,"Contre les extrêmes, le rassemblement républicain des modérés, de gauche comme de droite, sesquisse. Cest ce quont initié à lAssemblée nationale deux personnalités qui sont, en principe, de deux bord… [+2753 chars]",,fr,'Jean-Luc Mélenchon'
https://www.huffingtonpost.fr/politique/article/la-primaire-de-la-gauche-en-vue-de-la-presidentielle-2027-est-bel-et-bien-enterree-avec-ce-vote-du-ps_286388.html,https://www.huffingtonpost.fr/politique/article/la-primaire-de-la-gauche-en-vue-de-la-presidentielle-2027-est-bel-et-bien-enterree-avec-ce-vote-du-ps_286388.html,0,www.huffingtonpost.fr,La primaire de la gauche en vue de la présidentielle 2027 est bel et bien enterrée avec ce vote du PS,"Les militants socialistes ont choisi d’organiser un scrutin interne pour désigner leur candidat, loin de la primaire plus large voulue par Olivier Faure et Marine Tondelier.",https://focus.huffingtonpost.fr/2026/07/10/0/0/5529/3110/1820/1023/75/0/f709aa3_upload-1-dt7wum0eyrkl-afp-20250821-726l7q6-v2-highres-francepoliticspartiesecologists.jpg,2026-07-10T11:16:10Z,,"Dure semaine pour Olivier Faure. Mis en minorité sur la motion de censure, quil a décidé de voter avec dix-neuf de ses collègues malgré lavis majoritairement exprimé par son groupe à lAssemblée, le p… [+3778 chars]",,fr,'Olivier Faure'
https://www.courrierinternational.com/article/moyen-orient-l-iran-chercherait-a-assassiner-donald-trump-selon-israel_248147,https://www.courrierinternational.com/article/moyen-orient-l-iran-chercherait-a-assassiner-donald-trump-selon-israel_248147,0,www.courrierinternational.com,"L’Iran chercherait à assassiner Donald Trump, selon Israël","D’après un rapport des renseignements israéliens, le pouvoir iranien aurait mis en place un plan visant à tuer Donald Trump pour venger l’assassinat de plusieurs hauts responsables iraniens, dont l’ayatollah Ali Khamenei.",https://focus.courrierinternational.com/2026/07/09/1/0/5500/3666/1200/630/60/0/6e2e94c_ftp-1-k3s1cq6awfvs-2026-07-09t134207z-1879919058-rc2damaazi16-rtrmadp-3-iran-crisis-khamenei.JPG,2026-07-10T11:50:18Z,,"Selon un rapport des renseignements israéliens fourni aux États-Unis, lIran aurait mis au point un plan visant à assassiner le président américain, Donald Trump, rapportent ce vendredi 10 juillet plu… [+1873 chars]",,fr,'Ali Khamenei'
https://www.courrierinternational.com/article/vu-d-iran-les-funerailles-d-ali-khamenei-plebiscite-pour-le-regime-ou-mascarade_248152,https://www.courrierinternational.com/article/vu-d-iran-les-funerailles-d-ali-khamenei-plebiscite-pour-le-regime-ou-mascarade_248152,0,www.courrierinternational.com,"Les funérailles d’Ali Khamenei, “plébiscite” pour le régime ou “mascarade” ?","Selon la presse locale, les obsèques du guide suprême iranien tué au premier jour de la guerre américano-israélienne contre l’Iran ont rassemblé plusieurs dizaines de millions de personnes. Mais pour les médias d’opposition, ces cérémonies organisées durant p…",https://focus.courrierinternational.com/2026/07/09/0/0/5500/3666/1200/630/60/0/21ff922_ftp-1-xjv6axevva6z-2026-07-09t162321z-1099852977-rc2camam2b78-rtrmadp-3-iran-crisis-khamenei.JPG,2026-07-10T13:13:42Z,,"Les longues funérailles de lancien guide suprême de la République islamique Ali Khamenei, qui se sont déroulées cette semaine en Iran et en Irak, ont rassemblé des dizaines de millions de personnes, … [+1037 chars]",,fr,'Ali Khamenei'
https://www.lesinrocks.com/musique/the-rolling-stones-jack-white-kelela-voici-les-5-albums-de-la-semaine-699364-10-07-2026/,https://www.lesinrocks.com/musique/the-rolling-stones-jack-white-kelela-voici-les-5-albums-de-la-semaine-699364-10-07-2026/,0,www.lesinrocks.com,"The Rolling Stones, Jack White, Kelela… Voici les 5 albums de la semaine !","Ce vendredi 10 juillet, on retrouve aussi dans les bacs les disques de Panda Bear & Sonic Boom ainsi que de Ellen Allien.",https://www.lesinrocks.com/wp-content/thumbnails/uploads/2026/07/highcompress_Screenshot-2026-07-10-at-16.58.10-t-1022x682.jpg,2026-07-10T15:29:31Z,http://web.archive.org/web/20260711032252/https://www.lesinrocks.com/musique/the-rolling-stones-jack-white-kelela-voici-les-5-albums-de-la-semaine-699364-10-07-2026/,"Ce vendredi 10 juillet, on retrouve aussi dans les bacs les disques de Panda Bear &amp; Sonic Boom ainsi que de Ellen Allien. 
Licône electro berlinoise livre un splendide nouvel album, dense et vib… [+3038 chars]",,fr,'Jack White'
https://www.ledauphine.com/societe/2026/07/10/c-est-en-vanoise-que-je-suis-devenue-ecologiste-marine-tondelier-en-campagne-a-tignes,https://www.ledauphine.com/societe/2026/07/10/c-est-en-vanoise-que-je-suis-devenue-ecologiste-marine-tondelier-en-campagne-a-tignes,0,www.ledauphine.com,Politique. « C’est en Vanoise que je suis devenue écologiste » : Marine Tondelier en campagne à Tignes,"La primaire à gauche enterrée, la patronne des Verts poursuit son tour de France en van électrique et présentait vendredi son livret dédié aux territoires d’altitude dans la station savoyarde, naguère bête noire des écolos, mais qui a renoncé à son slogan du …",https://cdn-s-www.ledauphine.com/images/23D5261E-5244-4FC8-9717-2C3C841A5834/FB1200/photo-1783698358.jpg,2026-07-10T15:42:00Z,http://web.archive.org/web/20260711173647/https://www.ledauphine.com/societe/2026/07/10/c-est-en-vanoise-que-je-suis-devenue-ecologiste-marine-tondelier-en-campagne-a-tignes,"Le Dauphiné Libéré, en tant que responsable de traitement, recueille dans ce formulaire des informations qui sont enregistrées dans un fichier informatisé par son Service Relations Clients, la finali… [+854 chars]",,fr,'Marine Tondelier'
https://www.ledauphine.com/defense-guerre-conflit/2026/07/10/trump-maintient-que-le-cessez-le-feu-est-termine-sans-fermer-la-porte-a-l-iran,https://www.ledauphine.com/defense-guerre-conflit/2026/07/10/trump-maintient-que-le-cessez-le-feu-est-termine-sans-fermer-la-porte-a-l-iran,0,www.ledauphine.com,Guerre au Moyen-Orient. Trump maintient que le cessez-le-feu est « terminé »... sans fermer la porte à l'Iran,"Donald Trump a déclaré ce vendredi avoir accepté de continuer les discussions avec l'Iran, mais a réaffirmé que le cessez-le-feu en vigueur depuis avril était bel et bien « terminé »",https://cdn-s-www.ledauphine.com/images/E038DAE9-F5EF-4008-A1A8-452609B2F1FE/FB1200/photo-1783700912.jpg,2026-07-10T16:39:00Z,,"Donald Trump a déclaré ce vendredi avoir accepté de continuer les discussions avec l'Iran, mais a réaffirmé que le cessez-le-feu en vigueur depuis avril était bel et bien « terminé » après la reprise… [+3011 chars]",,fr,'Mojtaba Khamenei'
https://www.20minutes.fr/monde/etats-unis/4234054-20260711-guerre-moyen-orient-renseignement-israelien-assure-iran-chercherait-assassiner-donald-trump,https://www.20minutes.fr/monde/etats-unis/4234054-20260711-guerre-moyen-orient-renseignement-israelien-assure-iran-chercherait-assassiner-donald-trump,0,www.20minutes.fr,Guerre au Moyen-Orient : Le renseignement israélien assure que l’Iran chercherait à assassiner Donald Trump,"Israël a alerté les États-Unis sur un présumé nouveau complot iranien visant Donald Trump, selon plusieurs médias américains",https://img.20mn.fr/5DfvSqMCS3K1d6x7Xr3rLCk/1444x920_mashhad-iran-9-juillet-2026-des-participants-ont-ete-vus-tenant-une-banderole-portant-le-message-en-anglais-nous-allons-tuer-trump-des-milliers-de-personnes-se-rassemblent-sur-le-boulevard-imam-reza-pour-un-dernier-adieu-a-l-ayatollah-khamenei-alors-que-son-cercueil-est-transporte-vers-le-sanctuaire-de-l-imam-reza-de-nombreuses-personnes-en-deuil-brandissent-des-drapeaux-rouges-qui-selon-les-participants-symbolisent-un-appel-a-la-vengeance-contre-les-responsables-de-sa-mort-aux-cotes-d-autres-drapeaux-religieux-associes-a-la-communaute-chiite-la-procession-attire-une-foule-nombreuse-le-long-de-la-route-menant-au-sanctuaire-farnood-sipa-12814-credit-farnood-sipa-2607101612,2026-07-10T23:18:24Z,http://web.archive.org/web/20260710235207/https://www.20minutes.fr/monde/etats-unis/4234054-20260711-guerre-moyen-orient-renseignement-israelien-assure-iran-chercherait-assassiner-donald-trump,"Plusieurs médias américains ont rapporté, jeudi, quIsraël avait transmis à Washington des renseignements selon lesquels lIran préparerait un nouveau projet visant à assassiner le président américain … [+1981 chars]",,fr,'Donald Trump'
https://www.lalibre.be/international/moyen-orient/iran/2026/07/11/trump-maintient-que-le-cessez-le-feu-est-termine-mais-accepte-de-parler-avec-liran-O4OVTTXQCRDU7M3STFMSWQHM3M/,https://www.lalibre.be/international/moyen-orient/iran/2026/07/11/trump-maintient-que-le-cessez-le-feu-est-termine-mais-accepte-de-parler-avec-liran-O4OVTTXQCRDU7M3STFMSWQHM3M/,0,www.lalibre.be,"Trump maintient que le cessez-le-feu est ""terminé"" mais accepte de parler avec l'Iran","Donald Trump a déclaré vendredi avoir accepté de continuer à discuter avec l'Iran, mais a réaffirmé que le cessez-le-feu en vigueur depuis avril était bel et bien ""terminé"" après la reprise des hostilités cette semaine. ...",https://www.lalibre.be/resizer/v2/SK4VXZTO3FHJ3L5W76C7J3DMTM.jpg?auth=79415504ccb6c3e1c6f12b28f2ff4bdaa57b7b936fe8c0750449ea42904996c2&width=1200&height=630&quality=85&focal=1904%2C1269,2026-07-11T05:46:29Z,http://web.archive.org/web/20260712032352/https://www.lalibre.be/international/moyen-orient/iran/2026/07/11/trump-maintient-que-le-cessez-le-feu-est-termine-mais-accepte-de-parler-avec-liran-O4OVTTXQCRDU7M3STFMSWQHM3M/,"""La République islamique d'Iran nous a demandé de continuer +les discussions+. Nous avons accepté de le faire, mais les Etats-Unis leur ont signifié, en des termes sans équivoque, que le cessez-le-fe… [+3087 chars]",,fr,'Mojtaba Khamenei'
https://rmcsport.bfmtv.com/football/coupe-du-monde/france-espagne-eric-ciotti-demande-a-la-fifa-une-minute-de-silence-le-14-juillet-en-memoire-des-victimes-de-l-attentat-de-nice_AV-202607110134.html,https://rmcsport.bfmtv.com/football/coupe-du-monde/france-espagne-eric-ciotti-demande-a-la-fifa-une-minute-de-silence-le-14-juillet-en-memoire-des-victimes-de-l-attentat-de-nice_AV-202607110134.html,0,rmcsport.bfmtv.com,France-Espagne: Éric Ciotti demande à la Fifa une minute de silence le 14 juillet en mémoire des victimes de l'attentat de Nice,"Maire de Nice, Éric Ciotti a écrit à la FIFA pour demander une minute de silence avant la demi-finale de la Coupe du monde 2026 entre la France et l'Espagne, afin de rendre hommage dix ans après aux victimes de l'attentat survenu sur la Promenade des Anglais.",https://images.bfmtv.com/EUB29fvh3vOhj0-8Fkers_4zp90=/262x90:2038x1089/images/Le-president-de-la-Fifa-Gianni-Infantino-le-jour-de-l-ouverture-de-la-Coupe-du-monde-11-juin-2026-2305713.jpg,2026-07-11T06:33:58Z,,"Maire de Nice, Éric Ciotti a écrit à la FIFA pour demander une minute de silence avant la demi-finale de la Coupe du monde 2026 entre la France et l'Espagne, afin de rendre hommage dix ans après aux … [+1739 chars]",,fr,'Éric Ciotti'
https://www.bfmtv.com/international/moyen-orient/iran/guerre-au-moyen-orient-le-guide-supreme-iranien-affirme-dans-un-message-que-la-vengeance-doit-s-accomplir-inevitablement_AN-202607110237.html,https://www.bfmtv.com/international/moyen-orient/iran/guerre-au-moyen-orient-le-guide-supreme-iranien-affirme-dans-un-message-que-la-vengeance-doit-s-accomplir-inevitablement_AN-202607110237.html,0,www.bfmtv.com,"Guerre au Moyen-Orient: le guide suprême iranien affirme dans un message que ""la vengeance doit s'accomplir inévitablement""","""La vengeance doit s'accomplir inévitablement"", menace le guide suprême iranien Mojtaba Khamenei, dans un message rendu public ce samedi 11 juillet.",https://images.bfmtv.com/QyfZFQlxdIvkrMMNsFJXGk9Zbl4=/0x77:2032x1220/2032x0/images/Mojtaba-Khamenei-fils-d-Ali-Khamenei-le-31-mai-2019-a-Teheran-en-Iran-2248736.jpg,2026-07-11T11:18:25Z,,"""La vengeance doit s'accomplir inévitablement"", menace le guide suprême iranien Mojtaba Khamenei, dans un message rendu public ce samedi 11 juillet.
Le guide suprême iranien Mojtaba Khamenei affirme… [+412 chars]",,fr,'Mojtaba Khamenei'
https://www.sofoot.com/breves/lattaquant-de-langleterre-harry-kane-a-joue-au-golf-avec-le-president-des-etats-unis-donald-trump-en-floride,https://www.sofoot.com/breves/lattaquant-de-langleterre-harry-kane-a-joue-au-golf-avec-le-president-des-etats-unis-donald-trump-en-floride,0,www.sofoot.com,L’attaquant de l’Angleterre Harry Kane a joué au golf avec le président des États-Unis Donald Trump en Floride,"Harry Kane a trumpé son monde. À la veille d’Angleterre-Norvège, l’Anglais a affirmé avoir joué au golf avec Donald…",https://sofoot.s3.eu-central-1.amazonaws.com/wp-content/uploads/2026/07/11130601/14268921-1400x934.jpg,2026-07-11T11:27:31Z,,"Harry Kane a trumpé son monde. À la veille dAngleterre-Norvège, lAnglais a affirmé avoir joué au golf avec Donald Trump. Alors quil se trouvait à Palm Beach il y a dix huit-mois, dans laire métropoli… [+780 chars]",,fr,'Quand Harry'
https://www.franceinfo.fr/monde/iran/guerre-entre-les-etats-unis-israel-et-l-iran/le-guide-supreme-iranien-affirme-que-la-vengeance-doit-s-accomplir-inevitablement-apres-la-mort-d-ali-khamenei_8104028.html,https://www.franceinfo.fr/monde/iran/guerre-entre-les-etats-unis-israel-et-l-iran/le-guide-supreme-iranien-affirme-que-la-vengeance-doit-s-accomplir-inevitablement-apres-la-mort-d-ali-khamenei_8104028.html,0,www.franceinfo.fr,"Le guide suprême iranien affirme que ""la vengeance doit s'accomplir inévitablement"" après la mort d'Ali Khamenei",L'ancien guide suprême a été tué fin février dans des frappes israélo-américaines.,https://www.franceinfo.fr/pictures/xI6pAT5DV_V75wn3h0UNO0IkgcI/0x574:5524x3682/1500x843/2026/07/11/6a522d647aebe179963712.jpg,2026-07-11T11:52:04Z,http://web.archive.org/web/20260711142222/https://www.franceinfo.fr/monde/iran/guerre-entre-les-etats-unis-israel-et-l-iran/le-guide-supreme-iranien-affirme-que-la-vengeance-doit-s-accomplir-inevitablement-apres-la-mort-d-ali-khamenei_8104028.html,"Le guide suprême iranien a juré de venger la mort de son père. Dans un message écrit diffusé samedi 11 juillet, Mojtaba Khamenei affirme que cette vengeance devait ""s'accomplir, inévitablement"", aprè… [+773 chars]",,fr,'Mojtaba Khamenei'
https://www.bfmtv.com/politique/europe-ecologie-les-verts/climatisation-dans-les-trains-marine-tondelier-et-laurent-wauquiez-s-envoient-une-nouvelle-fois-des-tacles-sur-les-reseaux-sociaux_AN-202607110253.html,https://www.bfmtv.com/politique/europe-ecologie-les-verts/climatisation-dans-les-trains-marine-tondelier-et-laurent-wauquiez-s-envoient-une-nouvelle-fois-des-tacles-sur-les-reseaux-sociaux_AN-202607110253.html,0,www.bfmtv.com,Climatisation dans les trains: Marine Tondelier et Laurent Wauquiez s'envoient une nouvelle fois des tacles sur les réseaux sociaux,"Le vendredi 10 juillet, Marine Tondelier, patronne des Écologistes, a publié sur X une pique à Laurent Wauquiez, ancien président de la région Auvergne-Rhône-Alpes, sur les trains de la région. Ce à quoi l'ancien élu s'est empressé de répondre.",https://images.bfmtv.com/KFFcqgAW3feXEsmifOp04ZLPdsc=/0x0:2048x1152/2048x0/images/Marine-Tondelier-a-l-hotel-de-Matignon-le-12-juin-2026-a-Paris-2318329.jpg,2026-07-11T12:23:42Z,http://web.archive.org/web/20260711202343/https://www.bfmtv.com/politique/europe-ecologie-les-verts/climatisation-dans-les-trains-marine-tondelier-et-laurent-wauquiez-s-envoient-une-nouvelle-fois-des-tacles-sur-les-reseaux-sociaux_AN-202607110253.html,"Le vendredi 10 juillet, Marine Tondelier, patronne des Écologistes, a publié sur X une pique à Laurent Wauquiez, ancien président de la région Auvergne-Rhône-Alpes, sur les trains de la région. Ce à … [+3155 chars]",,fr,'Marine Tondelier'
https://www.nouvelobs.com/monde/20260711.OBS116595/entre-teheran-et-washington-les-mediateurs-reprennent-leurs-efforts-apres-les-frappes.html,https://www.nouvelobs.com/monde/20260711.OBS116595/entre-teheran-et-washington-les-mediateurs-reprennent-leurs-efforts-apres-les-frappes.html,0,www.nouvelobs.com,"Entre Téhéran et Washington, les médiateurs reprennent leurs efforts après les frappes","Les frappes échangées cette semaine ont été les plus importantes depuis la signature, le 17 juin, d’un texte visant à mettre fin de façon durable à la guerre. Si le calme est revenu sur le terrain, Donald Trump a de nouveau affirmé que le cessez-le-feu était …",https://focus.nouvelobs.com/2026/07/11/0/0/6000/4000/1200/800/0/0/283a027_upload-1-koea3pzy1g77-075-nikoubazl-statefun260703-nprc0.jpg,2026-07-11T12:44:08Z,,"Des hommes passent devant le cercueil dAli Khamenei à Téhéran, le 3 juillet 2026.  MORTEZA NIKOUBAZL / NURPHOTO VIA AFP
Les médiateurs entre lIran et les Etats-Unis tentent ce samedi 11 juillet de r… [+5161 chars]",,fr,'Donald Trump'
https://www.huffingtonpost.fr/politique/article/autain-se-retire-de-la-primaire-et-esquisse-un-rassemblement-derriere-un-autre-candidat_286972.html,https://www.huffingtonpost.fr/politique/article/autain-se-retire-de-la-primaire-et-esquisse-un-rassemblement-derriere-un-autre-candidat_286972.html,0,www.huffingtonpost.fr,"Autain se retire de la primaire, et esquisse un rassemblement derrière un autre candidat","Candidate désignée par L’Après (le mouvement des anciens insoumis), Clémentine Autain imagine un rassemblement avec Jean-Luc Mélenchon, mais pas Raphaël Glucksmann.",https://focus.huffingtonpost.fr/2023/02/03/359/0/6894/3877/1820/1023/75/0/8ede8e4_1675429649541-000-338e9wx.jpg,2026-07-11T13:12:14Z,,"La députée écologiste Clémentine Autain a pris acte ce samedi 11 juillet du « clou dans le cercueil » de la primaire unitaire, planté par le choix des socialistes dorganiser une primaire fermée, et a… [+2472 chars]",,fr,'Jean-Luc Mélenchon'
https://www.20minutes.fr/monde/4234091-20260711-guerre-iran-guide-supreme-iranien-vengeance-pere-inevitable,https://www.20minutes.fr/monde/4234091-20260711-guerre-iran-guide-supreme-iranien-vengeance-pere-inevitable,0,www.20minutes.fr,"Guerre en Iran : Pour le nouveau guide suprême iranien, la « vengeance » pour son père est « inévitable »","Mojtaba Khamenei s’est exprimé pour la première fois depuis les funérailles de son père et prédécesseur, Ali Khamenei, tué par des bombardements israélo-américains au premier jour de la guerre",https://img.20mn.fr/ogjMiLqQRbG2LS0sBtK3OSk/1444x920_beyrouth-liban-8-juillet-2026-des-portraits-des-chefs-religieux-iraniens-l-ayatollah-ruhollah-khomeini-l-ayatollah-ali-khamenei-et-mojtaba-khamenei-sont-exposes-lors-d-une-ceremonie-funebre-organisee-par-le-hezbollah-dans-la-banlieue-sud-de-beyrouth-en-l-honneur-du-guide-supreme-iranien-assassine-l-ayatollah-ali-khamenei-photo-de-nicholas-frakes-jna-press-photo-de-nicholas-frakes-jna-press-via-nexpher-images-sipa-usa-71640322-2607090309,2026-07-11T13:37:34Z,http://web.archive.org/web/20260712084401/https://www.20minutes.fr/monde/4234091-20260711-guerre-iran-guide-supreme-iranien-vengeance-pere-inevitable,"La « vengeance » est « inévitable ». Cest ce qua affirmé ce samedi le guide suprême iranien Mojtaba Khamenei après la mort de son père, tué dans des bombardements israélo-américains au premier jour d… [+2717 chars]",,fr,'Mojtaba Khamenei'
https://www.lexpress.fr/monde/proche-moyen-orient/iran-le-guide-supreme-mojtaba-khamenei-appelle-a-venger-son-pere-EH3UY2E6Y5ECRGHHZOGMRK6CY4/,https://www.lexpress.fr/monde/proche-moyen-orient/iran-le-guide-supreme-mojtaba-khamenei-appelle-a-venger-son-pere-EH3UY2E6Y5ECRGHHZOGMRK6CY4/,0,www.lexpress.fr,Iran : le guide suprême Mojtaba Khamenei appelle à venger son père,"Une semaine après les funérailles d’Ali Khamenei, son successeur Mojtaba rompt le silence. Dans un message diffusé samedi, le Guide suprême iranien promet une vengeance après la frappe américano-israélienne.",https://www.lexpress.fr/resizer/v2/HCD5KUIZ4FEKNNAJGJYKKB7BTE.JPG?auth=3e31e929d2f569cb05c3054436342f69897af835acf533b0a475f520ba8c7df3&width=1200&height=630&quality=85&focal=2164%2C1278,2026-07-11T14:27:40Z,http://web.archive.org/web/20260712034927/https://www.lexpress.fr/monde/proche-moyen-orient/iran-le-guide-supreme-mojtaba-khamenei-appelle-a-venger-son-pere-EH3UY2E6Y5ECRGHHZOGMRK6CY4/,"Dans une déclaration écrite publiée samedi, le Guide suprême iranien, layatollah Mojtaba Khamenei, est sorti du silence et a menacé de vengeance après la mort de son prédécesseur et père, tout en pré… [+1978 chars]",,fr,'Mojtaba Khamenei'
https://www.ledauphine.com/faits-divers-justice/2026/07/11/feu-au-planay-mon-fils-est-bloque-a-pralognan-la-patronne-des-ecologistes-marine-tondelier-n-a-pas-pu-le-recuperer,https://www.ledauphine.com/faits-divers-justice/2026/07/11/feu-au-planay-mon-fils-est-bloque-a-pralognan-la-patronne-des-ecologistes-marine-tondelier-n-a-pas-pu-le-recuperer,0,www.ledauphine.com,"Savoie. Feu au Planay : « Mon fils est bloqué à Pralognan », la patronne des Ecologistes Marine Tondelier n'a pas pu le récupérer","De passage en Savoie pour son tour de France en vue de la présidentielle en 2027 , Marine Tondelier, la patronne des Écologistes, devait récupérer son fils Joseph, 7 ans.",https://cdn-s-www.ledauphine.com/images/EABA7769-BEE5-452E-BFC7-9BE27F726859/FB1200/photo-1783789951.jpg,2026-07-11T17:00:00Z,http://web.archive.org/web/20260711173626/https://www.ledauphine.com/faits-divers-justice/2026/07/11/feu-au-planay-mon-fils-est-bloque-a-pralognan-la-patronne-des-ecologistes-marine-tondelier-n-a-pas-pu-le-recuperer,"Le Dauphiné Libéré, en tant que responsable de traitement, recueille dans ce formulaire des informations qui sont enregistrées dans un fichier informatisé par son Service Relations Clients, la finali… [+854 chars]",,fr,'Marine Tondelier'
https://www.bfmtv.com/politique/sondage-bfmtv-presidentielle-2027-jean-luc-melenchon-candidat-le-mieux-place-a-gauche-quel-que-soit-le-scenario_AN-202607110290.html,https://www.bfmtv.com/politique/sondage-bfmtv-presidentielle-2027-jean-luc-melenchon-candidat-le-mieux-place-a-gauche-quel-que-soit-le-scenario_AN-202607110290.html,0,www.bfmtv.com,SONDAGE BFMTV. Présidentielle 2027: Jean-Luc Mélenchon candidat le mieux placé à gauche quel que soit le scénario,"D'après les résultats du sondage ELABE pour BFMTV et La Tribune Dimanche, le candidat LFI récolterait le plus de voix au premier tour de la présidentielle 2027. Il surpasserait dans tous les scénarios Nathalie Arthaud, Fabien Roussel, Marine Tondelier et Raph…",https://images.bfmtv.com/kTg-GAylFRZ6Usy2pFx79Ax7oz0=/0x0:1920x1080/1920x0/images/SONDAGE-BFMTV-Presidentielle-2027-Jean-Luc-Melenchon-candidat-le-mieux-place-a-gauche-quel-que-soit-le-scenario-2318811.jpg,2026-07-11T18:30:11Z,http://web.archive.org/web/20260711202340/https://www.bfmtv.com/politique/sondage-bfmtv-presidentielle-2027-jean-luc-melenchon-candidat-le-mieux-place-a-gauche-quel-que-soit-le-scenario_AN-202607110290.html,"D'après les résultats du sondage ELABE pour BFMTV et La Tribune Dimanche, le candidat LFI récolterait le plus de voix au premier tour de la présidentielle 2027. Il surpasserait dans tous les scénario… [+2255 chars]",,fr,'Marine Tondelier'
https://www.ledauphine.com/politique/2026/07/11/presidentielle-2027-le-pen-balaie-la-menace-judiciaire-et-domine-les-sondages,https://www.ledauphine.com/politique/2026/07/11/presidentielle-2027-le-pen-balaie-la-menace-judiciaire-et-domine-les-sondages,0,www.ledauphine.com,Politique. Présidentielle 2027 : Le Pen balaie la menace judiciaire et domine les sondages,"Dans un entretien au Journal du dimanche, Marine Le Pen juge « irréaliste » que la justice puisse encore contrarier sa candidature à la présidentielle. Une assurance que confortent les enquêtes d'opinion, où la candidate du Rassemblement national reste largem…",https://cdn-s-www.ledauphine.com/images/B4C65913-5818-4F40-A443-0BCFE4418D9F/FB1200/photo-1783798192.jpg,2026-07-11T19:29:00Z,http://web.archive.org/web/20260711231423/https://www.ledauphine.com/politique/2026/07/11/presidentielle-2027-le-pen-balaie-la-menace-judiciaire-et-domine-les-sondages,"Marine Le Pen ne veut plus entendre parler d'« incertitude judiciaire ». Interrogée par le JDD sur la possibilité que la cour de cassation rejette son pourvoi avant le premier tour, prévu le 18 avril… [+2220 chars]",,fr,'Marine Le Pen'
https://www.franceinfo.fr/monde/usa/presidentielle/donald-trump/face-aux-menaces-de-mort-donald-trump-renforce-sa-securite_8104388.html,https://www.franceinfo.fr/monde/usa/presidentielle/donald-trump/face-aux-menaces-de-mort-donald-trump-renforce-sa-securite_8104388.html,0,www.franceinfo.fr,"Face aux menaces de mort, Donald Trump renforce sa sécurité","Face aux menaces de l'Iran, Donald Trump annonce que ""1 000 missiles"" sont parés à frapper en cas d'attaque. Visé par plusieurs tentatives d'assassinat en 2 ans, le président voit sa sécurité drastiquement renforcée à la Maison Blanche, désormais protégée par…",https://www.franceinfo.fr/pictures/7WGc-5Ed80AcVEqH7MaJ4lCI3Ng/54x0:1486x805/1500x843/2026/07/11/6a5292a5d02a9248981395.jpg,2026-07-11T21:25:52Z,,"Face aux menaces de l'Iran, Donald Trump annonce que ""1 000 missiles"" sont parés à frapper en cas d'attaque. Visé par plusieurs tentatives d'assassinat en 2 ans, le président voit sa sécurité drastiq… [+2066 chars]",,fr,'Donald Trump'
https://www.courrierinternational.com/article/moyen-orient-teheran-tire-sur-un-navire-et-ferme-le-detroit-d-ormuz-washington-riposte-par-des-frappes_248592,https://www.courrierinternational.com/article/moyen-orient-teheran-tire-sur-un-navire-et-ferme-le-detroit-d-ormuz-washington-riposte-par-des-frappes_248592,0,www.courrierinternational.com,"Téhéran tire sur un navire et ferme le détroit d’Ormuz, Washington riposte par des frappes","L’Iran a annoncé dimanche la fermeture “jusqu’à nouvel ordre” du passage maritime après avoir visé un bateau qui empruntait une “route non autorisée”, entraînant des représailles de Washington. Pour la presse américaine, la perspective d’une réouverture du dé…",https://focus.courrierinternational.com/2026/07/10/0/429/4642/3095/1200/630/60/0/afc85c9_ftp-1-gsmt12rxl4o7-2026-07-10t130543z-1345548046-rc25amatsfkg-rtrmadp-3-iran-crisis-shipping-un.JPG,2026-07-12T03:00:12Z,,"Cest la troisième série de frappes américaines sur lIran cette semaine, résume CNN.
Les États-Unis ont riposté samedi 11 juillet à lattaque iranienne dun navire dans le détroit dOrmuz, a annoncé le … [+3153 chars]",,fr,'nan nan'
https://www.sofoot.com/articles/lionel-messi-breel-embolo-leandro-paredes-les-notes-dargentine-suisse,https://www.sofoot.com/articles/lionel-messi-breel-embolo-leandro-paredes-les-notes-dargentine-suisse,0,www.sofoot.com,"Lionel Messi, Breel Embolo, Leandro Paredes… Les notes d’Argentine-Suisse",Tout ça pour une petite finale France-Argentine ?,https://sofoot.s3.eu-central-1.amazonaws.com/wp-content/uploads/2026/07/12052826/ICONSPORT_370008_0022-1400x938.jpg,2026-07-12T04:05:36Z,,"Granit Xhaka
Après Raphaël Glucksmann, Fabien Roussel, Karim Bouamrane, Philippe Brun, Jérôme Guedj, Bernard Cazeneuve, Boris Vallaud, les rouges et leurs nuances ont un candidat en plus pour 2027.",,fr,'Lionel Messi'
https://www.lalibre.be/international/amerique/2026/07/12/jeffrey-epstein-a-paris-meme-dans-les-derniers-mois-plusieurs-jeunes-femmes-par-semaine-lui-etaient-encore-envoyees-deurope-de-lest-3PUDE5EYMZGVJN5BIVMYCVHKZA/,https://www.lalibre.be/international/amerique/2026/07/12/jeffrey-epstein-a-paris-meme-dans-les-derniers-mois-plusieurs-jeunes-femmes-par-semaine-lui-etaient-encore-envoyees-deurope-de-lest-3PUDE5EYMZGVJN5BIVMYCVHKZA/,0,www.lalibre.be,"Jeffrey Epstein à Paris: ""Même dans les derniers mois, plusieurs jeunes femmes par semaine lui étaient encore envoyées d'Europe de l'Est""","Dans leur livre “Epstein, ce que vous n’avez jamais lu”, les journalistes Emmanuelle Andreani et Anthony Mansuy détaillent le réseau parisien du criminel sexuel. ...",https://www.lalibre.be/resizer/v2/4AIBQQX7E5H5PIOYGC4JCX6PQU.jpg?auth=30f6c5addb8d0441647210a6b2e08fd0953434edec10251867e10a4912db82d8&width=1200&height=630&quality=85&focal=4128%2C2752,2026-07-12T05:58:39Z,,"L'assistante de Jeffrey Epstein dans la tourmente : ""Elle savait ce qu'il se passait""De passage à Bruxelles, Emmanuelle Andreani a répondu à nos questions
Pourquoi vous être lancés dans une telle en… [+9651 chars]",,fr,'Jeffrey Epstein'
https://www.lesnumeriques.com/cine-svod/hbo-max-notre-top-10-des-meilleures-series-a-voir-en-streaming-en-juillet-2026-n259029.html,https://www.lesnumeriques.com/cine-svod/hbo-max-notre-top-10-des-meilleures-series-a-voir-en-streaming-en-juillet-2026-n259029.html,0,www.lesnumeriques.com,Actualité : HBO Max : notre top 10 des meilleures séries à voir en streaming en juillet 2026,"Pour occuper les chaudes soirées d'été, direction HBO Max où vous trouverez bon nombre de séries prêtes à vous divertir. Lesquelles choisir en juillet 2026 ? Les Numériques a fait le tri dans le catalogue pour sélectionner les meilleures séries du moment.",https://cdn.lesnumeriques.com/optim/news/25/259029/ef07ce7c-hbo-max-notre-top-10-des-meilleures-series-a-voir-en-streaming-en-juillet-2026_png__1200_678__0-0-1816-953.jpg,2026-07-12T06:45:00Z,http://web.archive.org/web/20260712182659/https://www.lesnumeriques.com/cine-svod/hbo-max-notre-top-10-des-meilleures-series-a-voir-en-streaming-en-juillet-2026-n259029.html,"Voici notre sélection des meilleures séries à voir en juillet 2026 sur la plateforme de streaming HBO Max.
© Warner Bros. Pictures / DC Studios / HBO
En quête d'une bonne série à voir sur HBO Max p… [+9542 chars]",,fr,'Jack White'
https://www.lexpress.fr/monde/proche-moyen-orient/liran-referme-le-detroit-dormuz-lescalade-militaire-setend-a-tout-le-golfe-3DG5C7YGEBBDFEJ64Y3ONMCTVQ/,https://www.lexpress.fr/monde/proche-moyen-orient/liran-referme-le-detroit-dormuz-lescalade-militaire-setend-a-tout-le-golfe-3DG5C7YGEBBDFEJ64Y3ONMCTVQ/,0,www.lexpress.fr,"L'Iran referme le détroit d’Ormuz, l'escalade militaire s'étend à tout le Golfe","Dimanche, l'Iran a frappé des bases américaines et alliées au Qatar, Koweït, Oman et Jordanie, et refermé le détroit d'Ormuz, après la fin du cessez-le-feu actée par Donald Trump.",https://www.lexpress.fr/resizer/v2/TXZH2JRJIBAFXAB7NL5FIZU6ZE.JPG?auth=081c443c7748ea967ef414fd0b70d7e96682ed3495af0f8ce20165602ac648a0&width=1200&height=630&quality=85&focal=2808%2C1706,2026-07-12T07:23:59Z,http://web.archive.org/web/20260713051227/https://www.lexpress.fr/monde/proche-moyen-orient/liran-referme-le-detroit-dormuz-lescalade-militaire-setend-a-tout-le-golfe-3DG5C7YGEBBDFEJ64Y3ONMCTVQ/,"Les forces américaines et iraniennes ont échangé des frappes massives de missiles et de drones, Téhéran ciblant des installations américaines dans des États du Golfe dimanche après avoir déclaré avoi… [+4971 chars]",,fr,'Donald Trump'
https://www.franceinfo.fr/sports/mma/mma-retour-rate-et-blessure-pour-conor-mcgregor-defaite-rapide-de-benoit-saint-denis_8104853.html,https://www.franceinfo.fr/sports/mma/mma-retour-rate-et-blessure-pour-conor-mcgregor-defaite-rapide-de-benoit-saint-denis_8104853.html,0,www.franceinfo.fr,"MMA : retour raté et blessure pour Conor McGregor, défaite rapide de Benoît Saint Denis","Conor McGregor était de retour, samedi, après cinq ans d'absence, à l'Ultimate Fighting Championship. La star irlandaise, victime d'une blessure au genou, a perdu son combat en quelques secondes.",https://www.franceinfo.fr/pictures/WLHCUMeRxvfJA6QdJJRnslOB0WY/0x0:6956x3912/1500x843/2026/07/12/6a5342f96cff6138813597.jpg,2026-07-12T07:40:16Z,,"La star irlandaise du MMA Conor McGregor a complètement raté son retour à l'Ultimate Fighting Championship après cinq ans d'absence, en se blessant au genou droit, perdant ainsi son combat face à l'A… [+2724 chars]",,fr,'Conor McGregor'
https://www.lalibre.be/international/moyen-orient/2026/07/12/un-quotidien-publie-une-liste-des-personnes-devant-payer-pour-la-mort-khamenei-voici-les-dirigeants-qui-y-figurent-XTWCJX2VDVEDHPFRR3XZL6VLJ4/,https://www.lalibre.be/international/moyen-orient/2026/07/12/un-quotidien-publie-une-liste-des-personnes-devant-payer-pour-la-mort-khamenei-voici-les-dirigeants-qui-y-figurent-XTWCJX2VDVEDHPFRR3XZL6VLJ4/,0,www.lalibre.be,Un quotidien publie une liste des personnes devant payer pour la mort Khamenei : voici les dirigeants qui y figurent,"Le journal iranien Hamshahri, quotidien au ton résolument ultraconservateur et provocateur de la municipalité de Téhéran, a publié une liste de personnalités devant payer pour la mort de l'ayatollah Ali Khamenei sur laquelle figurent notamment Donald Trump, B…",https://www.lalibre.be/resizer/v2/MPGA5ACBRVBYHEY4NUTRTVA5TA.jpg?auth=4430ff8430433a0f9fd1cfa6c1784e6bc038600b1a6d8432601a395ad13a0240&width=1200&height=630&quality=85&focal=1648%2C886,2026-07-12T07:59:26Z,,"Le journal Hamshahri a mis en ligne samedi soir une infographie qui reprend ces propos. Elle ne figure toutefois pas dans son édition papier de dimanche.
Guerre au Moyen-Orient : des images satellit… [+1052 chars]",,fr,'Mojtaba Khamenei'
https://www.dhnet.be/actu/monde/2026/07/12/trump-netanyahu-macron-13-personnalites-sur-une-liste-de-cibles-a-abattre-ISGPNIKWGVGWBIHFXI5IKAT2AM/,https://www.dhnet.be/actu/monde/2026/07/12/trump-netanyahu-macron-13-personnalites-sur-une-liste-de-cibles-a-abattre-ISGPNIKWGVGWBIHFXI5IKAT2AM/,0,www.dhnet.be,"Trump, Netanyahu, Macron... 13 personnalités sur une liste de ""cibles à abattre""","Le journal iranien Hamshahri, quotidien au ton résolument ultraconservateur et provocateur de la municipalité de Téhéran, a publié une liste de personnalités devant payer pour la mort de l'ayatollah Ali Khamenei sur laquelle figurent notamment Donald Trump, B…",https://www.dhnet.be/resizer/v2/MD6335Y7NJBEZE7FKTDFPCMDV4.jpg?auth=750d31666de85fe55df86de35fec40771fc2d366a428770f175396287cfc16ed&width=1200&height=630&quality=85&focal=3544%2C2363,2026-07-12T08:17:43Z,http://web.archive.org/web/20260713062312/https://www.dhnet.be/actu/monde/2026/07/12/trump-netanyahu-macron-13-personnalites-sur-une-liste-de-cibles-a-abattre-ISGPNIKWGVGWBIHFXI5IKAT2AM/,"Le guide suprême iranien, Mojtaba Khamenei, a affirmé samedi dans un message écrit que la ""vengeance"" était ""inévitable"" après les funérailles de son père, tué dans une attaque israélo-américaine le … [+383 chars]",,fr,'Donald Trump'
https://www.bfmtv.com/international/moyen-orient/iran/guerre-en-iran-un-journal-place-donald-trump-emmanuel-macron-et-d-autres-dirigeants-sur-une-liste-pour-venger-la-mort-de-l-ayatollah-ali-khamenei_AD-202607120178.html,https://www.bfmtv.com/international/moyen-orient/iran/guerre-en-iran-un-journal-place-donald-trump-emmanuel-macron-et-d-autres-dirigeants-sur-une-liste-pour-venger-la-mort-de-l-ayatollah-ali-khamenei_AD-202607120178.html,0,www.bfmtv.com,"Guerre au Moyen-Orient: un journal iranien place Donald Trump, Emmanuel Macron et d'autres dirigeants sur une liste pour venger la mort de l'ayatollah Ali Khamenei","Le journal ultraconservateur de Téhéran, Hamshahri, a publié samedi 11 juillet une infographie reprenant les propos de Mojtaba Khamenei, selon lequel il existe une ""liste"" pour venger la mort de son père, l'ancien guide suprême, tué en février. Le journal y a…",https://images.bfmtv.com/kJ3K4Zc9_RtxoFpPM078WRz6_UQ=/0x107:2048x1259/2048x0/images/Ali-Khamenei-2217958.jpg,2026-07-12T08:28:52Z,,"Le journal ultraconservateur de Téhéran, Hamshahri, a publié samedi 11 juillet une infographie reprenant les propos de Mojtaba Khamenei, selon lequel il existe une ""liste"" pour venger la mort de son … [+2139 chars]",,fr,'Emmanuel Macron'
https://www.huffingtonpost.fr/international/article/allie-majeur-de-trump-l-influent-senateur-lindsey-graham-meurt-d-une-maladie-soudaine_287302.html,https://www.huffingtonpost.fr/international/article/allie-majeur-de-trump-l-influent-senateur-lindsey-graham-meurt-d-une-maladie-soudaine_287302.html,0,www.huffingtonpost.fr,"Allié majeur de Trump, l’influent sénateur Lindsey Graham meurt « d’une maladie soudaine »","Le président américain, mais aussi le premier ministre israélien Benjamin Netanyahu, ont immédiatement rendu hommage au sénateur, décédé à 71 ans.",https://focus.huffingtonpost.fr/2026/07/12/63/414/590/332/1820/1023/75/0/b9a1438_upload-1-itbdjfps2lxl-afp-20260712-b9xy463-v1-midres-filesuspoliticsgrahamobit.jpg,2026-07-12T08:42:04Z,,"Linfluent sénateur républicain de Caroline du Sud, Lindsey Graham, un allié majeur du président américain Donald Trump, est décédé dans la soirée de ce samedi 11 juillet. Il était âgé de 71 ans et a … [+2379 chars]",,fr,'Lindsey Graham'
https://www.lalibre.be/economie/entreprises-startup/2026/07/12/un-retour-totalement-rate-pour-conor-mcgregor-et-un-france-angleterre-expedie-violemment-TVQALIQFYNBCDBKIGNHKSXLYXI/,https://www.lalibre.be/economie/entreprises-startup/2026/07/12/un-retour-totalement-rate-pour-conor-mcgregor-et-un-france-angleterre-expedie-violemment-TVQALIQFYNBCDBKIGNHKSXLYXI/,0,www.lalibre.be,"Un retour totalement raté pour Conor McGregor, et un France-Angleterre expédié violemment","Conor McGregor se brise encore, BSD expédié : une soirée UFC extrêmement attendue, et extrêmement frustrante. Un raté côté business pour l'UFC ? ...",https://www.lalibre.be/resizer/v2/JDVZXGOPFJADVHQ7U5VFL6SIEU.jpg?auth=018bdb22dc242e7b0772e195037f05f6225e8b06eab5471c1c7e30b3fe199c04&width=1200&height=630&quality=85&focal=2112%2C1408,2026-07-12T10:25:56Z,,"""Il y avait tellement d'attente autour de ce combat. Il faut qu'on se rejoue la partie une dernière fois"", a réagi Max Holloway. ""C'est vraiment dommage que ça se termine comme ça"", a-t-il poursuivi.… [+4869 chars]",,fr,'Conor McGregor'
https://www.dhnet.be/sports/2026/07/12/cest-vraiment-dommage-que-ca-se-termine-comme-ca-conor-mcgregor-loupe-son-retour-un-autre-combat-tres-attendu-tourne-court-videos-HCHZKXBUG5CZDE66ULMS23BBAY/,https://www.dhnet.be/sports/2026/07/12/cest-vraiment-dommage-que-ca-se-termine-comme-ca-conor-mcgregor-loupe-son-retour-un-autre-combat-tres-attendu-tourne-court-videos-HCHZKXBUG5CZDE66ULMS23BBAY/,0,www.dhnet.be,"“C’est vraiment dommage que ça se termine comme ça”: Conor McGregor loupe son retour, un autre combat très attendu tourne court (VIDEOS)","Conor McGregor se brise encore, BSD expédié: une soirée UFC extrêmement attendue, et extrêmement frustrante. Un raté côté business pour l'UFC?
 ...",https://www.dhnet.be/resizer/v2/PEFD2IQYYZC3ZBVMXE67OLC33Q.jpg?auth=bd30254d0057a6ab2c94e22ed763bdff281d32e63659171553beb345c679bbfc&width=1200&height=630&quality=85&focal=1949%2C1393,2026-07-12T10:36:19Z,http://web.archive.org/web/20260713060207/https://www.dhnet.be/sports/2026/07/12/cest-vraiment-dommage-que-ca-se-termine-comme-ca-conor-mcgregor-loupe-son-retour-un-autre-combat-tres-attendu-tourne-court-videos-HCHZKXBUG5CZDE66ULMS23BBAY/,"""Il y avait tellement d'attente autour de ce combat. Il faut qu'on se rejoue la partie une dernière fois"", a réagi Max Holloway. ""C'est vraiment dommage que ça se termine comme ça"", a-t-il poursuivi.… [+4896 chars]",,fr,'Conor McGregor'
https://www.20minutes.fr/sport/football/4234154-20260712-coupe-monde-2026-racisme-crasseux-politiques-francais-repondent-espagnol-rajoy-bleus,https://www.20minutes.fr/sport/football/4234154-20260712-coupe-monde-2026-racisme-crasseux-politiques-francais-repondent-espagnol-rajoy-bleus,0,www.20minutes.fr,Coupe du monde 2026 : « Un racisme crasseux »… Des politiques français répondent à l’Espagnol Rajoy sur les Bleus,"L’ancien Premier ministre espagnol a évoqué dans une tribune une équipe de France « sans Français », ce dimanche",https://img.20mn.fr/krNQEUX2QS-O9UO6jqwESSk/1444x920_etats-unis-foxborough-09-07-2026-coupe-du-monde-2026-france-vs-maroc-mateta-un-joueur-de-l-equipe-de-france-avant-le-match-contre-le-maroc-au-stade-de-boston-pour-la-coupe-du-monde-2026-photo-rodolfo-buhrer-agif-photo-de-rodolfo-buhrer-agif-sipa-etats-unis-71701980-1492-2607112242,2026-07-12T11:39:13Z,http://web.archive.org/web/20260713030021/https://www.20minutes.fr/sport/football/4234154-20260712-coupe-monde-2026-racisme-crasseux-politiques-francais-repondent-espagnol-rajoy-bleus,"Un ancien Premier ministre ne devrait pas dire ça. Ni personne, en réalité. Plusieurs ministres et des chefs de partis français ont fustigé dimanche le « racisme crasseux » et la « haine » véhiculée … [+3234 chars]",,fr,'Premier ministre'
https://www.bfmtv.com/politique/presidentielle-2027-eric-ciotti-se-dit-pret-a-participer-loyalement-a-la-campagne-de-marine-le-pen_AV-202607120258.html,https://www.bfmtv.com/politique/presidentielle-2027-eric-ciotti-se-dit-pret-a-participer-loyalement-a-la-campagne-de-marine-le-pen_AV-202607120258.html,0,www.bfmtv.com,"Présidentielle 2027: Éric Ciotti se dit prêt à ""participer loyalement"" à la campagne de Marine Le Pen","Alors que Jordan Bardella a dit espérer ""un gouvernement d'union nationale"", le président de l'UDR a confirmé ce dimanche 12 juillet dans BFM Politique sa volonté de ""porter ce changement"".",https://images.bfmtv.com/dbC6tZdO7dbPpGbzyMTrHaZzVlo=/0x0:1920x1080/1920x0/images/Eric-Ciotti-en-duplex-invite-de-BFM-Politique-le-12-juillet-2026-2319060.jpg,2026-07-12T11:40:54Z,http://web.archive.org/web/20260713062133/https://www.bfmtv.com/politique/presidentielle-2027-eric-ciotti-se-dit-pret-a-participer-loyalement-a-la-campagne-de-marine-le-pen_AV-202607120258.html,"Alors que Jordan Bardella a dit espérer ""un gouvernement d'union nationale"", le président de l'UDR a confirmé ce dimanche 12 juillet dans BFM Politique sa volonté de ""porter ce changement"".
Invité d… [+2197 chars]",,fr,'Jordan Bardella'
https://www.ledauphine.com/coupe-du-monde-de-football/2026/07/12/racisme-haine-banalisee-des-politiques-francais-repondent-a-l-espagnol-rajoy,https://www.ledauphine.com/coupe-du-monde-de-football/2026/07/12/racisme-haine-banalisee-des-politiques-francais-repondent-a-l-espagnol-rajoy,0,www.ledauphine.com,"Coupe du monde 2026. « Racisme », « haine banalisée »... des politiques français répondent à l'Espagnol Rajoy","Après les propos racistes et déplacés de l'ancien Premier ministre espagnol Mariano Rajoy à l'encontre de l'équipe de France avant la demi-finale contre l'Espagne mardi, plusieurs ministres et chefs de partis français ont réagi.",https://cdn-s-www.ledauphine.com/images/9EB99260-65CE-4ECA-B7E5-0C86A2E162D1/FB1200/photo-1783856798.jpg,2026-07-12T11:46:00Z,http://web.archive.org/web/20260713032928/https://www.ledauphine.com/coupe-du-monde-de-football/2026/07/12/racisme-haine-banalisee-des-politiques-francais-repondent-a-l-espagnol-rajoy,Plusieurs ministres et des chefs de partis français ont fustigé dimanche le « racisme crasseux » et la « haine » véhiculée par une tribune de l'ancien Premier ministre espagnol Mariano Rajoy. Au coeu… [+2329 chars],,fr,'Premier ministre'
https://rmcsport.bfmtv.com/football/coupe-du-monde/coupe-du-monde-2026-racisme-crasseux-des-politiques-francais-repondent-aux-propos-d-un-ancien-premier-ministre-espagnol_AD-202607120262.html,https://rmcsport.bfmtv.com/football/coupe-du-monde/coupe-du-monde-2026-racisme-crasseux-des-politiques-francais-repondent-aux-propos-d-un-ancien-premier-ministre-espagnol_AD-202607120262.html,0,rmcsport.bfmtv.com,"Coupe du monde 2026 : ""racisme crasseux""... des politiques français répondent aux propos d’un ancien Premier ministre espagnol","Plusieurs ministres et des chefs de partis français ont fustigé dimanche le ""racisme crasseux"" et la ""haine"" véhiculée par une tribune de l'ancien Premier ministre espagnol Mariano Rajoy, qui évoque une équipe de France de football ""sans Français"".",https://images.bfmtv.com/mKvr63IX2RqFuLHxAgkHoY4W404=/0x71:2048x1223/images/La-joie-des-joueurs-de-l-equipe-de-France-face-au-Maroc-le-9-juillet-2026-a-Boston-2318537.jpg,2026-07-12T11:50:20Z,,"Plusieurs ministres et des chefs de partis français ont fustigé dimanche le ""racisme crasseux"" et la ""haine"" véhiculée par une tribune de l'ancien Premier ministre espagnol Mariano Rajoy, qui évoque … [+2352 chars]",,fr,'Fabien Roussel'
https://www.bfmtv.com/politique/elections/presidentielle/presidentielle-jordan-bardella-dit-vouloir-former-un-gouvernement-d-union-nationale-qui-depasserait-le-rn-en-cas-de-victoire-en-2027_AD-202607120271.html,https://www.bfmtv.com/politique/elections/presidentielle/presidentielle-jordan-bardella-dit-vouloir-former-un-gouvernement-d-union-nationale-qui-depasserait-le-rn-en-cas-de-victoire-en-2027_AD-202607120271.html,0,www.bfmtv.com,"Présidentielle: Jordan Bardella dit vouloir former un gouvernement ""d'union nationale"" qui dépasserait le RN en cas de victoire en 2027","Ce dimanche 12 juillet, Jordan Bardella a déclaré son intention de former un gouvernement ""d'union nationale"" en cas de victoire du RN en 2027 et s'il entrait à Matignon. Il a notamment tendu la main à ""l'électorat historique de la droite"", fustigeant Bruno R…",https://images.bfmtv.com/g8I_tHzMfeWDlCARHSMTd-s4dAI=/0x0:2048x1152/2048x0/images/Jordan-Bardella-a-Varsovie-le-19-juin-2026-2315804.jpg,2026-07-12T12:21:37Z,http://web.archive.org/web/20260713045013/https://www.bfmtv.com/politique/elections/presidentielle/presidentielle-jordan-bardella-dit-vouloir-former-un-gouvernement-d-union-nationale-qui-depasserait-le-rn-en-cas-de-victoire-en-2027_AD-202607120271.html,"Ce dimanche 12 juillet, Jordan Bardella a déclaré son intention de former un gouvernement ""d'union nationale"" en cas de victoire du RN en 2027 et s'il entrait à Matignon. Il a notamment tendu la main… [+2351 chars]",,fr,'Éric Ciotti'
https://www.lalibre.be/international/europe/2026/07/12/300-personnes-evacuees-un-vehicule-contenant-une-arme-de-guerre-decouvert-au-nord-de-paris-LCUGFG64KBH2LKDGXRX3DNEFKM/,https://www.lalibre.be/international/europe/2026/07/12/300-personnes-evacuees-un-vehicule-contenant-une-arme-de-guerre-decouvert-au-nord-de-paris-LCUGFG64KBH2LKDGXRX3DNEFKM/,0,www.lalibre.be,"300 personnes évacuées, un véhicule contenant ""une arme de guerre"" découvert au nord de Paris","Trois cents personnes ont été évacuées samedi soir d'un quartier de Sarcelles, au nord de Paris, à la suite du signalement d'un véhicule suspect près d'une synagogue et qui s'est avéré contenir ""une arme de guerre"", a indiqué dimanche le ministre de l'Intérie…",https://www.lalibre.be/resizer/v2/TEBVJALVJJHJ7DWVDVLVILVWJM.jpg?auth=ecadb97977b7973278b0820e38969e929a5e75787b299d5bca229c12b271cea3&width=1200&height=630&quality=85&focal=2784%2C1856,2026-07-12T12:36:11Z,http://web.archive.org/web/20260713072343/https://www.lalibre.be/international/europe/2026/07/12/300-personnes-evacuees-un-vehicule-contenant-une-arme-de-guerre-decouvert-au-nord-de-paris-LCUGFG64KBH2LKDGXRX3DNEFKM/,"Jeffrey Epstein à Paris: ""Même dans les derniers mois, plusieurs jeunes femmes par semaine lui étaient encore envoyées d'Europe de l'Est""Un périmètre de sécurité avait été mis en place samedi soir au… [+1069 chars]",,fr,'Jeffrey Epstein'
https://www.franceinfo.fr/coupe-du-monde/racisme-crasseux-haine-banalisee-des-politiques-francais-repondent-a-l-espagnol-mariano-rajoy-apres-ses-propos-a-caractere-raciste-envers-l-equipe-de-france_8105117.html,https://www.franceinfo.fr/coupe-du-monde/racisme-crasseux-haine-banalisee-des-politiques-francais-repondent-a-l-espagnol-mariano-rajoy-apres-ses-propos-a-caractere-raciste-envers-l-equipe-de-france_8105117.html,0,www.franceinfo.fr,"""Racisme crasseux"", ""haine banalisée""... des politiques français répondent à l'Espagnol Mariano Rajoy après ses propos à caractère raciste envers l'équipe de France","A trois jours de la demi-finale de Coupe du monde France-Espagne, l'ancien Premier ministre espagnol a salué une équipe de France de ""très haut niveau"" mais pointant du doigt un effectif ""sans [joueur]Français"".",https://www.franceinfo.fr/pictures/VJzk9kA0fARlIdrMUgcRL31QZH4/0x0:6000x3375/1500x843/2026/07/12/6a538a40c2e8a227716985.jpg,2026-07-12T12:41:44Z,http://web.archive.org/web/20260713112122/https://www.franceinfo.fr/coupe-du-monde/racisme-crasseux-haine-banalisee-des-politiques-francais-repondent-a-l-espagnol-mariano-rajoy-apres-ses-propos-a-caractere-raciste-envers-l-equipe-de-france_8105117.html,"Une réponse qui n'a pas tardé. Plusieurs ministres et des chefs de partis français ont fustigé, dimanche 12 juillet, le ""racisme crasseux"" et la ""haine"" véhiculée par une tribune de l'ancien Premier … [+2647 chars]",,fr,'Fabien Roussel'
https://www.huffingtonpost.fr/politique/article/bardella-reaffirme-ses-differences-avec-le-pen-dans-sa-premiere-interview-apres-la-condamnation-candidature_287433.html,https://www.huffingtonpost.fr/politique/article/bardella-reaffirme-ses-differences-avec-le-pen-dans-sa-premiere-interview-apres-la-condamnation-candidature_287433.html,0,www.huffingtonpost.fr,Bardella réaffirme ses différences avec Le Pen dans sa première interview après la condamnation-candidature,Le président de Rassemblement national n’entend pas être le simple « collaborateur » de Marine Le Pen. Et il le fait savoir d’emblée.,https://focus.huffingtonpost.fr/2026/05/21/62/0/1200/675/1820/1023/75/0/a76c735_upload-1-f7a0fk4gewap-afp-20260311-a2uc242-v1-midres-franceiranusisraelwargovernmentparties.jpg,2026-07-12T12:49:08Z,,« La spécificité du RN est désormais davoir à sa tête deux expressions. » Voilà comment Jordan Bardella anticipe son rôle pendant la campagne de lélection présidentielle. Le président du Rassemblemen… [+3622 chars],,fr,'Marine Le Pen'
https://www.sofoot.com/breves/premier-league-originaire-de-liverpool-le-combattant-de-mma-paddy-pimblett-a-rendu-hommage-a-diogo-jota-apres-sa-victoire-face-a-benoit-saint-denis,https://www.sofoot.com/breves/premier-league-originaire-de-liverpool-le-combattant-de-mma-paddy-pimblett-a-rendu-hommage-a-diogo-jota-apres-sa-victoire-face-a-benoit-saint-denis,0,www.sofoot.com,"Premier League : Originaire de Liverpool, le combattant de MMA, Paddy Pimblett a rendu hommage à Diogo Jota après sa victoire face à Benoît Saint Denis","Tout le monde aimait Jota. Originaire de Liverpool, Patrick Pimblett, plus connu dans le monde des arts martiaux comme Paddy…",https://sofoot.s3.eu-central-1.amazonaws.com/wp-content/uploads/2026/07/12153453/14278791-1400x933.jpg,2026-07-12T13:36:44Z,http://web.archive.org/web/20260712142429/https://www.sofoot.com/breves/premier-league-originaire-de-liverpool-le-combattant-de-mma-paddy-pimblett-a-rendu-hommage-a-diogo-jota-apres-sa-victoire-face-a-benoit-saint-denis,"Tout le monde aimait Jota. Originaire de Liverpool, Patrick Pimblett, plus connu dans le monde des arts martiaux comme Paddy Pimblett, a rendu un hommage poignant à Diogo Jota.
Opposé au combattant … [+635 chars]",,fr,'Paddy Pimblett'
https://www.20minutes.fr/monde/ukraine/4234165-20260712-guerre-ukraine-vers-remaniement-gouvernement-zelensky-hommage-lindsey-graham,https://www.20minutes.fr/monde/ukraine/4234165-20260712-guerre-ukraine-vers-remaniement-gouvernement-zelensky-hommage-lindsey-graham,0,www.20minutes.fr,Guerre en Ukraine : Vers un remaniement du gouvernement Zelensky et un hommage à Lindsey Graham,"« 20 Minutes » fait le point pour vous tous les soirs sur le conflit en Ukraine. Ce dimanche 12 juillet, Volodymyr Zelensky a annoncé un remaniement de son gouvernement et a rendu hommage au sénateur américain Lindsey Graham",https://img.20mn.fr/hHZU11FHTiON_04x4KXkMyk/1444x920_sur-cette-photo-fournie-par-le-bureau-de-presse-presidentiel-ukrainien-le-president-ukrainien-volodymyr-zelenskyy-a-gauche-serre-la-main-du-senateur-americain-lindsey-graham-r-s-c-a-kiev-en-ukraine-le-vendredi-10-juillet-2026-bureau-de-presse-presidentiel-ukrainien-via-ap-xel114-26191611387708-ap-donne-acces-a-cette-photo-distribuee-publiquement-fournie-par-le-bureau-de-presse-presidentiel-ukrainien-credit-obligatoire-2607101907,2026-07-12T17:45:53Z,http://web.archive.org/web/20260713024710/https://www.20minutes.fr/monde/ukraine/4234165-20260712-guerre-ukraine-vers-remaniement-gouvernement-zelensky-hommage-lindsey-graham,"Vous avez raté les derniers événements sur la guerre en Ukraine ? 20 Minutes fait le point pour vous tous les soirs. Voici lessentiel de ce dimanche 12 2026, au 1.599e jour du conflit.
Le fait du jo… [+2292 chars]",,fr,'Volodymyr Zelensky'
https://www.franceinfo.fr/replay-magazine/franceinfo/l-invite-politique/l-invite-politique-du-lundi-13-juillet-2026_8091356.html,https://www.franceinfo.fr/replay-magazine/franceinfo/l-invite-politique/l-invite-politique-du-lundi-13-juillet-2026_8091356.html,0,www.franceinfo.fr,"Marine Le Pen candidate pour 2027 : ""Il n'y avait pas de plan B"", assure le député RN Julien Odoul, pour qui ""Jordan Bardella n'a jamais été rétrogradé""","Voir ou revoir l'émission Marine Le Pen candidate pour 2027 : ""Il n'y avait pas de plan B"", assure le député RN Julien Odoul, pour qui ""Jordan Bardella n'a jamais été rétrogradé"". Invité politique de ""La Matinale"" lundi 13 juillet, le député Rassemblement nat…",https://www.franceinfo.fr/pictures/vYu9w_VBQbGZ5pDrmkyicUuvhAE/0x0:1920x1080/1500x843/2026/07/13/6a54974d9e8d0128567910.jpg,2026-07-13T07:40:42Z,http://web.archive.org/web/20260713090511/https://www.franceinfo.fr/replay-magazine/franceinfo/l-invite-politique/l-invite-politique-du-lundi-13-juillet-2026_8091356.html,"Invité politique de ""La Matinale"" lundi 13 juillet, le député Rassemblement national de l'Yonne revient sur l'annonce de la candidature de Marine Le Pen à l'élection présidentielle, et sur le retour … [+5551 chars]",,fr,'Éric Ciotti'
https://www.20minutes.fr/arts-stars/people/4234370-20260713-mma-drake-perdu-1-million-dollars-pariant-conor-mcgregor,https://www.20minutes.fr/arts-stars/people/4234370-20260713-mma-drake-perdu-1-million-dollars-pariant-conor-mcgregor,0,www.20minutes.fr,MMA : Drake a perdu 1 million de dollars en pariant sur Conor McGregor,"Le champion irlandais de MMA, reconnu coupable d’agression sexuelle sur une femme en 2018, faisait son retour dans l’octogone après cinq ans d’absence",https://img.20mn.fr/gkeseEYESIWTlRNiyOzE1Sk/1444x920_premiere-mondiale-de-amsterdam-au-alice-tully-hall-avec-drake-ou-new-york-new-york-etats-unis-quand-18-septembre-2022-credit-john-nacion-star-traksphoto-com-cover-images,2026-07-13T11:21:50Z,http://web.archive.org/web/20260713121038/https://www.20minutes.fr/arts-stars/people/4234370-20260713-mma-drake-perdu-1-million-dollars-pariant-conor-mcgregor,"Soixante-neuf secondes, cest le temps quil a fallu à Drake pour perdre 1 million de dollars, et à Conor McGregor son combat. Le champion de MMA navait pas combattu depuis cinq ans. Durant cette pério… [+1394 chars]",,fr,'Conor McGregor'
https://www.ledauphine.com/elections/2026/07/13/nouvelle-republique-isf-climatique-tva-verte-marine-tondelier-devoile-son-programme,https://www.ledauphine.com/elections/2026/07/13/nouvelle-republique-isf-climatique-tva-verte-marine-tondelier-devoile-son-programme,0,www.ledauphine.com,"Présidentielle 2027. Nouvelle République, ISF climatique, TVA verte : Marine Tondelier dévoile son programme","Le programme dévoilé ce lundi est le fruit de dix mois de travail et de « 50 000 propositions individuelles », mais aussi de la consultation de « think tanks, des syndicats, des chercheurs, des associations, des hauts fonctionnaires », affirme le parti.",https://cdn-s-www.ledauphine.com/images/5BF6D226-D7D2-4366-A8B5-BC95B4CD7A06/FB1200/photo-1783943827.jpg,2026-07-13T11:58:00Z,,"Les Écologistes, réunis autour de leur dirigeante et candidate Marine Tondelier, ont dévoilé lundi leur programme pour la campagne présidentielle 2027, avec la volonté de renouveler les institutions … [+2200 chars]",,fr,'Marine Tondelier'
https://www.bfmtv.com/politique/elections/presidentielle/nucleaire-hausse-du-smic-gaza-taxe-zucman-le-programme-presidentiel-de-marine-tondelier-est-il-different-de-celui-du-nfp_AN-202607130506.html,https://www.bfmtv.com/politique/elections/presidentielle/nucleaire-hausse-du-smic-gaza-taxe-zucman-le-programme-presidentiel-de-marine-tondelier-est-il-different-de-celui-du-nfp_AN-202607130506.html,0,www.bfmtv.com,"Nucléaire, hausse du Smic, Gaza, taxe Zucman... Le programme présidentiel de Marine Tondelier est-il différent de celui du NFP?","La numéro un des Écologistes a dévoilé ce lundi ses propositions pour 2027. Si beaucoup sont proches de celles du Nouveau front populaire en 2024, Marine Tondelier va beaucoup plus loin sur le nucléaire, appelant à en sortir totalement. Elle défend également …",https://images.bfmtv.com/Nrpsa-0yGAV2za8NlLIpg1_N8vc=/0x0:2048x1152/2048x0/images/Mathilde-Panot-Manuel-Bompard-Marine-Tondelier-Yannick-Jadot-Olivier-Faure-et-Fabien-Roussel-a-Paris-le-14-juin-2024-2015543.jpg,2026-07-13T14:24:15Z,http://web.archive.org/web/20260713230600/https://www.bfmtv.com/politique/elections/presidentielle/nucleaire-hausse-du-smic-gaza-taxe-zucman-le-programme-presidentiel-de-marine-tondelier-est-il-different-de-celui-du-nfp_AN-202607130506.html,"La numéro un des Écologistes a dévoilé ce lundi ses propositions pour 2027. Si beaucoup sont proches de celles du Nouveau front populaire en 2024, Marine Tondelier va beaucoup plus loin sur le nucléa… [+7783 chars]",,fr,'Marine Tondelier'
https://www.mediapart.fr/journal/politique/130726/logique-et-travers-du-non-alignement-que-lfi-veut-pour-la-france,https://www.mediapart.fr/journal/politique/130726/logique-et-travers-du-non-alignement-que-lfi-veut-pour-la-france,0,www.mediapart.fr,Logique et travers du «non-alignement» que LFI veut pour la France,"Le mouvement de Jean-Luc Mélenchon a publié le 2 juillet sa vision pour la politique étrangère. Si « l’intérêt général humain » en est la boussole officielle, la France est exaltée comme une « puissance universelle », qui se révèle bien candide avec les pouvo…",https://static.mediapart.fr/etmagine/og/journal/files/2026/07/13/260713-img-logique-et-travers-du-non-alignement-que-lfi-veut-pour-la-france.jpg,2026-07-13T14:28:46Z,,"Les cookies et technologies similaires que nous utilisons sur Mediapart sont de différentes natures et nous permettent de poursuivre différentes finalités. 
Certains sont nécessaires au fonctionneme… [+3291 chars]",,fr,'Jean-Luc Mélenchon'
https://www.franceinfo.fr/coupe-du-monde/dix-ans-apres-les-attentats-de-nice-la-fifa-accepte-qu-une-minute-de-silence-soit-honoree-avant-la-demi-finale-de-l-equipe-de-france-en-coupe-du-monde_8106326.html,https://www.franceinfo.fr/coupe-du-monde/dix-ans-apres-les-attentats-de-nice-la-fifa-accepte-qu-une-minute-de-silence-soit-honoree-avant-la-demi-finale-de-l-equipe-de-france-en-coupe-du-monde_8106326.html,0,www.franceinfo.fr,Une minute de silence observée avant la demi-finale de l'équipe de France en Coupe du monde pour commémorer les dix ans de l'attentat de Nice,"Le président de la République, Emmanuel Macron, a fait part de la nouvelle sur X, lundi.",https://www.franceinfo.fr/pictures/9SLD1Opudpw44Dkbqdhr3N9cgFA/0x106:1024x682/1500x843/2026/07/13/6a54f60684a2c198610444.jpg,2026-07-13T14:36:00Z,http://web.archive.org/web/20260715020924/https://www.franceinfo.fr/coupe-du-monde/dix-ans-apres-les-attentats-de-nice-la-fifa-accepte-qu-une-minute-de-silence-soit-honoree-avant-la-demi-finale-de-l-equipe-de-france-en-coupe-du-monde_8106326.html,"La Fédération internationale de football (Fifa) a accepté qu'une minute de silence soit honorée, mardi 14 juillet, avant la demi-finale de Coupe du monde entre la France et l'Espagne, à Dallas. Cette… [+1565 chars]",,fr,'président de la République'
https://www.huffingtonpost.fr/sport/article/la-fifa-accepte-une-minute-de-silence-avant-france-espagne-pour-rendre-hommage-aux-victimes-de-l-attentat-de-nice_288125.html,https://www.huffingtonpost.fr/sport/article/la-fifa-accepte-une-minute-de-silence-avant-france-espagne-pour-rendre-hommage-aux-victimes-de-l-attentat-de-nice_288125.html,0,www.huffingtonpost.fr,La Fifa accepte une minute de silence avant France-Espagne pour rendre hommage aux victimes de l’attentat de Nice,"Avant le coup d’envoi, une minute de silence sera observée en hommage aux victimes de l’attentat de Nice. Emmanuel Macron a remercié le président de la FIFA.",https://focus.huffingtonpost.fr/2026/07/13/442/0/5626/3164/1820/1023/75/0/b7c3d95_upload-1-1urxy1ui3c59-afp-20260709-b9t43hd-v1-highres-fblwc2026match97framar.jpg,2026-07-13T14:52:15Z,,"En hommage aux victimes de lattentat de Nice du 14 juillet 2016, une minute de silence sera observée avant la demi-finale du Mondial de football entre la France et lEspagne, ce mardi 14 juillet. « Av… [+2197 chars]",,fr,'Emmanuel Macron'
https://www.lalibre.be/international/moyen-orient/2026/07/13/plus-de-880-millions-deuros-leves-pour-reconstruire-gaza-a-linitiative-de-la-commission-europeenne-3IPKFDK5BRBILCHQJPQXHHCYEI/,https://www.lalibre.be/international/moyen-orient/2026/07/13/plus-de-880-millions-deuros-leves-pour-reconstruire-gaza-a-linitiative-de-la-commission-europeenne-3IPKFDK5BRBILCHQJPQXHHCYEI/,0,www.lalibre.be,Plus de 880 millions d’euros levés pour reconstruire Gaza à l'initiative de la Commission européenne,"La “Team Gaza Initiative”, destinée à financer la reconstruction du territoire palestinien, est soutenue par plusieurs pays, dont la Belgique. ...",https://www.lalibre.be/resizer/v2/JLE2WRELPZFC5AKGMXDUXWABR4.jpg?auth=fa06cdbe58f484280cfbed512e4a3eba9ba3d79eb46060fe54245cba4aaa3903&width=1200&height=630&quality=85&focal=4008%2C2672,2026-07-13T16:30:04Z,http://web.archive.org/web/20260713202601/https://www.lalibre.be/international/moyen-orient/2026/07/13/plus-de-880-millions-deuros-leves-pour-reconstruire-gaza-a-linitiative-de-la-commission-europeenne-3IPKFDK5BRBILCHQJPQXHHCYEI/,"Cette annonce a marqué l'ouverture de la deuxième réunion du Groupe des donateurs pour la Palestine, qui rassemble 65 délégations sous la coprésidence de la commissaire européenne à la Méditerranée, … [+2697 chars]",,fr,'nan nan'
https://mmajunkie.usatoday.com/story/sports/ufc/2026/07/13/ufc-329-benoit-saint-denis-reaction-quick-submission-loss-paddy-pimblett-wants-rematch-some-day/90899989007/,https://mmajunkie.usatoday.com/story/sports/ufc/2026/07/13/ufc-329-benoit-saint-denis-reaction-quick-submission-loss-paddy-pimblett-wants-rematch-some-day/90899989007/,0,mmajunkie.usatoday.com,Benoit Saint Denis reacts to Pimblett loss: 'Sorry for disappointing you',Paddy Pimblett surprised Benoit Saint Denis at UFC 329.,https://s.yimg.com/ny/api/res/1.2/NF6fPpHUkm5hxivAVDcx_w--/YXBwaWQ9aGlnaGxhbmRlcjt3PTEyMDA7aD04MDA7Y2Y9d2VicA--/https://media.zenfs.com/en/mma_junkie_usa_today_articles_344/284a2250c9b58690c2631edb85261b66,2026-07-13T17:50:24Z,,"Paddy Pimblett surprised Benoit Saint Denis at UFC 329.
Saint Denis (17-4 MMA, 9-4 UFC) was submitted by Pimblett (24-4 MMA, 8-1 UFC) by a D'Arce choke in just 52 seconds in Saturday's co-main event… [+450 chars]",,fr,'Paddy Pimblett'
https://www.20minutes.fr/monde/royaume-uni/4234455-20260713-royaume-uni-photo-geante-andrew-epstein-deployee-buckingham-militants-antimonarchie,https://www.20minutes.fr/monde/royaume-uni/4234455-20260713-royaume-uni-photo-geante-andrew-epstein-deployee-buckingham-militants-antimonarchie,0,www.20minutes.fr,Royaume-Uni : Une photo géante d’Andrew avec Epstein déployée à Buckingham par des militants antimonarchie,"Des militants antimonarchie ont déployé, lundi, à Buckingham Palace une photo d’Andrew avec Jeffrey Epstein pour réclamer la transparence à la famille royale",https://img.20mn.fr/nidXJBssSQez95nOl-23syk/1444x920_des-militants-antiroyalistes-brandissent-des-pancartes-disant-le-saviez-vous-alors-que-le-roi-charles-iii-passe-dans-son-autocar-d-etat-en-route-vers-le-palais-de-westminster-pour-prononcer-le-discours-du-roi-lors-de-l-ouverture-officielle-du-parlement-des-militants-antiroyalistes-bordaient-le-parcours-brandissant-des-pancartes-sur-lesquelles-on-pouvait-lire-le-saviez-vous-en-reference-a-la-relation-d-andrew-mountbatten-windsor-avec-le-delinquant-sexuel-juvenile-jeffrey-epstein-lab-ky-mo-sopa-images-sopa-images-sopa0599-credit-lab-ky-mo-sopa-sipa-2605140736,2026-07-13T18:21:15Z,http://web.archive.org/web/20260713203700/https://www.20minutes.fr/monde/royaume-uni/4234455-20260713-royaume-uni-photo-geante-andrew-epstein-deployee-buckingham-militants-antimonarchie,"Laffaire Epstein continue dalimenter la colère des Britanniques. Lundi, des militants antimonarchie du groupe Republic ont déployé dans la salle du trône de Buckingham une grande photographie montran… [+1797 chars]",,fr,'Jeffrey Epstein'
https://www.huffingtonpost.fr/politique/article/comment-emmanuel-macron-veut-faire-du-defile-du-14-juillet-la-vitrine-de-ses-quelques-reussites_287531.html,https://www.huffingtonpost.fr/politique/article/comment-emmanuel-macron-veut-faire-du-defile-du-14-juillet-la-vitrine-de-ses-quelques-reussites_287531.html,0,www.huffingtonpost.fr,Comment Emmanuel Macron veut faire du défilé du 14-juillet la vitrine de ses quelques réussites,"Le président de la République compte sur la traditionnelle parade militaire pour mettre en scène certaines de ses intuitions, sur le nécessaire réarmement ou le réveil de l’Europe.",https://focus.huffingtonpost.fr/2026/07/12/658/0/7994/4496/1820/1023/75/0/976914e_upload-1-e3yiyvnl3rjq-afp-20250714-66pc7gm-v1-highres-francebastilledayparade.jpg,2026-07-14T05:02:16Z,,"Une cérémonie dadieu hors normes. Emmanuel Macron va présider ce mardi 14 juillet son dernier défilé militaire, avant de passer la main à son successeur dans une dizaine de mois. Un rendez-vous tradi… [+4511 chars]",,fr,'Emmanuel Macron'
https://www.franceinfo.fr/replay-radio/le-vrai-du-faux/vrai-ou-faux-le-gouvernement-attal-a-t-il-coupe-dans-le-budget-de-la-securite-civile-entrainant-l-annulation-de-la-commande-de-deux-canadair_8063753.html,https://www.franceinfo.fr/replay-radio/le-vrai-du-faux/vrai-ou-faux-le-gouvernement-attal-a-t-il-coupe-dans-le-budget-de-la-securite-civile-entrainant-l-annulation-de-la-commande-de-deux-canadair_8063753.html,0,www.franceinfo.fr,"Le gouvernement Attal a-t-il coupé dans le budget de la sécurité civile, entraînant l'annulation de la commande de deux Canadair ?","Début juillet, le député LFI Manuel Bompard a accusé le gouvernement de Gabriel Attal d'avoir diminué le budget de la sécurité civile de 50 millions d'euros. Une coupe budgétaire qui a ""mené à l'annulation de la commande de deux Canadair supplémentaires"". Bie…",https://www.franceinfo.fr/pictures/Jjm0TFzvdgpvhJanW-Elh-iVZ_Y/0x53:1024x629/1500x843/2026/07/14/6a55ca7f82474539653722.jpg,2026-07-14T05:34:59Z,http://web.archive.org/web/20260715001347/https://www.franceinfo.fr/replay-radio/le-vrai-du-faux/vrai-ou-faux-le-gouvernement-attal-a-t-il-coupe-dans-le-budget-de-la-securite-civile-entrainant-l-annulation-de-la-commande-de-deux-canadair_8063753.html,"Début juillet, le député LFI Manuel Bompard a accusé le gouvernement de Gabriel Attal d'avoir diminué le budget de la sécurité civile de 50 millions d'euros. Une coupe budgétaire qui a ""mené à l'annu… [+5575 chars]",,fr,'nan nan'
https://www.presse-citron.net/sondage-presidentielles-france-voterait-marine-le-pen-elections-avaient-lieu-dimanche/,https://www.presse-citron.net/sondage-presidentielles-france-voterait-marine-le-pen-elections-avaient-lieu-dimanche/,0,www.presse-citron.net,Sondage des Présidentielles : la France voterait Marine Le Pen si les élections avaient lieu ce dimanche,"Malgré sa condamnation, Marine Le Pen serait élue présidente si le vote avait lieu aujourd’hui, révèle un nouveau sondage. Et ce, quel que soit le candidat en face.",https://www.presse-citron.net/app/uploads/2026/07/marine-le-pen-1600x900.jpg,2026-07-14T07:00:49Z,http://web.archive.org/web/20260714084220/https://www.presse-citron.net/sondage-presidentielles-france-voterait-marine-le-pen-elections-avaient-lieu-dimanche/,"Si Marine Le Pen se présenterait à la présidentielle aujourdhui, elle l’emporterait dès le premier tour, daprès un sondage Elabe pour BFMTV et La Tribune Dimanche, mené en ligne les jeudi 9 et vendre… [+3689 chars]",,fr,'Marine Le Pen'
https://www.huffingtonpost.fr/politique/article/le-titre-du-livre-de-jerome-guedj-depute-ps-et-ex-proche-de-melenchon-a-tout-d-une-pique-a-lfi_288323.html,https://www.huffingtonpost.fr/politique/article/le-titre-du-livre-de-jerome-guedj-depute-ps-et-ex-proche-de-melenchon-a-tout-d-une-pique-a-lfi_288323.html,0,www.huffingtonpost.fr,"Le titre du livre de Jérôme Guedj, député PS et ex-proche de Jean-Luc Mélenchon, risque de ne pas plaire à LFI","Le titre de l’ouvrage du candidat à la présidentielle 2027 n’est pas sans rappeler la réplique connue de Jean-Luc Mélenchon : « La République, c’est moi ! »",https://focus.huffingtonpost.fr/2026/07/14/0/111/826/465/1820/1023/75/0/52d392b_upload-1-q2k277yyfugw-afp-20260217-97vt9wg-v1-midres-francepoliticsgovernmentparliament.jpg,2026-07-14T11:47:23Z,,"Petite pique entre ex-amis. Candidat à la présidentielle 2027, le député socialiste Jérôme Guedj a lui aussi opté pour une stratégie de communication classique qui passe par la sortie dun livre pour … [+2931 chars]",,fr,'Jean-Luc Mélenchon'
https://www.franceinfo.fr/societe/euthanasie/info-franceinfo-loi-sur-la-fin-de-vie-sebastien-lecornu-va-saisir-le-conseil-constitutionnel-sur-une-partie-des-dispositions-apres-le-vote_8107604.html,https://www.franceinfo.fr/societe/euthanasie/info-franceinfo-loi-sur-la-fin-de-vie-sebastien-lecornu-va-saisir-le-conseil-constitutionnel-sur-une-partie-des-dispositions-apres-le-vote_8107604.html,0,www.franceinfo.fr,Loi sur la fin de vie : Sébastien Lecornu va saisir le Conseil constitutionnel sur une partie des dispositions après le vote,"L'Assemblée nationale doit voter, mercredi définitivement le texte sur le droit à mourir, la promesse phare du deuxième quinquennat d'Emmanuel Macron.",https://www.franceinfo.fr/pictures/D4Ugio5P6pex0keQqt_T2RUGS8Q/0x333:6401x3934/1500x843/2026/06/29/6a424367bf92c229423804.jpg,2026-07-14T13:06:53Z,http://web.archive.org/web/20260715033404/https://www.franceinfo.fr/societe/euthanasie/info-franceinfo-loi-sur-la-fin-de-vie-sebastien-lecornu-va-saisir-le-conseil-constitutionnel-sur-une-partie-des-dispositions-apres-le-vote_8107604.html,"Sébastien Lecornu va saisir le Conseil constitutionnel sur une partie des dispositions de la proposition de loi sur la fin de vie, après le vote définitif du texte qui aura lieu mercredi, a appris fr… [+1786 chars]",,fr,'Sébastien Lecornu'
https://www.huffingtonpost.fr/politique/article/le-manque-de-canadair-vire-a-la-bataille-politique-entre-gabriel-attal-et-lfi_288422.html,https://www.huffingtonpost.fr/politique/article/le-manque-de-canadair-vire-a-la-bataille-politique-entre-gabriel-attal-et-lfi_288422.html,0,www.huffingtonpost.fr,Le manque de Canadair vire à la bataille politique entre Gabriel Attal et LFI,"Comme chaque été, les responsables politiques déplorent le manque de moyens pour lutter contre les incendies. Un décret pris par Gabriel Attal est particulièrement pointé du doigt.",https://focus.huffingtonpost.fr/2026/05/21/127/0/5568/3132/1820/1023/75/0/9285174_upload-1-i1kmtmqbjnof-afp-20260505-a9wm8g3-v1-highres-francepoliticspartiesrenaissance.jpg,2026-07-14T13:20:46Z,,"Il y a les pompiers qui luttent contre les incendies et les candidats à la présidentielle qui saffrontent entre eux. Alors que la forêt de Fontainebleau est en proie aux flammes, linsoumis Jean-Luc M… [+3865 chars]",,fr,'Jean-Luc Mélenchon'
https://www.huffingtonpost.fr/international/video/ce-trophee-installe-a-washington-pour-donald-trump-ne-devrait-pas-lui-plaire_288587.html,https://www.huffingtonpost.fr/international/video/ce-trophee-installe-a-washington-pour-donald-trump-ne-devrait-pas-lui-plaire_288587.html,0,www.huffingtonpost.fr,Ce trophée installé à Washington pour Donald Trump ne devrait pas lui plaire,Un groupe d’artistes anonymes a rendu un hommage ironique au président américain pour « sa participation enthousiaste à la guerre en Iran ».,https://focus.huffingtonpost.fr/2026/07/14/0/0/1920/1080/1820/1023/75/0/004b524_upload-1-qglg4fi03gak-trump-00-02-17-18-still004.jpg,2026-07-14T15:45:19Z,,"La lecture de ce contenu est susceptible dentraîner un dépôt de cookies de la part de lopérateur tiers qui lhéberge. Compte-tenu des choix que vous avez exprimés en matière de dépôt de cookies, nous … [+1984 chars]",,fr,'Jeffrey Epstein'
https://www.huffingtonpost.fr/france/article/attentat-de-nice-ne-nous-abandonnez-pas-le-message-fort-des-associations-de-victimes-10-ans-apres_288686.html,https://www.huffingtonpost.fr/france/article/attentat-de-nice-ne-nous-abandonnez-pas-le-message-fort-des-associations-de-victimes-10-ans-apres_288686.html,0,www.huffingtonpost.fr,"Attentat de Nice : « ne nous abandonnez pas », le message fort des associations de victimes 10 ans après",La journée du 14 juillet a été marquée par les hommages à Nice. Emmanuel Macron a notamment prononcé en fin d’après-midi un discours sur la place Massena.,https://focus.huffingtonpost.fr/2026/07/14/308/0/5293/2977/1820/1023/75/0/3cffa4e_upload-1-ssvdycecexwh-afp-20260714-c2777tr-v1-highres-franceattacksniceanniversary.jpg,2026-07-14T18:57:49Z,,"Dix ans après, Nice rendait hommage ce mardi aux victimes de lattentat qui a fait 86 morts et plus de 400 blessés le 14 juillet 2016 sur la Promenade des Anglais. Ce soir-là, le Tunisien Mohamed Laho… [+4524 chars]",,fr,'Emmanuel Macron'
https://www.huffingtonpost.fr/politique/article/le-texte-sur-la-fin-de-vie-dans-la-derniere-ligne-droite-l-aboutissement-d-un-combat-de-14-ans-pour-falorni_288126.html,https://www.huffingtonpost.fr/politique/article/le-texte-sur-la-fin-de-vie-dans-la-derniere-ligne-droite-l-aboutissement-d-un-combat-de-14-ans-pour-falorni_288126.html,0,www.huffingtonpost.fr,"Le texte sur la fin de vie dans la dernière ligne droite, l’aboutissement d’un « combat de 14 ans » pour Falorni","L’Assemblée nationale doit se prononcer une dernière fois sur la création du droit à mourir, ultime vote avant une possible promulgation de la loi par Emmanuel Macron.",https://focus.huffingtonpost.fr/2026/07/14/0/0/1200/675/1820/1023/75/0/a3231dc_upload-1-hjjvhbt2ulqr-afp-20260225-98wg8w8-v1-midres-francepoliticsgovernmentparliamenteuthanasiaheal.jpg,2026-07-15T04:31:13Z,,"EN BREFLAssemblée nationale vote pour la dernière fois sur la création du droit à mourir, étape clé dun « combat de 14 ans » mené par lex-député Olivier Falorni.Le texte, soutenu par une majorité de … [+6140 chars]",,fr,'Emmanuel Macron'
https://www.lalibre.be/culture/cinema/films/2026/07/15/pourquoi-le-cineaste-christopher-nolan-peut-il-tout-se-permettre-NXA7RRLCABEELPESE2GKANP7DA/,https://www.lalibre.be/culture/cinema/films/2026/07/15/pourquoi-le-cineaste-christopher-nolan-peut-il-tout-se-permettre-NXA7RRLCABEELPESE2GKANP7DA/,0,www.lalibre.be,Pourquoi le cinéaste Christopher Nolan peut-il tout se permettre ?,"Ce mercredi, sort le film le plus attendu de l’année : “L’Odyssée”. Une adaptation d’Homère imaginée par le plus puissant des réalisateurs contemporains, qui parvient à imposer sa vision aux studios, aux exploitants et au public… ...",https://www.lalibre.be/resizer/v2/ROLAFMEIKZEXLPN4OJOYTTYRH4.jpg?auth=9fabf038d0e3805f70cea65fa28a5c4dc9c22c744b053bc4dae3133290d28820&width=1200&height=630&quality=85&focal=3693%2C2462,2026-07-15T07:54:52Z,,"Chez nous, Kinepolis inaugure les projections en pellicule Imax 70 mm pour la sortie de L'Odyssée. La salle bruxelloise est la seule dans le Benelux et la troisième en Europe (après Paris et Londres)… [+5432 chars]",,fr,'Christian Bale'
https://www.courrierinternational.com/article/philanthropie-a-la-suite-de-l-affaire-epstein-warren-buffett-suspend-ses-dons-a-la-fondation-gates_249894,https://www.courrierinternational.com/article/philanthropie-a-la-suite-de-l-affaire-epstein-warren-buffett-suspend-ses-dons-a-la-fondation-gates_249894,0,www.courrierinternational.com,"À la suite de l’affaire Epstein, Warren Buffett suspend ses dons à la Fondation Gates","Pour la première fois depuis vingt ans, le milliardaire américain nonagénaire ne soutient pas la fondation philanthropique créée par Bill et Melinda Gates. Le nom du cofondateur de Microsoft est apparu dans le dossier Jeffrey Epstein, condamné pour délits sex…",https://focus.courrierinternational.com/2025/05/04/1/0/3791/2527/1200/630/60/0/a4b9a5e_ftp-import-images-1-x8hnmcdkc7nu-2025-05-04t095455z-2030310306-rc26j7a60mxa-rtrmadp-3-berkshire-buffett-future.JPG,2026-07-15T12:08:50Z,,"Cest une promesse faite il y a vingt ans que Warren Buffett ne tiendra pas. Le milliardaire américain âgé de 95 ans a écarté la Fondation Gates de ses dons annuels en actions à des uvres caritatives,… [+1641 chars]",,fr,'Jeffrey Epstein'
https://www.20minutes.fr/monde/ukraine/4234617-20260715-guerre-ukraine-pays-otan-alerte-sabotages-russes-sursis-financier-moscou,https://www.20minutes.fr/monde/ukraine/4234617-20260715-guerre-ukraine-pays-otan-alerte-sabotages-russes-sursis-financier-moscou,0,www.20minutes.fr,Guerre en Ukraine : Des pays de l’Otan en alerte aux sabotages russes et un sursis financier pour Moscou,"« 20 Minutes » fait le point pour vous tous les soirs sur le conflit en Ukraine. Ce mercredi 15 juillet, la Lettonie et la Lituanie ont affirmé que Moscou se prépare à attaquer des infrastructures dans des pays de l’Otan",https://img.20mn.fr/WybKoVFHSFKKK2bbgJm7ESk/1444x920_dans-cette-capture-d-ecran-extraite-d-une-video-publiee-sur-le-site-officiel-du-bureau-de-presse-presidentiel-russe-le-3-juillet-2026-le-president-russe-vladimir-poutine-visite-un-poste-de-commandement-du-groupe-de-forces-conjointes-dans-le-contexte-du-conflit-russo-ukrainien-en-cours-photo-de-handout-bureau-de-presse-presidentiel-russe-afp-reserve-a-un-usage-editorial-credit-obligatoire-photo-afp-bureau-de-presse-presidentiel-russe-document-a-distribuer-pas-de-marketing-aucune-campagne-publicitaire-distribue-en-tant-que-service-aux-clients,2026-07-15T17:37:25Z,http://web.archive.org/web/20260715210857/https://www.20minutes.fr/monde/ukraine/4234617-20260715-guerre-ukraine-pays-otan-alerte-sabotages-russes-sursis-financier-moscou,"Vous avez raté les derniers événements sur la guerre en Ukraine ? 20 Minutes fait le point pour vous tous les soirs. Voici lessentiel de ce mercredi 15 juillet 2026, au 1.602e jour du conflit.
Le fa… [+2759 chars]",,fr,'nan nan'
https://www.bfmtv.com/politique/parlement/marine-le-pen-sophia-chikirou-gabriel-attal-qu-ont-vote-les-deputes-sur-le-texte-creant-un-droit-a-l-aide-a-mourir_AN-202607160390.html,https://www.bfmtv.com/politique/parlement/marine-le-pen-sophia-chikirou-gabriel-attal-qu-ont-vote-les-deputes-sur-le-texte-creant-un-droit-a-l-aide-a-mourir_AN-202607160390.html,0,www.bfmtv.com,"Marine Le Pen, Sophia Chikirou, Gabriel Attal… Qu'ont voté les députés sur le texte créant un droit à l'aide à mourir?","Mercredi 15 juillet l'Assemblée nationale a approuvé le texte de loi instaurant l'aide à mourir à 291 voix ""pour"" contre 241 ""contre"". Aucun parti n'avait donné de consigne de vote, laissant les députés libres de leur choix.",https://images.bfmtv.com/1Jiu5-GYWsRaiCn8F8TpOdfuBaU=/0x212:2048x1364/2048x0/images/L-Assemblee-nationale-en-juin-2026-2312081.jpg,2026-07-16T10:17:40Z,http://web.archive.org/web/20260716203108/https://www.bfmtv.com/politique/parlement/marine-le-pen-sophia-chikirou-gabriel-attal-qu-ont-vote-les-deputes-sur-le-texte-creant-un-droit-a-l-aide-a-mourir_AN-202607160390.html,"Mercredi 15 juillet l'Assemblée nationale a approuvé le texte de loi instaurant l'aide à mourir à 291 voix ""pour"" contre 241 ""contre"". Aucun parti n'avait donné de consigne de vote, laissant les dépu… [+4039 chars]",,fr,'Sophia Chikirou'
https://www.mediapart.fr/journal/international/160726/ukraine-pourquoi-le-limogeage-du-ministre-de-la-defense-fait-polemique,https://www.mediapart.fr/journal/international/160726/ukraine-pourquoi-le-limogeage-du-ministre-de-la-defense-fait-polemique,0,www.mediapart.fr,Ukraine: pourquoi le limogeage du ministre de la défense fait polémique,"Volodymyr Zelensky a mis fin aux fonctions de Mykhaïlo Fedorov, mercredi 15 juillet. Selon notre partenaire « The Kyiv Independent », le jeune ministre paye son opposition au chef d’état-major de l’armée, Oleksandr Syrsky. La décision provoque une importante …",https://static.mediapart.fr/etmagine/og/journal/files/2026/07/16/260716-img-limogeage-controverse-du-ministre-de-la-defense-ukrainien.jpg,2026-07-16T13:02:56Z,http://web.archive.org/web/20260717013144/https://www.mediapart.fr/journal/international/160726/ukraine-pourquoi-le-limogeage-du-ministre-de-la-defense-fait-polemique,"Les cookies et technologies similaires que nous utilisons sur Mediapart sont de différentes natures et nous permettent de poursuivre différentes finalités. 
Certains sont nécessaires au fonctionneme… [+3291 chars]",,fr,'Volodymyr Zelensky'
https://www.courrierinternational.com/article/politique-serhiy-koretskiy-un-nouveau-premier-ministre-charge-de-preparer-l-ukraine-a-un-hiver-difficile_250449,https://www.courrierinternational.com/article/politique-serhiy-koretskiy-un-nouveau-premier-ministre-charge-de-preparer-l-ukraine-a-un-hiver-difficile_250449,0,www.courrierinternational.com,"Serhiy Koretskiy, un nouveau Premier ministre chargé de préparer l’Ukraine à un hiver difficile","Après avoir accepté la démission du gouvernement précédent, le président Volodymyr Zelensky a désigné le technocrate Serhiy Koretskiy à la tête de l’exécutif. Une nomination censée aider le pays à se préparer à une saison froide particulièrement dure. Dans le…",https://focus.courrierinternational.com/2026/07/16/0/0/5866/3911/1200/630/60/0/d4f5562_ftp-1-btisfpoznhe0-afp-c2d469e.jpg,2026-07-16T14:23:22Z,,"La nomination de Serhiy Koretskiy au poste de Premier ministre vient dêtre acceptée par la Rada (le Parlement), rapporte le quotidien Gazeta.ua. Volodymyr Zelensky la annoncée la veille lors dune con… [+1077 chars]",,fr,'Premier ministre'
https://www.lesnumeriques.com/cine-svod/l-odyssee-interstellar-the-dark-knight-notre-classement-des-films-de-christopher-nolan-du-pire-au-meilleur-n259355.html,https://www.lesnumeriques.com/cine-svod/l-odyssee-interstellar-the-dark-knight-notre-classement-des-films-de-christopher-nolan-du-pire-au-meilleur-n259355.html,0,www.lesnumeriques.com,"Actualité : L'Odyssée, Interstellar, The Dark Knight… Notre classement des films de Christopher Nolan, du pire au meilleur","De The Following à L'Odyssée, Christopher Nolan a réalisé parmi les films les plus mémorables de ses 30 dernières années. Mais lequel est son meilleur ? Et lequel est son pire ? Voici le classement de la rédaction des Numériques.",https://cdn.lesnumeriques.com/optim/news/25/259355/765fa2f4-l-odyssee-interstellar-the-dark-knight-notre-classement-des-films-de-christopher-nolan-du-pire-au-meilleur_png__1200_678__0-0-2000-1050.jpg,2026-07-16T16:17:00Z,http://web.archive.org/web/20260716230403/https://www.lesnumeriques.com/cine-svod/l-odyssee-interstellar-the-dark-knight-notre-classement-des-films-de-christopher-nolan-du-pire-au-meilleur-n259355.html,"Quel est le meilleur film de la carrière de Christopher Nolan ?
© Warner Bros. Pictures / Universal Pictures / Syncopy Films
En plus de trois décennies de carrière, le réalisateur britannique Chris… [+13811 chars]",,fr,'Christian Bale'
https://www.ledauphine.com/politique/2026/07/17/la-riposte-de-laurent-wauquiez-a-marine-tondelier-elle-peut-garder-ses-lecons-au-lieu-de-parler-de-facon-aussi-meprisante,https://www.ledauphine.com/politique/2026/07/17/la-riposte-de-laurent-wauquiez-a-marine-tondelier-elle-peut-garder-ses-lecons-au-lieu-de-parler-de-facon-aussi-meprisante,0,www.ledauphine.com,Politique. La riposte de Laurent Wauquiez à Marine Tondelier : « Elle peut garder ses leçons au lieu de parler de façon aussi méprisante »,"La patronne des Écologistes, Marine Tondelier, a vivement critiqué Laurent Wauquiez sur l’offre des trains TER en Auvergne-Rhône-Alpes, qualifiant de « réseau le plus catastrophique » du pays. L’ancien président de Région, désormais conseiller spécial de Fabr…",https://cdn-s-www.ledauphine.com/images/E3FD0F5C-8933-43C5-98F3-4AF744201C3A/FB1200/photo-1784303273.jpg,2026-07-17T15:47:00Z,http://web.archive.org/web/20260718023448/https://www.ledauphine.com/politique/2026/07/17/la-riposte-de-laurent-wauquiez-a-marine-tondelier-elle-peut-garder-ses-lecons-au-lieu-de-parler-de-facon-aussi-meprisante,"Le Dauphiné Libéré, en tant que responsable de traitement, recueille dans ce formulaire des informations qui sont enregistrées dans un fichier informatisé par son Service Relations Clients, la finali… [+854 chars]",,fr,'Laurent Wauquiez'
https://www.franceinfo.fr/les-jeux-olympiques/alpes-francaises-2030/eric-ciotti-demande-une-commission-d-enquete-sur-l-organisation-et-le-financement-des-jeux-d-hiver-2030_8112269.html,https://www.franceinfo.fr/les-jeux-olympiques/alpes-francaises-2030/eric-ciotti-demande-une-commission-d-enquete-sur-l-organisation-et-le-financement-des-jeux-d-hiver-2030_8112269.html,0,www.franceinfo.fr,Éric Ciotti demande une commission d'enquête sur l'organisation et le financement des Jeux d'hiver 2030,"Le maire de Nice et son parti soulignent de ""graves dysfonctionnements internes"" et une ""mauvaise gestion"" pour ces JO organisés dans les Alpes françaises.",https://www.franceinfo.fr/pictures/Ey8Qi-dKyeYm5iokTrq11AmAttg/1500x843/2026/05/30/6a1b2f0028233841464030.jpg,2026-07-17T19:09:49Z,,"Éric Ciotti, député de l'Union des droites républicaines (UDR) des Alpes-Maritimes et maire de Nice, a déposé vendredi 17 juillet à l'Assemblée nationale une proposition de résolution visant à créer … [+534 chars]",,fr,'nan nan'
https://www.huffingtonpost.fr/international/video/en-ukraine-des-milliers-de-manifestants-contre-le-limogeage-du-ministre-de-la-defense_290468.html,https://www.huffingtonpost.fr/international/video/en-ukraine-des-milliers-de-manifestants-contre-le-limogeage-du-ministre-de-la-defense_290468.html,0,www.huffingtonpost.fr,"En Ukraine, des milliers de manifestants contre le limogeage du ministre de la Défense","Pour la deuxième journée consécutive, des milliers d’Ukrainiens ont manifesté à Kiev contre cette décision de Volodymyr Zelensky.",https://focus.huffingtonpost.fr/2026/07/17/53/0/1024/576/1820/1023/75/0/577d50e_upload-1-auyqu8q3jwns-afp-20260717-aa-17072026-2886006-v1-midres-thousandsprotestagainstthedismissalo.jpg,2026-07-17T19:42:14Z,,"Des milliers dUkrainiens ont manifesté dans la soirée de ce vendredi 17 juillet à Kiev contre le limogeage du populaire ministre de la Défense Mykhaïlo Fedorov, décidée par le président Volodymyr Zel… [+3063 chars]",,fr,'Volodymyr Zelensky'
https://www.begeek.fr/inception-16-ans-apres-une-fin-floue-moins-confuse-quon-croit-437312,https://www.begeek.fr/inception-16-ans-apres-une-fin-floue-moins-confuse-quon-croit-437312,0,www.begeek.fr,"Inception, 16 ans après, une fin floue moins confuse qu’on croit","Seize ans après sa sortie, la fin d’Inception continue de diviser. Pourtant, le film de Christopher Nolan laisse en réalité moins de doute qu’on le dit.",https://www.begeek.fr/wp-content/uploads/2026/07/inception.webp,2026-07-18T09:00:28Z,,"En bref
<ul><li>La fin d’Inception reste volontairement ambiguë</li><li>Le parcours de Cobb compte plus que la toupie</li><li>Le film indique pourtant un retour au réel</li></ul>
Seize ans plus tar… [+3201 chars]",,fr,'Christian Bale'
https://www.sofoot.com/breves/donald-trump-defend-harry-kane-et-fustige-la-tactique-de-thomas-tuchel-lors-de-lelimination-de-langleterre-par-largentine,https://www.sofoot.com/breves/donald-trump-defend-harry-kane-et-fustige-la-tactique-de-thomas-tuchel-lors-de-lelimination-de-langleterre-par-largentine,0,www.sofoot.com,Donald Trump défend Harry Kane et fustige la tactique de Thomas Tuchel lors de l’élimination de l’Angleterre par l’Argentine,"« Je ne suis pas président des États-Unis, je suis coach. » Présent vendredi soir à une conférence de presse pour faire le…",https://sofoot.s3.eu-central-1.amazonaws.com/wp-content/uploads/2026/07/18111717/12515572-1400x992.jpg,2026-07-18T09:32:23Z,http://web.archive.org/web/20260718132715/https://www.sofoot.com/breves/donald-trump-defend-harry-kane-et-fustige-la-tactique-de-thomas-tuchel-lors-de-lelimination-de-langleterre-par-largentine,"«Je ne suis pas président des États-Unis, je suis coach.» Présent vendredi soir à une conférence de presse pour faire le bilan de la Coupe du monde avec Gianni Infantino, Donald Trump est revenu sur … [+780 chars]",,fr,'Donald Trump'
https://www.bfmtv.com/politique/front-national/capitulation-aplaventrisme-le-rn-et-lr-s-insurgent-contre-la-hausse-des-visas-pour-les-algeriens-envisagee-par-paris_AD-202607180191.html,https://www.bfmtv.com/politique/front-national/capitulation-aplaventrisme-le-rn-et-lr-s-insurgent-contre-la-hausse-des-visas-pour-les-algeriens-envisagee-par-paris_AD-202607180191.html,0,www.bfmtv.com,"""Capitulation"", ""aplaventrisme""... Le RN et LR s'insurgent contre la hausse des visas pour les Algériens envisagée par Paris","Jordan Bardella et Bruno Retailleau ont fustigé vendredi 17 juillet une déclaration de l'ambassadeur de France en Algérie, qui a évoqué une ""hausse"" du nombre de visas délivrés aux Algériens, pour atteindre 250.000 visas par an, soit le nombre de visas délivr…",https://images.bfmtv.com/Paq8phiZKYyHZqbQHDWDeyQFOfE=/0x177:2048x1329/2048x0/images/Jordan-Bardella-et-Bruno-Retailleau-2076602.jpg,2026-07-18T10:19:56Z,,"Jordan Bardella et Bruno Retailleau ont fustigé vendredi 17 juillet une déclaration de l'ambassadeur de France en Algérie, qui a évoqué une ""hausse"" du nombre de visas délivrés aux Algériens, pour at… [+4640 chars]",,fr,'Bruno Retailleau'
https://www.ledauphine.com/jeux-olympiques/2026/07/18/sur-fond-de-reglement-de-compte-eric-ciotti-reclame-une-commission-d-enquete-sur-les-alpes-2030,https://www.ledauphine.com/jeux-olympiques/2026/07/18/sur-fond-de-reglement-de-compte-eric-ciotti-reclame-une-commission-d-enquete-sur-les-alpes-2030,0,www.ledauphine.com,"Jeux olympiques d’hiver. Sur fond de règlement de compte, Éric Ciotti réclame une commission d’enquête sur les Alpes 2030","Avec son groupe UDR à l’Assemblée Nationale, Éric Ciotti réclame une commission d’enquête « sur l’organisation et les financements des Jeux olympiques des Alpes 2030 ». Le député-maire de Nice ne digère toujours pas que sa ville ait été évincée de la carte de…",https://cdn-s-www.ledauphine.com/images/5D7BE095-A4B5-4C83-8773-649CEBBCB1F8/FB1200/photo-1784388817.jpg,2026-07-18T15:34:00Z,http://web.archive.org/web/20260718185401/https://www.ledauphine.com/jeux-olympiques/2026/07/18/sur-fond-de-reglement-de-compte-eric-ciotti-reclame-une-commission-d-enquete-sur-les-alpes-2030,"Le Dauphiné Libéré, en tant que responsable de traitement, recueille dans ce formulaire des informations qui sont enregistrées dans un fichier informatisé par son Service Relations Clients, la finali… [+854 chars]",,fr,'Éric Ciotti'
https://www.begeek.fr/avec-the-odyssey-nolan-laisse-entrevoir-un-film-dhorreur-brutal-437321,https://www.begeek.fr/avec-the-odyssey-nolan-laisse-entrevoir-un-film-dhorreur-brutal-437321,0,www.begeek.fr,"Avec The Odyssey, Nolan laisse entrevoir un film d’horreur brutal",Une scène de Circe dans The Odyssey fait basculer Christopher Nolan vers l’horreur pure. Et elle dit beaucoup de ce qu’il pourrait faire ensuite.,https://www.begeek.fr/wp-content/uploads/2025/01/the-odyssey.webp,2026-07-18T19:00:30Z,,"En bref
<ul><li>Une scène de The Odyssey vire au pur cauchemar</li><li>Christopher Nolan assume son envie de faire de l’horreur</li><li>Le film teste déjà cette piste, très sérieusement</li></ul>
I… [+3499 chars]",,fr,'Christian Bale'
https://www.camer.be/94014/7:1/monde-entier-festival-de-buts-conor-mcgregor-a-place-un-pari-de-100-000-usd-sur-la-finale-du-tournoi-planetaire-world.html,https://www.camer.be/94014/7:1/monde-entier-festival-de-buts-conor-mcgregor-a-place-un-pari-de-100-000-usd-sur-la-finale-du-tournoi-planetaire-world.html,0,www.camer.be,:: Festival de buts : Conor McGregor a placé un pari de 100 000 USD sur la finale du Tournoi planétaire,"Le roi de l&#039;UFC et ambassadeur de la marque mondiale de paris 1xBet
[https://reffpa.com/L?tag=d_5008157m_97c_Conor_WC26&amp;site=5008157&amp;ad=97&amp;r=top-events/wc2026/l...",https://www.camer.be/storage/photos/shares/Monde2/Bet15.jpg,2026-07-18T20:02:27Z,,"Le roi de l'UFC et ambassadeur de la marque mondiale de paris 1xBet, Conor McGregor, a placé un pari de 100 000 USD sur le match de foot le plus attendu de l'année.
Dans quelques heures seulement, a… [+1655 chars]",,fr,'Conor McGregor'
https://www.ledauphine.com/elections/2026/07/19/un-ete-entre-transats-et-tractages-pour-les-candidats,https://www.ledauphine.com/elections/2026/07/19/un-ete-entre-transats-et-tractages-pour-les-candidats,0,www.ledauphine.com,Présidentielle 2027. Un été entre transats et tractages pour les candidats,"Tournée des plages, repos assumé, cartes postales médiatiques : les candidats à la présidentielle, officiels ou officieux, n’ont pas tous le même été. Mais ils ont le même objectif : réussir leur rentrée.",https://cdn-s-www.ledauphine.com/images/E812337F-8C56-408B-9130-664AEBC31859/FB1200/photo-1784387502.jpg,2026-07-19T06:30:00Z,,"Dans un transat, à lombre dun parasol, ou sur les routes et les plages, tracts à la main ? À dix mois de lélection présidentielle, celles et ceux qui ambitionnent de succéder à Emmanuel Macron en mai… [+3755 chars]",,fr,'Emmanuel Macron'
https://www.20minutes.fr/arts-stars/people/4234966-20260719-andy-serkis-met-fin-suspens-concernant-participation-nouveau-seigneur-anneaux,https://www.20minutes.fr/arts-stars/people/4234966-20260719-andy-serkis-met-fin-suspens-concernant-participation-nouveau-seigneur-anneaux,0,www.20minutes.fr,Andy Serkis met fin au suspens concernant sa participation à un nouveau « Seigneur des anneaux »,"L’acteur et réalisateur est actuellement en plein tournage de « The Hunt for Gollum », le prochain volet de la franchise",https://img.20mn.fr/GwzBGDtwRyCCSrgC91oE3Ck/1444x920_andy-serkis-acteur-et-cineaste,2026-07-19T08:02:36Z,http://web.archive.org/web/20260719234225/https://www.20minutes.fr/arts-stars/people/4234966-20260719-andy-serkis-met-fin-suspens-concernant-participation-nouveau-seigneur-anneaux,"Andy Serkis a beau avoir pris beaucoup davancements au sein de la franchise Seigneurs des Anneaux, il y a des limites. Actuellement en plein tournage de The Hunt for Gollum, le prochain volet des fil… [+1500 chars]",,fr,'Stephen Colbert'
https://www.gameblog.fr/geek/ed/news/hbo-max-sorties-films-series-s30-2026-719414,https://www.gameblog.fr/geek/ed/news/hbo-max-sorties-films-series-s30-2026-719414,0,www.gameblog.fr,HBO Max : toutes les sorties de la semaine avec d'énormes films et une série événement,"HBO Max a un programme très chargé en cette avant-dernière semaine de juillet 2026, tant côté films avec d'énormes sorties qu'une série événement tiré d'une licence culte.",https://cdn-uploads.gameblog.fr/img/news/701770_68c0276888dda.webp,2026-07-20T08:09:21Z,,"HBO Max a un programme très chargé en cette avant-dernière semaine de juillet 2026, tant côté films avec d'énormes sorties qu'une série événement tiré d'une licence culte.Après une précédente semaine… [+2700 chars]",,fr,'HBO Max'
https://www.20minutes.fr/monde/royaume-uni/4235438-20260720-royaume-uni-peine-arrive-pouvoir-andy-burnham-promet-changements-profonds-reformes-sociales,https://www.20minutes.fr/monde/royaume-uni/4235438-20260720-royaume-uni-peine-arrive-pouvoir-andy-burnham-promet-changements-profonds-reformes-sociales,0,www.20minutes.fr,"Royaume-Uni : A peine arrivé au pouvoir, Andy Burnham promet des « changements profonds » et des réformes sociales",Le nouveau Premier ministre britannique a promis un « plan sur dix ans » pour changer « profondément » le Royaume-Uni et une action immédiate sur le coût de la vie,https://img.20mn.fr/9DJmO82dQQWUhepBelez4yk/1444x920_le-nouveau-premier-ministre-britannique-andy-burnham-et-son-epouse-marie-france-van-heel-saluent-leur-arrivee-au-10-downing-street-a-londres-le-lundi-20-juillet-2026-ap-photo-kirsty-wigglesworth-fas170-26201432499144-2607201541,2026-07-20T14:07:14Z,http://web.archive.org/web/20260721011302/https://www.20minutes.fr/monde/royaume-uni/4235438-20260720-royaume-uni-peine-arrive-pouvoir-andy-burnham-promet-changements-profonds-reformes-sociales,"Son arrivée à Downing Street signe la fin de 14 ans de domination des conservateurs. A peine entré dans ses fonctions de Premier ministre, le Britannique Andy Burnham a promis de mettre en place son … [+1856 chars]",,fr,'Andy Burnham'
https://www.telerama.fr/series-tv/house-of-the-dragon-cinq-lecons-politiques-a-tirer-du-prequel-de-game-of-thrones-a-neuf-mois-de-la-presidentielle-7032133.php,https://www.telerama.fr/series-tv/house-of-the-dragon-cinq-lecons-politiques-a-tirer-du-prequel-de-game-of-thrones-a-neuf-mois-de-la-presidentielle-7032133.php,0,www.telerama.fr,“House of the Dragon” : cinq leçons politiques à tirer du préquel de “Game of Thrones” (à neuf mois de la présidentielle),"Entre rivalités et course au trône, la série, dont la troisième saison est en cours de diffusion sur HBO Max, ressemble à un petit manuel de luttes de pouvoir. Applicable aussi bien à l’univers fictif imaginé par George R.R. Martin qu’à notre monde réel.",https://focus.telerama.fr/2026/07/16/31/0/1920/1280/1200/800/60/0/952c024_upload-1-ixy1mb1ht4s6-emma-d-arcy.jpg,2026-07-20T15:50:10Z,,"Pour soutenir le travail de toute une rédaction, abonnez-vousPourquoi voyez-vous ce message ?
 Vous avez choisi de ne pas accepter le dépôt de ""cookies"" sur votre navigateur, qui permettent notammen… [+616 chars]",,fr,'HBO Max'
https://www.legorafi.fr/2026/07/20/jean-luc-melenchon-veut-instaurer-une-finale-pour-la-3e-place-a-la-presidentielle/,https://www.legorafi.fr/2026/07/20/jean-luc-melenchon-veut-instaurer-une-finale-pour-la-3e-place-a-la-presidentielle/,0,www.legorafi.fr,Jean-Luc Mélenchon veut instaurer une finale pour la 3e place à la présidentielle,"Le chef de file de La France insoumise pense qu’il est primordial de récompenser le troisième de la présidentielle à l’issue d’une petite finale. 
L’article Jean-Luc Mélenchon veut instaurer une finale pour la 3e place à la présidentielle est apparu en premie…",https://www.legorafi.fr/wp-content/uploads/2026/02/GettyImages-2160805878-1000x600.jpg,2026-07-20T16:00:00Z,http://web.archive.org/web/20260720175932/https://www.legorafi.fr/2026/07/20/jean-luc-melenchon-veut-instaurer-une-finale-pour-la-3e-place-a-la-presidentielle/,"La Coupe du monde aux Etats-Unis donne, semble-t-il, des idées au monde politique. Ce samedi, quelques heures avant le coup denvoi de France-Angleterre au Hard Rock stadium de Miami, Jean-Luc Mélench… [+1476 chars]",,fr,'Jean-Luc Mélenchon'
https://www.nouvelobs.com/monde/20260721.OBS116846/affaire-epstein-quand-jean-luc-brunel-reclamait-50-millions-de-dollars-a-son-ancien-ami.html,https://www.nouvelobs.com/monde/20260721.OBS116846/affaire-epstein-quand-jean-luc-brunel-reclamait-50-millions-de-dollars-a-son-ancien-ami.html,0,www.nouvelobs.com,Affaire Epstein : quand Jean-Luc Brunel réclamait 50 millions de dollars à son ancien ami,"Mis en cause, à l’instar du prince Andrew, par les déclarations fracassantes de Virginia Giuffre, ancienne « esclave sexuelle » du financier new-yorkais, l’agent de mannequins français décide, en janvier 2015, d’attaquer son ami devant la justice civile améri…",https://focus.nouvelobs.com/2026/07/17/794/0/4250/2833/1200/800/0/0/641a4c2_upload-1-pxncoplwb6sy-eptein-brunel-web2.jpg,2026-07-21T05:00:10Z,http://web.archive.org/web/20260723130231/https://www.nouvelobs.com/monde/20260721.OBS116846/affaire-epstein-quand-jean-luc-brunel-reclamait-50-millions-de-dollars-a-son-ancien-ami.html,"Une photo non datée, prise dans un lieu tenu secret et diffusée le 9 août 2021 par le tribunal fédéral du district sud de New York, montre (de gauche à droite) le prince Andrew, Virginia Giuffre et G… [+1207 chars]",,fr,'Affaire Epstein'
https://www.gameblog.fr/jeu-video/ed/news/netflix-72-heures-kevin-hart-extrait-reactions-719441,https://www.gameblog.fr/jeu-video/ed/news/netflix-72-heures-kevin-hart-extrait-reactions-719441,0,www.gameblog.fr,"« Ça va être un pur chaos » Netflix dévoile son prochain film original, et ça fait réagir","À quelques jours de sa sortie sur Netflix, le film 72 heures avec Kevin Hart se dévoile avec un nouvel extrait qui fait déjà beaucoup réagir les internautes sur les réseaux sociaux.",https://cdn-uploads.gameblog.fr/img/news/597038_66bdaf5acbcdb.jpg,2026-07-21T06:20:00Z,,"À quelques jours de sa sortie sur Netflix, le film 72 heures avec Kevin Hart se dévoile avec un nouvel extrait qui fait déjà beaucoup réagir les internautes sur les réseaux sociaux.Si lactualité de l… [+2939 chars]",,fr,'HBO Max'
https://www.phonandroid.com/coup-de-theatre-le-rachat-de-warner-bros-par-paramount-bloque-par-la-justice-lun-des-plus-gros-deals-du-siecle-bientot-annule.html,https://www.phonandroid.com/coup-de-theatre-le-rachat-de-warner-bros-par-paramount-bloque-par-la-justice-lun-des-plus-gros-deals-du-siecle-bientot-annule.html,0,www.phonandroid.com,"Coup de théâtre : le rachat de Warner Bros par Paramount bloqué par la justice, l’un des plus gros deals du siècle bientôt annulé ?","Ce lundi 20 juillet, 12 procureurs étatsuniens ont obtenu la mise en pause du processus de rachat de Warner Bros par Paramount. Les plaignants estiment que la fusion des deux...",https://wp-pa.phonandroid.com/uploads/2025/12/warner-bros.jpg,2026-07-21T12:59:18Z,http://web.archive.org/web/20260721175331/https://www.phonandroid.com/coup-de-theatre-le-rachat-de-warner-bros-par-paramount-bloque-par-la-justice-lun-des-plus-gros-deals-du-siecle-bientot-annule.html,"Ce lundi 20 juillet, 12 procureurs étatsuniens ont obtenu la mise en pause du processus de rachat de Warner Bros par Paramount. Les plaignants estiment que la fusion des deux mastodontes du divertiss… [+2215 chars]",,fr,'nan nan'
https://www.franceinfo.fr/environnement/transition-ecologique-de-l-agriculture/pesticides/video-vous-entretenez-la-colere-avec-duplicite-sebastien-lecornu-accuse-les-ecologistes-de-mensonges-sur-le-projet-de-loi-agricole_8116610.html,https://www.franceinfo.fr/environnement/transition-ecologique-de-l-agriculture/pesticides/video-vous-entretenez-la-colere-avec-duplicite-sebastien-lecornu-accuse-les-ecologistes-de-mensonges-sur-le-projet-de-loi-agricole_8116610.html,0,www.franceinfo.fr,"""Vous entretenez la colère avec duplicité"" : Sébastien Lecornu accuse les écologistes de ""mensonges"" sur le projet de loi agricole","Le Premier ministre a répondu vivement à une question de la cheffe de file des députés écologistes, Cyrielle Chatelain, sur la réintroduction de pesticides actée dans la loi d'urgence agricole.",https://www.franceinfo.fr/pictures/xBqm9FY-TjCgTuc8SC2_89ggbTQ/0x53:1024x629/1500x843/2026/07/21/6a5f8461c6f57549319906.jpg,2026-07-21T14:52:56Z,,"Le Premier ministre a répondu vivement à une question de la cheffe de file des députés écologistes, Cyrielle Chatelain, sur la réintroduction de pesticides actée dans la loi d'urgence agricole.
""Arr… [+1649 chars]",,fr,'Sébastien Lecornu'
https://www.courrierinternational.com/article/vu-d-allemagne-la-france-doit-elle-supprimer-le-delai-de-prescription-pour-les-crimes-sexuels_249909,https://www.courrierinternational.com/article/vu-d-allemagne-la-france-doit-elle-supprimer-le-delai-de-prescription-pour-les-crimes-sexuels_249909,0,www.courrierinternational.com,La France doit-elle supprimer le délai de prescription pour les crimes sexuels ?,"Une femme allemande accuse un collaborateur de Jeffrey Epstein de l’avoir violée à Paris en 1986, rapporte l’hebdomadaire allemand “Der Spiegel”. Mais lorsque la victime a porté plainte, en 2026, les faits étaient prescrits. Son cas est loin d’être isolé : en…",https://focus.courrierinternational.com/2025/10/08/0/0/7116/4744/1200/630/60/0/e1af265_ftp-import-images-1-ngxssjg9rn3k-afp-783q2ac.jpg,2026-07-21T16:00:12Z,,"Début mai, Anna (son nom a été changé) attend dans un commissariat de police parisien. Elle est venue porter plainte : elle veut signaler un viol dont elle a été victime en 1986. Originaire dune peti… [+1064 chars]",,fr,'Jeffrey Epstein'
https://www.courrierinternational.com/video/video-fedorov-fedorov-pourquoi-les-ukrainiens-sont-ils-dans-la-rue_251595,https://www.courrierinternational.com/video/video-fedorov-fedorov-pourquoi-les-ukrainiens-sont-ils-dans-la-rue_251595,0,www.courrierinternational.com,"“Fedorov, Fedorov” : pourquoi les Ukrainiens sont-ils dans la rue ?","Pour la cinquième journée consécutive, des manifestations ont eu lieu lundi 20 juillet dans plusieurs villes d’Ukraine. Les protestataires réclament le retour du jeune ministre de la Défense Mykhaïlo Fedorov, limogé par Volodymyr Zelensky une semaine plus tôt.",https://focus.courrierinternational.com/2026/07/20/0/0/5869/3913/1200/630/60/0/01293a5_ftp-1-fyaqrzjk7m0k-afp-c2pe3ke.jpg,2026-07-21T16:03:15Z,,"Kiev, Mykolaïv, Kharkiv, Ivano-Frankivsk, Lviv, Odessa La liste, égrenée par Oukraïnska Pravda, des différentes villes dUkraine où ont eu lieu des manifestations ce lundi 20 juillet nest pas exhausti… [+1944 chars]",,fr,'Volodymyr Zelensky'
https://www.begeek.fr/fast-furious-remonte-sur-hbo-max-mais-la-fin-reste-loin-437432,https://www.begeek.fr/fast-furious-remonte-sur-hbo-max-mais-la-fin-reste-loin-437432,0,www.begeek.fr,"Fast & Furious remonte sur HBO Max, mais la fin reste loin","Deux films Fast & Furious entrent dans le top 10 de HBO Max. La saga garde son public, alors même que son dernier chapitre n’arriverait qu’en 2028.",https://www.begeek.fr/wp-content/uploads/2026/07/fast-and-furious-11.webp,2026-07-21T18:00:36Z,,"En bref
<ul><li>Deux films remontent dans le top 10 HBO Max</li><li>Le final de la saga viserait mars 2028</li><li>Vin Diesel veut revoir Brian O’Conner</li></ul>
On en est à neuf films, et la saga… [+3139 chars]",,fr,'HBO Max'
https://www.franceinfo.fr/economie/budget/nous-ne-pouvons-pas-suspendre-toutes-les-decisions-jusqu-en-2027-sebastien-lecornu-ne-souhaite-pas-attendre-la-presidentielle-pour-trancher-des-arbitrages-budgetaires_8117492.html,https://www.franceinfo.fr/economie/budget/nous-ne-pouvons-pas-suspendre-toutes-les-decisions-jusqu-en-2027-sebastien-lecornu-ne-souhaite-pas-attendre-la-presidentielle-pour-trancher-des-arbitrages-budgetaires_8117492.html,0,www.franceinfo.fr,"""Nous ne pouvons pas suspendre toutes les décisions jusqu'en 2027"" : Sébastien Lecornu ne souhaite pas attendre la présidentielle pour trancher des arbitrages budgétaires","""Il faut avoir l'honnêteté de proposer une direction (budgétaire) maintenant, et l'humilité d'accepter que les Français puissent ensuite décider d'en changer. C'est la démocratie"", a estimé le Premier ministre dans un entretien à ""Paris-Match"" publié mercredi.",https://www.franceinfo.fr/pictures/aH2JfsnT19RPqKhUL28eQcgbpZ0/0x32:1024x608/1500x843/2026/07/22/6a60696d5692c966455059.jpg,2026-07-22T06:56:51Z,,"Sébastien Lecornu prévient que le gouvernement ne pourra ""pas suspendre toutes les décisions"" notamment budgétaires jusqu'à la présidentielle de 2027 pour réduire le déficit, se disant ""pas très opti… [+1741 chars]",,fr,'Sébastien Lecornu'
https://www.huffingtonpost.fr/france/article/daniel-siad-proche-d-epstein-et-rabatteur-presume-retrouve-mort-en-region-parisienne_292648.html,https://www.huffingtonpost.fr/france/article/daniel-siad-proche-d-epstein-et-rabatteur-presume-retrouve-mort-en-region-parisienne_292648.html,0,www.huffingtonpost.fr,"Daniel Siad, proche d’Epstein et « rabatteur » présumé, retrouvé mort en région parisienne","L’homme de 69 ans a été retrouvé mort à son domicile, dans les Hauts-de-Seine. Il était soupçonné de recruter des jeunes mannequins pour les envoyer au pédocriminel américain Jeffrey Epstein.",https://focus.huffingtonpost.fr/2026/07/22/0/0/1280/720/1820/1023/75/0/686a298_upload-1-gj0jq0to9wv9-design-sans-titre-23.png,2026-07-22T08:06:02Z,,"Son nom apparait plus de 2 000 fois dans les dossiers Epstein. Daniel Siad, rabatteur présumé du pédocriminel Jeffrey Epstein, a été retrouvé mort lundi à son domicile, à Colombes, dans les Hauts-de-… [+857 chars]",,fr,'Jeffrey Epstein'
https://www.ledauphine.com/carnet-du-jour/2026/07/22/daniel-siad-rabatteur-presume-de-mannequins-pour-jeffrey-epstein-retrouve-mort-chez-lui,https://www.ledauphine.com/carnet-du-jour/2026/07/22/daniel-siad-rabatteur-presume-de-mannequins-pour-jeffrey-epstein-retrouve-mort-chez-lui,0,www.ledauphine.com,"Disparition. Daniel Siad, rabatteur présumé de mannequins pour Jeffrey Epstein, retrouvé mort chez lui","Selon les informations du Parisien et BFMTV, Daniel Siad, rabatteur présumé du pédocriminel Jeffrey Epstein, a été retrouvé mort dans son domicile des Hauts-de-Seine, ce mercredi.",https://cdn-s-www.ledauphine.com/images/CACF4523-E619-4082-83A7-57EC1F280D94/FB1200/photo-1784708821.jpg,2026-07-22T08:26:00Z,,"Le Dauphiné Libéré, en tant que responsable de traitement, recueille dans ce formulaire des informations qui sont enregistrées dans un fichier informatisé par son Service Relations Clients, la finali… [+854 chars]",,fr,'Jeffrey Epstein'
https://www.dhnet.be/actu/2026/07/22/cite-a-de-nombreuses-reprises-dans-les-epstein-files-daniel-siad-a-ete-retrouve-mort-clone-OMBHCZYKPNGSDB35H7RMENUMU4/,https://www.dhnet.be/actu/2026/07/22/cite-a-de-nombreuses-reprises-dans-les-epstein-files-daniel-siad-a-ete-retrouve-mort-clone-OMBHCZYKPNGSDB35H7RMENUMU4/,0,www.dhnet.be,"Cité à de nombreuses reprises dans les “Epstein files”, Daniel Siad a été retrouvé mort - Clone",L’homme était soupçonné d’avoir recruté des mannequins pour le compte de Jeffrey Epstein. ...,https://www.dhnet.be/resizer/v2/2XKJU6NFBNBEBEZYZGEKYHMUKI.png?auth=d2114e2651cf39a64472d020536b987a95a394a089f9513dd238e54bab375a5d&width=1200&height=630&quality=85&focal=691%2C418,2026-07-22T08:39:41Z,http://web.archive.org/web/20260723030031/https://www.dhnet.be/actu/2026/07/22/cite-a-de-nombreuses-reprises-dans-les-epstein-files-daniel-siad-a-ete-retrouve-mort-clone-OMBHCZYKPNGSDB35H7RMENUMU4/,"L'information fait du bruit en France. Comme le relaie Le Parisien, Daniel Siad a été retrouvé mort lundi à son domicile dans les Hauts-de-Seine. C'est sa colocataire qui a fait la macabre découverte… [+688 chars]",,fr,'Jeffrey Epstein'
https://www.lalibre.be/international/europe/2026/07/22/cite-a-de-nombreuses-reprises-dans-les-epstein-files-daniel-siad-a-ete-retrouve-mort-FK6TT4EDHBFKFMB2TM6R7C5NKM/,https://www.lalibre.be/international/europe/2026/07/22/cite-a-de-nombreuses-reprises-dans-les-epstein-files-daniel-siad-a-ete-retrouve-mort-FK6TT4EDHBFKFMB2TM6R7C5NKM/,0,www.lalibre.be,"Cité à de nombreuses reprises dans les “Epstein files”, Daniel Siad a été retrouvé mort",L’homme était soupçonné d’avoir recruté des mannequins pour le compte de Jeffrey Epstein. ...,https://www.lalibre.be/resizer/v2/2XKJU6NFBNBEBEZYZGEKYHMUKI.png?auth=d2114e2651cf39a64472d020536b987a95a394a089f9513dd238e54bab375a5d&width=1200&height=630&quality=85&focal=691%2C418,2026-07-22T08:41:46Z,http://web.archive.org/web/20260722205443/https://www.lalibre.be/international/europe/2026/07/22/cite-a-de-nombreuses-reprises-dans-les-epstein-files-daniel-siad-a-ete-retrouve-mort-FK6TT4EDHBFKFMB2TM6R7C5NKM/,"L'information fait du bruit en France. Comme le relaie Le Parisien, Daniel Siad a été retrouvé mort lundi à son domicile dans les Hauts-de-Seine. C'est sa colocataire qui a fait la macabre découverte… [+698 chars]",,fr,'Jeffrey Epstein'
https://www.20minutes.fr/faits_divers/4235717-20260722-affaire-epstein-daniel-siad-soupconne-avoir-rabatteur-americain-retrouve-mort-hauts-seine,https://www.20minutes.fr/faits_divers/4235717-20260722-affaire-epstein-daniel-siad-soupconne-avoir-rabatteur-americain-retrouve-mort-hauts-seine,0,www.20minutes.fr,"Affaire Epstein : Daniel Siad, soupçonné d’avoir été le rabatteur de l’Américain, retrouvé mort dans les Hauts-de-Seine","Accusé de viol et soupçonné d’être le rabatteur de Jeffrey Epstein aux quatre coins du monde, le franco-suédois Daniel Siad a été retrouvé mort chez lui à Colombes",https://img.20mn.fr/AG-ltQEFSBOprM4F-2MQCCk/1444x920_daniel-siad-etait-soupconne-de-recruter-des-jeunes-mannequins-pour-les-envoyer-entre-les-griffes-du-pedocriminel-americain-jeffrey-epstein,2026-07-22T09:09:43Z,http://web.archive.org/web/20260722225613/https://www.20minutes.fr/faits_divers/4235717-20260722-affaire-epstein-daniel-siad-soupconne-avoir-rabatteur-americain-retrouve-mort-hauts-seine,"Son nom est cité plus de 2.000 fois dans les tristements célèbres dossiers Epstein. Ce lundi 20 juillet, Daniel Siad, soupçonné dêtre un rabatteur de Jeffrey Epstein, a été retrouvé mort à son domici… [+1706 chars]",,fr,'Affaire Epstein'
https://www.franceinfo.fr/monde/usa/affaire-jeffrey-epstein/daniel-siad-soupconne-d-avoir-ete-rabatteur-pour-le-compte-de-jeffrey-epstein-et-vise-par-des-plaintes-pour-viol-retrouve-mort-a-son-domicile_8117654.html,https://www.franceinfo.fr/monde/usa/affaire-jeffrey-epstein/daniel-siad-soupconne-d-avoir-ete-rabatteur-pour-le-compte-de-jeffrey-epstein-et-vise-par-des-plaintes-pour-viol-retrouve-mort-a-son-domicile_8117654.html,0,www.franceinfo.fr,"Daniel Siad, soupçonné d'avoir été rabatteur pour le compte de Jeffrey Epstein et visé par des plaintes pour viol, retrouvé mort à son domicile",Le sexagénaire était visé par cinq plaintes pour viols et agressions sexuelles.,https://www.franceinfo.fr/pictures/dESjl82XuiJULLLKiVRGec7bo0k/0x0:1920x1080/1500x843/2026/04/16/69e140ad4b26a512433467.jpg,2026-07-22T09:30:26Z,http://web.archive.org/web/20260722113601/https://www.franceinfo.fr/monde/usa/affaire-jeffrey-epstein/daniel-siad-soupconne-d-avoir-ete-rabatteur-pour-le-compte-de-jeffrey-epstein-et-vise-par-des-plaintes-pour-viol-retrouve-mort-a-son-domicile_8117654.html,"Daniel Siad, soupçonné d'avoir agi comme rabatteur pour le pédocriminelJeffrey Epstein, a été retrouvé mort à son domicile dans les Hauts-de-Seine, a appris franceinfo, mercredi 22 juillet, auprès du… [+1416 chars]",,fr,'Jeffrey Epstein'
https://www.lavenir.net/actu/monde/2026/07/22/daniel-siad-soupconne-davoir-ete-un-rabatteur-dans-laffaire-epstein-a-ete-retrouve-mort-a-son-domicile-il-devait-etre-entendu-par-la-justice-TLWVE7KN3FGOPD4GTR7WRAQBUU/,https://www.lavenir.net/actu/monde/2026/07/22/daniel-siad-soupconne-davoir-ete-un-rabatteur-dans-laffaire-epstein-a-ete-retrouve-mort-a-son-domicile-il-devait-etre-entendu-par-la-justice-TLWVE7KN3FGOPD4GTR7WRAQBUU/,0,www.lavenir.net,"Daniel Siad, soupçonné d’avoir été un rabatteur dans l’affaire Epstein, a été retrouvé mort à son domicile : il devait être entendu par la justice",Le Suédois a été retrouvé mort ce mardi 21 juillet 2026 à son domicile. Il était visé par plusieurs plaintes et son nom était revenu plus de 2000 fois dans les Epstein Files. ...,https://www.lavenir.net/resizer/v2/2XKJU6NFBNBEBEZYZGEKYHMUKI.png?auth=d2114e2651cf39a64472d020536b987a95a394a089f9513dd238e54bab375a5d&width=1200&height=630&quality=85&focal=691%2C418,2026-07-22T09:43:11Z,http://web.archive.org/web/20260723092006/https://www.lavenir.net/actu/monde/2026/07/22/daniel-siad-soupconne-davoir-ete-un-rabatteur-dans-laffaire-epstein-a-ete-retrouve-mort-a-son-domicile-il-devait-etre-entendu-par-la-justice-TLWVE7KN3FGOPD4GTR7WRAQBUU/,"Son nom avait été révélé au moment de la publication des Epstein Files par le gouvernement américain.
Selon Ouest-France, Daniel Siad était cité plus de 2000 fois dans l'enquête. Il entretenait des … [+188 chars]",,fr,'Epstein Files'
https://atlantico.fr/article/rdv/dales-a-matignon-narco-exfiltrations-a-tous-les-etages-sebastien-lecornu-ecarte-plusieurs-collaborateurs-apres-des-tests-anti-drogue-positifs,https://atlantico.fr/article/rdv/dales-a-matignon-narco-exfiltrations-a-tous-les-etages-sebastien-lecornu-ecarte-plusieurs-collaborateurs-apres-des-tests-anti-drogue-positifs,0,atlantico.fr,"D’Alès à Matignon, narco-exfiltrations à tous les étages : Sébastien Lecornu écarte plusieurs collaborateurs après des tests anti drogue positifs","Effectués de manière inopinée dans plusieurs ministères, des dépistages « surprises » illustrent la banalisation de la consommation, y compris dans les sphères chargées de lutter contre le trafic.",https://atlantico.codexcdn.net/assets/asdslpFZLdAv6ghZM.jpg?width=1600&height=900&quality=75,2026-07-22T09:55:00Z,,"Effectués de manière inopinée dans plusieurs ministères, des dépistages « surprises » illustrent la banalisation de la consommation, y compris dans les sphères chargées de lutter contre le trafic.",,fr,'Sébastien Lecornu'
https://www.mediapart.fr/journal/france/220726/daniel-siad-rabatteur-presume-du-pedocriminel-jeffrey-epstein-retrouve-mort-chez-lui-pres-de-paris,https://www.mediapart.fr/journal/france/220726/daniel-siad-rabatteur-presume-du-pedocriminel-jeffrey-epstein-retrouve-mort-chez-lui-pres-de-paris,0,www.mediapart.fr,"Daniel Siad, rabatteur présumé du pédocriminel Jeffrey Epstein, retrouvé mort chez lui près de Paris","Le recruteur de mannequins était visé par plusieurs plaintes, notamment pour viols. Une autopsie va être pratiquée pour connaître les circonstances de sa mort.",https://www.mediapart.fr/assets/front/images/social/og_image/journal.png,2026-07-22T10:19:56Z,http://web.archive.org/web/20260723012541/https://www.mediapart.fr/journal/france/220726/daniel-siad-rabatteur-presume-du-pedocriminel-jeffrey-epstein-retrouve-mort-chez-lui-pres-de-paris,"Les cookies et technologies similaires que nous utilisons sur Mediapart sont de différentes natures et nous permettent de poursuivre différentes finalités. 
Certains sont nécessaires au fonctionneme… [+3291 chars]",,fr,'Jeffrey Epstein'
https://www.bfmtv.com/politique/la-france-insoumise/presidentielle-2027-jean-luc-melenchon-tend-une-nouvelle-fois-la-main-aux-ecologistes-et-leur-propose-un-accord-global-et-carre_AD-202607220391.html,https://www.bfmtv.com/politique/la-france-insoumise/presidentielle-2027-jean-luc-melenchon-tend-une-nouvelle-fois-la-main-aux-ecologistes-et-leur-propose-un-accord-global-et-carre_AD-202607220391.html,0,www.bfmtv.com,"Présidentielle 2027: Jean-Luc Mélenchon tend une nouvelle fois la main aux Écologistes et leur propose un accord ""global et carré""","Le fondateur de LFI assure qu'il ne ""renonce pas à une stratégie unitaire"" et propose à Marine Tondelier en vue de la présidentielle 2027, mais aussi des élections législatives qui suivront et des élections régionales de 2028.",https://images.bfmtv.com/Xsv1SJUsTBVE136fatquG7Xa5Po=/0x0:2048x1152/2048x0/images/Jean-Luc-Melenchon-2312416.jpg,2026-07-22T11:38:32Z,http://web.archive.org/web/20260722134201/https://www.bfmtv.com/politique/la-france-insoumise/presidentielle-2027-jean-luc-melenchon-tend-une-nouvelle-fois-la-main-aux-ecologistes-et-leur-propose-un-accord-global-et-carre_AD-202607220391.html,"Le fondateur de LFI assure qu'il ne ""renonce pas à une stratégie unitaire"" et propose à Marine Tondelier en vue de la présidentielle 2027, mais aussi des élections législatives qui suivront et des él… [+2574 chars]",,fr,'Marine Tondelier'
https://www.franceinfo.fr/monde/usa/affaire-jeffrey-epstein/mort-de-daniel-siad-tres-choquee-et-en-colere-une-plaignante-reclame-des-reponses-sur-les-causes-de-sa-mort_8117870.html,https://www.franceinfo.fr/monde/usa/affaire-jeffrey-epstein/mort-de-daniel-siad-tres-choquee-et-en-colere-une-plaignante-reclame-des-reponses-sur-les-causes-de-sa-mort_8117870.html,0,www.franceinfo.fr,"Mort de Daniel Siad : ""Très choquée"" et ""en colère"", une plaignante réclame des réponses sur les causes de sa mort","Ebba Karlsson a porté plainte pour viol en février contre Daniel Siad, recruteur français de mannequins.",https://www.franceinfo.fr/pictures/uEha5ISMfHMZVrn4YU2e1J_d04Q/0x0:1890x1063/1500x843/2026/02/11/une-698c14e0bf5f2684237629.png,2026-07-22T11:56:48Z,,"""Je suis très très choquée, très déçue et très en colère"", déclare mercredi 22 juillet à l'Agence de vérification de Radio France l'ex-mannequin Ebba Karlsson, après l'annonce de la mort de Daniel Si… [+2275 chars]",,fr,'nan Si'
https://www.courrierinternational.com/article/politique-crise-politique-en-ukraine-zelensky-a-franchi-des-lignes-rouges-de-la-societe_251925,https://www.courrierinternational.com/article/politique-crise-politique-en-ukraine-zelensky-a-franchi-des-lignes-rouges-de-la-societe_251925,0,www.courrierinternational.com,Crise politique en Ukraine : “Zelensky a franchi des lignes rouges de la société”,"Confronté à des manifestations, Volodymyr Zelensky a cédé et vient de nommer un nouveau chef d’état-major des armées. Preuve, analysent les éditorialistes locaux, que la conscience citoyenne de la population reste une force avec laquelle il faut compter, même…",https://focus.courrierinternational.com/2026/07/20/0/0/4500/3000/1200/630/60/0/b91007d_ftp-1-fittcribsqtn-2026-07-20t185124z-1451218797-rc2uhmaslqgu-rtrmadp-3-ukraine-crisis-government-protest.JPG,2026-07-22T13:15:07Z,,"Depuis le début de la guerre totale, écrit le journaliste Pavlo Kazarine, lui-même engagé dans larmée dès 2022, pour le quotidien en ligne Oukraïnska Pravda,un accord tacite a été conclu entre le pou… [+1073 chars]",,fr,'Volodymyr Zelensky'
https://www.nouvelobs.com/monde/20260722.OBS116885/les-questions-qui-se-posent-apres-la-mort-de-daniel-siad-rabatteur-presume-du-pedocriminel-jeffrey-epstein.html,https://www.nouvelobs.com/monde/20260722.OBS116885/les-questions-qui-se-posent-apres-la-mort-de-daniel-siad-rabatteur-presume-du-pedocriminel-jeffrey-epstein.html,0,www.nouvelobs.com,"Les questions qui se posent après la mort de Daniel Siad, rabatteur présumé du pédocriminel Jeffrey Epstein","Visé par plusieurs plaintes pour viols et traite d’êtres humains, l’ancien recruteur de mannequins a été retrouvé mort lundi à Colombes (Hauts-de-Seine). Daniel Siad, dont le nom apparaît plus de 2000 fois dans les « Epstein Files », n’avait pas encore été en…",https://focus.nouvelobs.com/2026/07/22/0/0/870/580/1200/800/0/0/a3b0ffc_upload-1-mb4izxccjlzz-7af5df0-upload-1-1awrl9vfsque-image-11-02-2026-a-17-21.jpg,2026-07-22T13:18:07Z,,"Daniel Siad. Extrait du document diffusé dans «  lil du 20 heures » et « Complément denquête » sur France 2.  CAPTURE DÉCRAN. 
Daniel Siad ne répondra jamais devant la justice aux accusations portée… [+8081 chars]",,fr,'laffaire Epstein'
https://www.franceinfo.fr/culture/la-ministre-de-la-culture-catherine-pegard-assure-veiller-a-l-integrite-de-la-dj-barbara-butch_8117972.html,https://www.franceinfo.fr/culture/la-ministre-de-la-culture-catherine-pegard-assure-veiller-a-l-integrite-de-la-dj-barbara-butch_8117972.html,0,www.franceinfo.fr,"La ministre de la Culture Catherine Pégard assure veiller à ""l'intégrité"" de la DJ Barbara Butch","L'artiste doit se produire samedi soir à Saint-Martin-du-Tertre, un village de l'Yonne, dans le cadre d'un évènement musical organisé par une association locale.",https://www.franceinfo.fr/pictures/GYLF2Gu_rrVYlG6Bnlm10PZNzMQ/0x0:1024x576/1500x843/2026/07/22/6a60cf90ca9ef066364321.jpg,2026-07-22T14:33:35Z,,"La ministre de la Culture Catherine Pégard a rencontré mercredi 22 juillet la DJ Barbara Butch lui affirmant, selon son entourage, sa volonté de protéger son ""intégrité"" à la suite de son concert int… [+2173 chars]",,fr,'Catherine Pégard'
https://atlantico.fr/article/video/comment-emmanuel-macron-a-convaincu-monique-barbut-de-rester-au-gouvernement,https://atlantico.fr/article/video/comment-emmanuel-macron-a-convaincu-monique-barbut-de-rester-au-gouvernement,0,atlantico.fr,Comment Emmanuel Macron a convaincu Monique Barbut de rester au gouvernement ?,"La porte-parole du gouvernement Maud Bregeon revient sur l'échange entre Emmanuel Macron, Sébastien Lecornu et la ministre de la Transition écologique Monique Barbut, à l'occasion du compte rendu du conseil des ministres, mercredi 22 juillet.",https://atlantico.codexcdn.net/assets/asotrYlWoI749pGCU.jpg?width=1600&height=900&quality=75,2026-07-22T15:49:00Z,http://web.archive.org/web/20260723062729/https://atlantico.fr/article/video/comment-emmanuel-macron-a-convaincu-monique-barbut-de-rester-au-gouvernement,"La porte-parole du gouvernement Maud Bregeon revient sur l'échange entre Emmanuel Macron, Sébastien Lecornu et la ministre de la Transition écologique Monique Barbut, à l'occasion du compte rendu du … [+42 chars]",,fr,'Maud Bregeon'
https://www.lesnumeriques.com/serie/stuart-fails-to-save-the-universe-p78574/test.html,https://www.lesnumeriques.com/serie/stuart-fails-to-save-the-universe-p78574/test.html,0,www.lesnumeriques.com,Critique Stuart Fails to Save the Universe (HBO Max) : un spin-off qui fait honneur à The Big Bang Theory,"Le vendeur de comics de The Big Bang Theory est la star de sa propre série sur la plateforme de streaming HBO Max. Voici notre critique de Stuart Fails to Save the Universe, garantie sans spoiler.",https://cdn.lesnumeriques.com/optim/product/78/78574/9bcfef63-stuart-fails-to-save-the-universe__1200_678__373-1244-3252-2755.jpg,2026-07-22T16:00:00Z,http://web.archive.org/web/20260723015839/https://www.lesnumeriques.com/serie/stuart-fails-to-save-the-universe-p78574/test.html,"Après sêtre concentrée sur la jeunesse de Sheldon Cooper dans Young Sheldon et sur la vie de sa famille dans Georgie &amp; Mandys First Marriage, la franchise The Big Bang Theory effectue un retour a… [+3246 chars]",,fr,'HBO Max'
https://www.20minutes.fr/arts-stars/people/4235846-20260722-accessoire-christopher-nolan-interdit-tous-acteurs-tournages,https://www.20minutes.fr/arts-stars/people/4235846-20260722-accessoire-christopher-nolan-interdit-tous-acteurs-tournages,0,www.20minutes.fr,Cet accessoire que Christopher Nolan interdit à tous ses acteurs sur les tournages,"Je suis chaude, douce, et réconfortante mais pas forcément très jolie. Je suis, je suis, je suis…",https://img.20mn.fr/IjYb7DYzT5eWLtYOqRaWNik/1444x920_prix-du-new-york-film-critics-circle-au-tao-downtown-avec-christopher-nolan-ou-new-york-new-york-etats-unis-quand-3-janvier-2024-credit-dave-allocca-star-pix-star-traksphoto-com,2026-07-22T16:00:24Z,http://web.archive.org/web/20260723022512/https://www.20minutes.fr/arts-stars/people/4235846-20260722-accessoire-christopher-nolan-interdit-tous-acteurs-tournages,"Il y a une chose sur laquelle Christopher Nolan ne transige pas sur un plateau. Quelque chose qui lhorripile, à la manière de « quelquun qui mange un paquet de chips pendant un film. » De ces « chose… [+2130 chars]",,fr,'Christopher Nolan'
https://www.20minutes.fr/societe/4235860-20260722-affaire-epstein-malgre-mort-daniel-siad-parquet-paris-va-poursuivre-enquete,https://www.20minutes.fr/societe/4235860-20260722-affaire-epstein-malgre-mort-daniel-siad-parquet-paris-va-poursuivre-enquete,0,www.20minutes.fr,"Affaire Epstein : Malgré la mort de Daniel Siad, le parquet de Paris va poursuivre l’enquête","Malgré le décès de Daniel Siad, le parquet de Paris a annoncé la poursuite de son enquête sur le volet français de l’affaire Epstein. Vingt-quatre femmes se sont manifestées depuis la publication des « Epstein files »",https://img.20mn.fr/vUOHgfWkSeCEKyBlWQeVeCk/1444x920_credit-obligatoire-photo-de-bonnie-cash-upi-shutterstock-16920076g-des-pages-reliees-des-fichiers-epstein-sont-exposees-dans-une-exposition-ephemere-the-donald-j-trump-and-jeffrey-epstein-memorial-reading-room-a-washington-dc-le-mardi-9-juin-2026-l-exposition-itinerante-geree-par-l-institute-of-primary-facts-comprend-3-437-volumes-relies-de-documents-et-de-photographies-publies-par-le-ministere-de-la-justice-sur-le-delinquant-sexuel-condamne-jeffrey-epstein-decede-en-2019-salle-de-lecture-commemorative-trump-epstein-a-washington-dc-district-de-columbia-etats-unis-09-juin-2026-shutterstock-editorial-trump-epstein-memorial-reading-16920076g-2606092342,2026-07-22T19:06:20Z,http://web.archive.org/web/20260723001215/https://www.20minutes.fr/societe/4235860-20260722-affaire-epstein-malgre-mort-daniel-siad-parquet-paris-va-poursuivre-enquete,"Le parquet de Paris a confirmé, mercredi, que le décès de Daniel Siad, retrouvé mort lundi à son domicile de Colombes (Hauts-de-Seine), met fin aux poursuites le visant personnellement. En revanche, … [+1798 chars]",,fr,'Jeffrey Epstein'
https://www.20minutes.fr/monde/ukraine/4235861-20260722-guerre-ukraine-zelensky-relance-dialogue-emissaires-trump-redynamiser-diplomatie,https://www.20minutes.fr/monde/ukraine/4235861-20260722-guerre-ukraine-zelensky-relance-dialogue-emissaires-trump-redynamiser-diplomatie,0,www.20minutes.fr,Guerre en Ukraine : Zelensky relance le dialogue avec les émissaires de Trump pour « redynamiser la diplomatie »,"Volodymyr Zelensky a échangé avec les émissaires de Donald Trump pour tenter de relancer les négociations de paix avec la Russie, toujours bloquées sur la question des territoires occupés",https://img.20mn.fr/c8jl9NJRTNStBO2lhzvDLyk/1444x920_22-janvier-2026-davos-suisse-le-president-americain-donald-trump-a-droite-serre-la-main-du-president-ukrainien-volodymyr-zelenskyy-a-gauche-avant-le-debut-d-une-reunion-bilaterale-en-marge-du-forum-economique-mondial-annuel-le-22-janvier-2026-a-davos-en-suisse-image-de-credit-presidence-ukrainienne-ukrainian-pre-planet-pix-via-zuma-press-wire-20260122-zaa-p138-002-zeus-2601221656,2026-07-22T19:37:04Z,http://web.archive.org/web/20260722235748/https://www.20minutes.fr/monde/ukraine/4235861-20260722-guerre-ukraine-zelensky-relance-dialogue-emissaires-trump-redynamiser-diplomatie,"Le président ukrainien Volodymyr Zelensky a annoncé, mercredi, avoir échangé avec les émissaires américains de Donald Trump, Steve Witkoff et Jared Kushner, dans lobjectif de relancer les discussions… [+1256 chars]",,fr,'Volodymyr Zelensky'
https://www.franceinfo.fr/monde/usa/affaire-jeffrey-epstein/affaire-epstein-malgre-la-mort-de-daniel-siad-l-enquete-pour-traite-des-etres-humains-se-poursuit-assure-le-parquet-de-paris_8118455.html,https://www.franceinfo.fr/monde/usa/affaire-jeffrey-epstein/affaire-epstein-malgre-la-mort-de-daniel-siad-l-enquete-pour-traite-des-etres-humains-se-poursuit-assure-le-parquet-de-paris_8118455.html,0,www.franceinfo.fr,"Affaire Epstein : malgré la mort de Daniel Siad, l'enquête pour ""traite des êtres humains"" se poursuit, assure le parquet de Paris","Suspecté d'être l'un des rabatteurs du pédocriminel Jeffrey Epstein à Paris, Daniel Siad, 61 ans, a été retrouvé mort lundi soir à son domicile de Colombes (Hauts-de-Seine).",https://www.franceinfo.fr/pictures/utfcjqmU1X25skJ2rOGq3hqrc8s/0x25:1024x601/1500x843/2026/07/22/6a613a6fa13aa802413982.jpg,2026-07-22T21:50:15Z,,"La procureure de Paris, Laure Beccuau, a déclaré dans un communiqué, mercredi 22 juillet, que la mort de Daniel Siad l'un des rabatteurs présumé du pédocriminel Jeffrey Eptein ne mettait pas fin à l'… [+2034 chars]",,fr,'Jeffrey Epstein'
https://www.20minutes.fr/monde/ukraine/4235726-20260723-guerre-ukraine-boucher-limoge-profit-heros-guerre-pourquoi-armee-ukrainienne-change-visage,https://www.20minutes.fr/monde/ukraine/4235726-20260723-guerre-ukraine-boucher-limoge-profit-heros-guerre-pourquoi-armee-ukrainienne-change-visage,0,www.20minutes.fr,Guerre en Ukraine : Le « boucher » limogé au profit d'un héros de guerre...Pourquoi l'armée ukrainienne change de visage,"Sous la pression de la rue et après des semaines de crise politique, Volodymyr Zelensky a évincé son commandant en chef, surnommé le « boucher », pour le remplacer par une figure plus jeune et plus populaire",https://img.20mn.fr/goJvoNQuQKibPUexASaVhCk/1444x920_dossiers-le-president-ukrainien-volodymyr-zelensky-l-et-le-commandant-en-chef-des-forces-armees-ukrainiennes-oleksandr-syrsky-r-prennent-la-parole-a-cote-du-premier-lot-de-missiles-drones-de-fabrication-ukrainienne-peklo-hell-livres-aux-forces-de-defense-ukrainiennes-a-kiev-le-6-decembre-2024-dans-le-cadre-de-l-invasion-russe-de-l-ukraine-le-president-ukrainien-volodymyr-zelensky-a-declare-le-21-juillet-2026-qu-il-limogeait-oleksandr-syrsky-commandant-en-chef-de-l-armee-ukrainienne-et-nommait-a-sa-place-le-commandant-des-forces-conjointes-mykhailo-drapaty-photo-de-genya-savilov-afp,2026-07-23T05:02:37Z,http://web.archive.org/web/20260724005452/https://www.20minutes.fr/monde/ukraine/4235726-20260723-guerre-ukraine-boucher-limoge-profit-heros-guerre-pourquoi-armee-ukrainienne-change-visage,"Les grondements sourds de la rue ont eu raison du poste du « boucher ». Le président ukrainien, Volodymyr Zelensky, a annoncé mardi le limogeage dOleksandre Syrsky, remplacé par une figure bien plus … [+6165 chars]",,fr,'Volodymyr Zelensky'
https://www.gameblog.fr/geek/ed/news/hbo-film-marque-toute-une-generation-je-pense-719628,https://www.gameblog.fr/geek/ed/news/hbo-film-marque-toute-une-generation-je-pense-719628,0,www.gameblog.fr,"20 ans après avoir marqué toute une génération, ce film de science-fiction culte arrive sur HBO Max",HBO Max accueille dès aujourd’hui l'un des films de science-fiction les plus marquants des années 2000 et l’un des plus cultes sur le thème du voyage dans le temps.,https://cdn-uploads.gameblog.fr/img/news/698862_68711ee6b9757.jpg,2026-07-23T07:25:15Z,,HBO Max accueille dès aujourdhui l'un des films de science-fiction les plus marquants des années 2000 et lun des plus cultes sur le thème du voyage dans le temps.Il fait partie de ces films dont la r… [+2643 chars],,fr,'HBO Max'
https://www.franceinfo.fr/monde/usa/affaire-jeffrey-epstein/affaire-epstein-l-association-innocence-en-danger-assigne-l-etat-francais-pour-deni-de-justice-apres-la-mort-du-rabatteur-presume-du-pedocriminel_8119124.html,https://www.franceinfo.fr/monde/usa/affaire-jeffrey-epstein/affaire-epstein-l-association-innocence-en-danger-assigne-l-etat-francais-pour-deni-de-justice-apres-la-mort-du-rabatteur-presume-du-pedocriminel_8119124.html,0,www.franceinfo.fr,"Affaire Epstein : l'association Innocence en danger assigne l'État français pour ""déni de justice"" après la mort du rabatteur présumé du pédocriminel","Daniel Siad, visé par plusieurs plaintes dont deux pour viols, n'a jamais été entendu par la justice alors que les premiers signalements remontent à l'été 2019.",https://www.franceinfo.fr/pictures/56EjCvxS0bSt6J1L3SapODzIQUY/0x0:5000x2812/1500x843/2026/07/23/6a61e9e4ee6c6499259085.jpg,2026-07-23T10:17:27Z,,"Innocence en danger, association qui accompagne de nombreuses plaignantes dans l'affaire Epstein, assigne jeudi 23 juillet l'État français devant le tribunal judiciaire de Paris pour ""déni de justice… [+1620 chars]",,fr,'Daniel Siad'
https://www.franceinfo.fr/monde/usa/affaire-jeffrey-epstein/affaire-epstein-apres-la-mort-de-daniel-siad-quatre-questions-sur-les-suites-de-l-enquete-en-france_8118947.html,https://www.franceinfo.fr/monde/usa/affaire-jeffrey-epstein/affaire-epstein-apres-la-mort-de-daniel-siad-quatre-questions-sur-les-suites-de-l-enquete-en-france_8118947.html,0,www.franceinfo.fr,"Affaire Epstein : après la mort de Daniel Siad, quatre questions sur les suites de l'enquête en France","L'homme de 69 ans, rabatteur présumé de Jeffrey Epstein, était visé par au moins six plaintes, notamment pour viols. Retrouvé mort à son domicile lundi, il n'avait jusqu'ici jamais été entendu par la justice française.",https://www.franceinfo.fr/pictures/iF5xxJQZSQzPI9oRpBgwyq3ddik/556x131:1863x866/1500x843/2026/04/16/69e140ad4b26a512433467.jpg,2026-07-23T14:15:12Z,,Il était devenu l'une des figures du volet français de l'affaire Epstein. L'ancien recruteur de mannequins Daniel Siad a été retrouvé mort à l'âge de 69 ans à son domicile de Colombes (Hauts-de-Seine… [+8425 chars],,fr,'Affaire Epstein'
https://www.courrierinternational.com/article/vu-de-l-etranger-mort-du-rabatteur-presume-daniel-siad-l-affaire-epstein-continue-de-faire-des-vagues-en-france_252146,https://www.courrierinternational.com/article/vu-de-l-etranger-mort-du-rabatteur-presume-daniel-siad-l-affaire-epstein-continue-de-faire-des-vagues-en-france_252146,0,www.courrierinternational.com,Mort du rabatteur présumé Daniel Siad : “L’affaire Epstein continue de faire des vagues en France”,"Daniel Siad était un proche collaborateur du pédocriminel américain Jeffrey Epstein. Plusieurs plaintes ont été déposées contre lui en France, dont certaines pour viols. La presse étrangère revient sur la découverte du corps, le 20 juillet, de celui qui aurai…",https://focus.courrierinternational.com/2026/07/22/132/0/1055/703/1200/630/60/0/722880a_ftp-1-zlmjgie3jntt-epstein-model-scout.JPG,2026-07-23T14:49:46Z,,"Le corps de Daniel Siad a été découvert le lundi 20 juillet par une jeune femme avec qui il vivait à Colombes, en banlieue parisienne, selon le bureau du procureur,rapporte TheWall Street Journal. Lh… [+1057 chars]",,fr,'Jeffrey Epstein'
https://www.telerama.fr/cinema/dix-films-cultes-des-annees-1960-a-re-decouvrir-absolument-7032174.php,https://www.telerama.fr/cinema/dix-films-cultes-des-annees-1960-a-re-decouvrir-absolument-7032174.php,0,www.telerama.fr,Dix films cultes des années 1960 à (re)découvrir absolument,"Godard et Demy en France, Leone, Fellini et Visconti en Italie, Kubrick aux États-Unis… Des grands noms pour de grands films qui ont marqué cette décennie et donné au cinéma un nouveau souffle de liberté. À (re)voir sur HBO Max, Mubi, OCS…",https://focus.telerama.fr/2026/07/21/77/199/3991/2661/1200/800/60/0/6fcde72_upload-1-kzkn1rfd8qvt-mepris-1963-02.jpg,2026-07-23T15:50:15Z,,"Pour soutenir le travail de toute une rédaction, abonnez-vousPourquoi voyez-vous ce message ?
 Vous avez choisi de ne pas accepter le dépôt de ""cookies"" sur votre navigateur, qui permettent notammen… [+616 chars]",,fr,'HBO Max'
https://www.journaldugeek.com/dossier/lodyssee-meilleure-que-inception-interstellar-ou-the-dark-knight-on-a-classe-tous-les-films-de-nolan-du-pire-au-meilleur/,https://www.journaldugeek.com/dossier/lodyssee-meilleure-que-inception-interstellar-ou-the-dark-knight-on-a-classe-tous-les-films-de-nolan-du-pire-au-meilleur/,0,www.journaldugeek.com,"L’Odyssée meilleure que Inception, Interstellar et The Dark Knight ? On a classé tous les films de Nolan, du pire au meilleur !","Christopher Nolan est au centre de l’attention médiatique cet été et cela était juste attendu : le réalisateur américain le plus doué de sa génération a frappé un grand coup avec l’un des projets cinématographiques de l’année, l’Odyssée. Les aventures d’Ulyss…",https://www.journaldugeek.com/app/uploads/2026/02/odyssee-nolan-tout-savoir-3-1600x900.jpg,2026-07-23T16:15:04Z,http://web.archive.org/web/20260723191717/https://www.journaldugeek.com/dossier/lodyssee-meilleure-que-inception-interstellar-ou-the-dark-knight-on-a-classe-tous-les-films-de-nolan-du-pire-au-meilleur/,"13 – Following (1999)
Le premier long-métrage de Christopher Nolan est aussi une sacré curiosité et un prémisse à ce que va devenir ensuite la filmographie du cinéaste. Dans ce film, Nolan samuse av… [+14244 chars]",,fr,'Christopher Nolan'
https://www.begeek.fr/le-spin-off-de-the-big-bang-theory-mise-sur-des-cameos-bien-choisis-437537,https://www.begeek.fr/le-spin-off-de-the-big-bang-theory-mise-sur-des-cameos-bien-choisis-437537,0,www.begeek.fr,Le spin-off de The Big Bang Theory mise sur des caméos bien choisis,"Le nouveau spin-off de The Big Bang Theory arrive cette semaine sur HBO Max. Ses créateurs promettent des caméos, mais pas à n’importe quel prix.",https://www.begeek.fr/wp-content/uploads/2026/06/stuart-fails-to-save-the-universe-1.webp,2026-07-23T20:00:02Z,,"En bref
<ul><li>Le spin-off arrive le 23 juillet sur HBO Max</li><li>Les caméos seront nombreux, mais triés sur le volet</li><li>Les références geek passent aussi par les avocats</li></ul>
Le nouve… [+3009 chars]",,fr,'HBO Max'
https://www.gameblog.fr/geek/ed/news/hbo-max-stuart-fails-save-universe-dispo-719692,https://www.gameblog.fr/geek/ed/news/hbo-max-stuart-fails-save-universe-dispo-719692,0,www.gameblog.fr,"HBO Max accueille sa nouvelle série événement de juillet 2026, le spin-off d'une licence culte","HBO Max déploie aujourd'hui le tapis rouge pour sa série événement de ce mois de juillet 2026, qui prend la forme d'un spin-off d'une autre série culte.",https://cdn-uploads.gameblog.fr/img/news/701770_68c0276888dda.webp,2026-07-24T07:54:26Z,http://web.archive.org/web/20260726020910/https://www.gameblog.fr/geek/ed/news/hbo-max-stuart-fails-save-universe-dispo-719692,"HBO Max déploie aujourd'hui le tapis rouge pour sa série événement de ce mois de juillet 2026, qui prend la forme d'un spin-off d'une autre série culte.Tandis que la série principale a pris fin il y … [+2033 chars]",,fr,'HBO Max'
https://www.franceinfo.fr/monde/usa/affaire-jeffrey-epstein/info-franceinfo-l-autopsie-de-daniel-siad-suspecte-d-etre-le-rabatteur-de-jeffrey-epstein-n-a-pas-mis-en-evidence-de-cause-immediate-du-deces-a-ce-stade_8120354.html,https://www.franceinfo.fr/monde/usa/affaire-jeffrey-epstein/info-franceinfo-l-autopsie-de-daniel-siad-suspecte-d-etre-le-rabatteur-de-jeffrey-epstein-n-a-pas-mis-en-evidence-de-cause-immediate-du-deces-a-ce-stade_8120354.html,0,www.franceinfo.fr,"INFO FRANCEINFO. L'autopsie de Daniel Siad, suspecté d'être le rabatteur de Jeffrey Epstein, ""n'a pas mis en évidence de cause immédiate du décès à ce stade""","""Il n'a pas été trouvé de trace de violences récentes pouvant être en lien avec le décès"", a précisé le parquet de Nanterre. Son autopsie a toutefois ""permis de constater un état de santé altéré, ainsi que des traces d'un infarctus ancien"".",https://www.franceinfo.fr/pictures/Tfgv8AjH2B69MsS4IwoiBvYo8BY/294x0:1512x685/1500x843/2026/02/09/daniel-siad-affaire-epstein-698a3557489fd528125819.jpg,2026-07-24T09:20:23Z,http://web.archive.org/web/20260724123004/https://www.franceinfo.fr/monde/usa/affaire-jeffrey-epstein/info-franceinfo-l-autopsie-de-daniel-siad-suspecte-d-etre-le-rabatteur-de-jeffrey-epstein-n-a-pas-mis-en-evidence-de-cause-immediate-du-deces-a-ce-stade_8120354.html,"Après le décès de Daniel Siad, suspecté d'être le rabatteur du pédocriminel américain Jeffrey Epstein, les premières conclusions de son autopsie ont été rendues. Le parquet de Nanterre annonce, dans … [+1372 chars]",,fr,'Jeffrey Epstein'
https://www.ledauphine.com/faits-divers-justice/2026/07/24/affaire-epstein-l-autopsie-du-corps-de-daniel-siad-ne-fait-pas-apparaitre-de-traces-de-violences-recentes,https://www.ledauphine.com/faits-divers-justice/2026/07/24/affaire-epstein-l-autopsie-du-corps-de-daniel-siad-ne-fait-pas-apparaitre-de-traces-de-violences-recentes,0,www.ledauphine.com,Paris. Affaire Epstein  : l'autopsie du corps de Daniel Siad ne fait pas apparaître de « traces de violences récentes »,L'autopsie pratiquée sur le corps de Daniel Siad n'a pas permis d'identifier les causes du décès du rabatteur présumé cité dans le dossier Epstein. Des examens complémentaires vont être réalisés.,https://cdn-s-www.ledauphine.com/images/71E97C48-3BA9-4775-8576-D4B49B1A77EB/FB1200/photo-1784889600.jpg,2026-07-24T10:39:00Z,http://web.archive.org/web/20260725032500/https://www.ledauphine.com/faits-divers-justice/2026/07/24/affaire-epstein-l-autopsie-du-corps-de-daniel-siad-ne-fait-pas-apparaitre-de-traces-de-violences-recentes,"Le parquet de Nanterre a indiqué vendredi que l'autopsie du corps de Daniel Siad, rabatteur présumé de femmes pour le pédocriminel Jeffrey Epstein retrouvé mort à Colombes (Hauts-de-Seine), n'a pas r… [+1922 chars]",,fr,'Jeffrey Epstein'
https://www.20minutes.fr/faits_divers/4236144-20260724-affaire-epstein-corps-daniel-siad-presente-traces-violentes-assure-autopsie,https://www.20minutes.fr/faits_divers/4236144-20260724-affaire-epstein-corps-daniel-siad-presente-traces-violentes-assure-autopsie,0,www.20minutes.fr,"Affaire Epstein : Le corps de Daniel Siad ne présente pas de traces violentes, assure l’autopsie","L’autopsie de Daniel Siad, le rabatteur présumé de femmes pour Jeffrey Epstein retrouvé mort à Colombes, n’a pas révélé de traces de violences récentes pouvant être en lien avec le décès",https://img.20mn.fr/R10SVVaXQ0aViHyDFjDMkyk/1444x920_une-personne-regarde-un-volume-de-l-exposition-ephemere-donald-j-trump-and-jeffrey-epstein-memorial-reading-room-ou-3-437-volumes-relies-des-epstein-files-sont-exposes-a-washington-dc-le-9-juin-2026-photo-de-brendan-smialowski-afp,2026-07-24T12:29:34Z,http://web.archive.org/web/20260725030405/https://www.20minutes.fr/faits_divers/4236144-20260724-affaire-epstein-corps-daniel-siad-presente-traces-violentes-assure-autopsie,"Lenquête se poursuit. Ce vendredi, le parquet de Nanterre a indiqué que lautopsie du corps de Daniel Siad, rabatteur présumé de femmes pour le pédocriminel Jeffrey Epsteinretrouvé mort à Colombes (Ha… [+1970 chars]",,fr,'Jeffrey Epstein'
https://www.dhnet.be/actu/monde/2026/07/24/mort-du-rabatteur-presume-depstein-voici-ce-que-revele-lautopsie-ABWGTVUKRJCMPLLSLIX6EBTGKM/,https://www.dhnet.be/actu/monde/2026/07/24/mort-du-rabatteur-presume-depstein-voici-ce-que-revele-lautopsie-ABWGTVUKRJCMPLLSLIX6EBTGKM/,0,www.dhnet.be,Mort du rabatteur présumé d'Epstein : voici ce que révèle l'autopsie,"L'autopsie de Daniel Siad, rabatteur présumé de femmes pour le pédocriminel Jeffrey Epstein, n'a pas révélé de ""traces de violences récentes pouvant être en lien avec le décès"", selon le parquet de Nanterre. ...",https://www.dhnet.be/resizer/v2/2XKJU6NFBNBEBEZYZGEKYHMUKI.png?auth=d2114e2651cf39a64472d020536b987a95a394a089f9513dd238e54bab375a5d&width=1200&height=630&quality=85&focal=691%2C418,2026-07-24T12:57:52Z,,"""J'attends, ainsi que ses proches, les résultats définitifs des examens médicaux. Cette enquête est essentielle pour découvrir la vérité"", a réagi auprès de l'AFP Me Menya Arab-Tigrine, qui était l'a… [+3718 chars]",,fr,'Jeffrey Epstein'
https://www.20minutes.fr/planete/4236241-20260725-direct-incendies-plus-140-000-personnes-evacuees-sud-ouest-communes-metropole-bordelaise-concernees,https://www.20minutes.fr/planete/4236241-20260725-direct-incendies-plus-140-000-personnes-evacuees-sud-ouest-communes-metropole-bordelaise-concernees,0,www.20minutes.fr,"Incendies : 8.000 nouvelles évacuations près de Bordeaux, la nuit s'annonce « difficile »",Revivez les informations de ce samedi 25 juillet concernant les nombreux incendies qui frappent la France,https://img.20mn.fr/NhNWEdeSSiWbxGKVlyJJAik/1444x920_l-incendie-entre-biscarrosse-et-parentis-est-toujours-tres-actif,2026-07-25T07:13:08Z,http://web.archive.org/web/20260725202547/https://www.20minutes.fr/planete/4236241-20260725-direct-incendies-plus-140-000-personnes-evacuees-sud-ouest-communes-metropole-bordelaise-concernees,"22h26
19h12
18h19
17h35
«On devrait avoir une nuit qui sera propice au travail », selon le directeur du Sdis de Gironde.
17h32
«Le feu reste puissant, dans un contexte de massif qui n'a jamais … [+6909 chars]",,fr,'nan nan'
https://www.huffingtonpost.fr/international/video/cette-scene-genante-illustre-la-tension-entre-donald-trump-et-la-presse-lors-du-diner-des-correspondants_293900.html,https://www.huffingtonpost.fr/international/video/cette-scene-genante-illustre-la-tension-entre-donald-trump-et-la-presse-lors-du-diner-des-correspondants_293900.html,0,www.huffingtonpost.fr,Cette scène gênante illustre la tension entre Donald Trump et la presse lors du dîner des correspondants,Le « Wall Street Journal » a reçu un prix pour son enquête sur les liens entre Trump et Epstein. Le président américain a ri des difficultés des journalistes pour la mener.,https://focus.huffingtonpost.fr/2026/07/25/0/42/688/387/1820/1023/75/0/5b7242d_upload-1-bn5vwkrvbzco-capture-d-ecran-2026-07-25-100506.png,2026-07-25T08:48:22Z,,"Une séquence pour le moins hallucinante. En plein dîner des correspondants à Washington, Donald Trump sest ouvertement amusé des difficultés denquête rencontrées par des journalistes du Wall Street J… [+3043 chars]",,fr,'Donald Trump'
https://www.courrierinternational.com/article/etats-unis-trump-barbant-au-diner-des-correspondants-il-savait-lui-aussi-qu-il-faisait-un-bide_252717,https://www.courrierinternational.com/article/etats-unis-trump-barbant-au-diner-des-correspondants-il-savait-lui-aussi-qu-il-faisait-un-bide_252717,0,www.courrierinternational.com,Trump “barbant” au dîner des correspondants : “Il savait lui aussi qu’il faisait un bide”,"Trois mois après une tentative d’assassinat qui avait visé le président américain, le dîner des correspondants de la Maison-Blanche se tenait vendredi 24 juillet, en comité plus restreint. Lors d’un discours d’une heure, Donald Trump a soufflé le chaud et le …",https://focus.courrierinternational.com/2026/07/25/113/0/3013/2008/1200/630/60/0/71a6c7b_ftp-1-rsaqskbiu470-2026-07-25t062451z-1633387405-rc2qkmaw84xk-rtrmadp-3-usa-trump-dinner.JPG,2026-07-25T14:17:09Z,,"Le discours chargé dinsultes de Trump devant la presse provoque surtout un silence de mort, écrit le Washington Post. Vendredi 24 juillet au soir, se tenait au Waldorf Astoria, un ancien hôtel de la … [+3164 chars]",,fr,'laffaire Epstein'
https://www.franceinfo.fr/faits-divers/terrorisme/saint-etienne-du-rouvray/dix-ans-apres-la-france-rend-hommage-au-pere-hamel-tue-dans-un-attentat-a-saint-etienne-du-rouvray_8122601.html,https://www.franceinfo.fr/faits-divers/terrorisme/saint-etienne-du-rouvray/dix-ans-apres-la-france-rend-hommage-au-pere-hamel-tue-dans-un-attentat-a-saint-etienne-du-rouvray_8122601.html,0,www.franceinfo.fr,"Dix ans après, la France rend hommage au père Hamel tué dans un attentat à Saint-Etienne-du-Rouvray","Une messe sera célébrée dimanche dans l'église où le prêtre a trouvé la mort. Le Premier ministre Sébastien Lecornu prononcera ensuite un discours, en présence de François Hollande, président de la République au moment de l'attentat.",https://www.franceinfo.fr/pictures/iu-MHAqxIXchpfIB3LB5Odr4JEw/0x0:1024x576/1500x843/2026/07/26/6a65a13ca50d4474902950.jpg,2026-07-26T05:55:29Z,,"Il avait été égorgé pendant qu'il célébrait la messe. Dix ans après son assassinat par deux jihadistes, la France rend hommage au père Jacques Hamel, dimanche 26 juillet à Saint-Etienne-du-Rouvray (S… [+1164 chars]",,fr,'Sébastien Lecornu'
https://www.franceinfo.fr/faits-divers/dix-ans-apres-l-assassinat-du-pere-hamel-on-ne-doit-pas-rester-fige-dans-le-passe-declare-le-maire-de-saint-etienne-du-rouvray_8122652.html,https://www.franceinfo.fr/faits-divers/dix-ans-apres-l-assassinat-du-pere-hamel-on-ne-doit-pas-rester-fige-dans-le-passe-declare-le-maire-de-saint-etienne-du-rouvray_8122652.html,0,www.franceinfo.fr,"Dix ans après l'assassinat du père Hamel, ""on ne doit pas rester figé dans le passé"", déclare le maire de Saint-Étienne-du-Rouvray","Une cérémonie est organisée à Saint-Etienne-du-Rouvray, près de Rouen, en présence notamment du Premier ministre, Sébastien Lecornu et de l'ancien président de la République, François Hollande. Une présence ""extrêmement importante"" selon Joachim Moyse, qui ap…",https://www.franceinfo.fr/pictures/Y8vpnHM4LhNqY_2wKlzCKtP1FnI/0x203:3900x2397/1500x843/2026/07/26/6a65b9d14f44c663013217.jpg,2026-07-26T07:40:19Z,,"""On essaye d'avancer parce qu'on ne doit pas rester figé dans le passé, on a besoin d'être ensemble et de tirer les leçons de ce qui s'est passé, notamment de l'importance du message que nous a envoy… [+1564 chars]",,fr,'Premier ministre'
https://www.nouvelobs.com/justice/20260726.OBS116984/fake-news-sur-brigitte-macron-la-premiere-dame-face-une-audience-decisive-contre-l-influenceuse-candace-owens.html,https://www.nouvelobs.com/justice/20260726.OBS116984/fake-news-sur-brigitte-macron-la-premiere-dame-face-une-audience-decisive-contre-l-influenceuse-candace-owens.html,0,www.nouvelobs.com,Fake news sur Brigitte Macron : la première dame face une audience décisive contre l’influenceuse Candace Owens,"Une audience cruciale doit avoir lieu lundi 27 juillet aux Etats-Unis dans l’affaire judiciaire opposant le couple présidentiel français à la youtubeuse ultraconservatrice, qui a diffusé la rumeur « Brigitte Macron est un homme ». On vous en explique les enje…",https://focus.nouvelobs.com/2026/07/23/42/0/1024/682/1200/800/0/0/eb8340a_upload-1-p36cevncf2l0-080-hl-bohier-3213815.jpg,2026-07-26T15:30:10Z,,"Emmanuel et Birigtte Macron sur le perron de lElysée, le 29 juin 2026. BASTIEN OHIER/HANS LUCAS VIA AFP
Ce lundi 27 juillet, dans le Delaware, sur la côte est des Etats-Unis, se tiendra une audience… [+605 chars]",,fr,'Emmanuel Macron'
https://www.challenges.fr/politique/incendies-macron-annonce-une-cellule-interministerielle-de-crise-lundi-matin_645034,https://www.challenges.fr/politique/incendies-macron-annonce-une-cellule-interministerielle-de-crise-lundi-matin_645034,0,www.challenges.fr,Incendies : Macron annonce une cellule interministérielle de crise lundi matin,"Face aux incendies qui ravagent la Gironde, les Landes et le Var, Emmanuel Macron présidera lundi une cellule interministérielle de crise. Une réunion destinée à coordonner la réponse de l’État, alors que les évacuations se multiplient et que les dégâts s’agg…",https://www.challenges.fr/_ipx/f_jpg&enlarge_true&s_1200x630/cha/static/2026-07/59489.HR_0.jpg%3FVersionId=tBaHi2nAN5TP0wZpFyRLMxCpKdef_Vpf,2026-07-26T16:39:00Z,,"Alors que des milliers dhectares brûlent en Gironde, dans les Landes et dans le Var depuis plusieurs jours, en raison de lintensification du dérèglement climatique, le président de la République est … [+2432 chars]",,fr,'Emmanuel Macron'
https://atlantico.fr/article/video/feux-pres-de-bordeaux-200-000-personnes-evacuees-emmanuel-macron-reunit-une-cellule-de-crise,https://atlantico.fr/article/video/feux-pres-de-bordeaux-200-000-personnes-evacuees-emmanuel-macron-reunit-une-cellule-de-crise,0,atlantico.fr,"Feux près de Bordeaux : 200 000 personnes évacuées, Emmanuel Macron réunit une cellule de crise","L'incendie qui ravage la Gironde continue de progresser malgré l'engagement massif des secours. De nouvelles évacuations ont été ordonnées samedi soir près de Bordeaux, tandis qu'Emmanuel Macron présidera lundi matin une cellule interministérielle de crise fa…",https://atlantico.codexcdn.net/assets/asHLsfbFjvIpet5si.jpg?width=1600&height=900&quality=75,2026-07-26T17:21:00Z,,"L'incendie qui ravage la Gironde continue de progresser malgré l'engagement massif des secours. De nouvelles évacuations ont été ordonnées samedi soir près de Bordeaux, tandis qu'Emmanuel Macron prés… [+174 chars]",,fr,'Emmanuel Macron'
https://www.numerama.com/pop-culture/2299781-on-a-ose-classer-les-films-de-christopher-nolan-du-pire-au-meilleur.html,https://www.numerama.com/pop-culture/2299781-on-a-ose-classer-les-films-de-christopher-nolan-du-pire-au-meilleur.html,0,www.numerama.com,On a osé classer les films de Christopher Nolan du pire au meilleur,"À l'occasion de la sortie de L'Odyssée, nouveau blockbuster massif signé Christopher Nolan, on a décidé de dresser un classement des films de la carrière du cinéaste. On s'y est mis à quatre pour une objectivité totale. Christopher Nolan est un réalisateur qu…","https://c0.lestechnophiles.com/www.numerama.com/wp-content/uploads/2026/07/capture-decran-2026-07-23-a-143739-1.jpg?resize=1600,900&key=12ad5faa",2026-07-26T17:40:00Z,,"À l’occasion de la sortie de L’Odyssée, nouveau blockbuster massif signé Christopher Nolan, on a décidé de dresser un classement des films de la carrière du cinéaste. On s’y est mis à quatre pour une… [+7958 chars]",,fr,'Christian Bale'
https://www.opinion-internationale.com/2026/07/26/mers-chers-compatriotes-ma-reponse-aux-gilets-jaunes-par-emmanuel-macron-ledito-de-michel-taube_56484.html,https://www.opinion-internationale.com/2026/07/26/mers-chers-compatriotes-ma-reponse-aux-gilets-jaunes-par-emmanuel-macron-ledito-de-michel-taube_56484.html,0,www.opinion-internationale.com,15 ans déjà ! « Mes chers compatriotes… Ma réponse aux gilets jaunes » par Emmanuel Macron,"publié le 3 décembre 2018 Mardi 4 décembre 2018 à 20h Mes chers compatriotes, Depuis quelques semaines, une colère monte des entrailles de notre pays. Elle couve depuis des années voire des…
L’article 15 ans déjà ! « Mes chers compatriotes… Ma réponse aux gil…",https://www.opinion-internationale.com/wp-content/uploads/2018/12/macron-superune2.jpg,2026-07-26T17:45:26Z,http://web.archive.org/web/20260728073755/https://www.opinion-internationale.com/2026/07/26/mers-chers-compatriotes-ma-reponse-aux-gilets-jaunes-par-emmanuel-macron-ledito-de-michel-taube_56484.html,"publié le 3 décembre 2018
Mardi 4 décembre 2018 à 20h
Mes chers compatriotes,
Depuis quelques semaines, une colère monte des entrailles de notre pays. Elle couve depuis des années voire des décenn… [+14745 chars]",,fr,'Emmanuel Macron'
https://www.huffingtonpost.fr/politique/article/il-y-avait-un-meme-mot-dans-les-hommages-de-macron-et-lecornu-au-pere-hamel-10-ans-apres_294857.html,https://www.huffingtonpost.fr/politique/article/il-y-avait-un-meme-mot-dans-les-hommages-de-macron-et-lecornu-au-pere-hamel-10-ans-apres_294857.html,0,www.huffingtonpost.fr,"Il y avait un même mot dans les hommages de Macron et Lecornu au père Hamel, 10 ans après","Le président et son Premier ministre ont rendu hommage au père Hamel, tué en 2016, qui « incarnait la fraternité ».",https://focus.huffingtonpost.fr/2022/07/23/0/35/560/315/1820/1023/75/0/fb436d7_1658596803408-5c92f9af240000b600c72467.jpeg,2026-07-26T18:41:40Z,,"Un hommage à la « fraternité » et au « refus de la haine ». Dix ans après son assassinat par deux jihadistes, la France a célébré ce dimanche 26 juillet, la mémoire du père Jacques Hamel, avec une cé… [+2950 chars]",,fr,'Premier ministre'
https://www.lalibre.be/international/europe/2026/07/27/direct-incendies-en-france-et-en-espagne-la-situation-se-stabilise-mais-la-chaleur-inquiete-les-pompiers-JJPTWQDM7FA23FMOAZZTKNUSM4/,https://www.lalibre.be/international/europe/2026/07/27/direct-incendies-en-france-et-en-espagne-la-situation-se-stabilise-mais-la-chaleur-inquiete-les-pompiers-JJPTWQDM7FA23FMOAZZTKNUSM4/,0,www.lalibre.be,"DIRECT - Incendies en France et en Espagne : la situation se stabilise, mais la chaleur inquiète les pompiers",Suivez les derniers événements concernant les terribles incendies en France et en Espagne. ...,https://www.lalibre.be/resizer/v2/Q3RC4YQENVFG7AVDEY2O2XYZV4.jpg?auth=118430224c8d728426cf9e2a3186243bbec4a52c1e0ba37c275f837526df2941&width=1200&height=630&quality=85&focal=1238%2C825,2026-07-27T04:43:29Z,,Les autorités redoutent lundi l'arrivée d'une vague de chaleur susceptible d'aggraver l'incendie hors norme qui mobilise des milliers de pompiers et militaires en Gironde pour la cinquième nuit consé… [+1507 chars],,fr,'Emmanuel Macron'
https://www.huffingtonpost.fr/politique/article/les-incendies-en-france-au-c-ur-de-toutes-les-reunions-au-sommet-de-l-etat-ce-lundi_294791.html,https://www.huffingtonpost.fr/politique/article/les-incendies-en-france-au-c-ur-de-toutes-les-reunions-au-sommet-de-l-etat-ce-lundi_294791.html,0,www.huffingtonpost.fr,"Les incendies en France, au cœur de toutes les réunions au sommet de l’État ce lundi",Emmanuel Macron doit présider une cellule interministérielle de crise. Plusieurs réunions sont également prévues pour aborder le volet économique.,https://focus.huffingtonpost.fr/2026/07/26/1198/1424/1981/1114/1820/1023/75/0/b3d8e0e_upload-1-quqtfo2zmqlf-afp-20260611-b6qj9pc-v3-highres-topshotfranceg7chinapoliticseconomydiplomacy.jpg,2026-07-27T04:51:14Z,,"Les feux, sujet de toutes les préoccupations. Au moins quatre réunions de crise sont prévues ce lundi 27 juillet pour tenter dorganiser la lutte contre les incendies massifs qui ravagent plusieurs zo… [+2596 chars]",,fr,'Emmanuel Macron'
https://www.dhnet.be/actu/monde/2026/07/27/direct-incendies-en-france-et-en-espagne-la-situation-sest-stabilisee-mais-une-nouvelle-menace-inquiete-QAGB26OG5JFNHFHPO42ETCDJCA/,https://www.dhnet.be/actu/monde/2026/07/27/direct-incendies-en-france-et-en-espagne-la-situation-sest-stabilisee-mais-une-nouvelle-menace-inquiete-QAGB26OG5JFNHFHPO42ETCDJCA/,0,www.dhnet.be,DIRECT - Incendies en France et en Espagne: la situation s'est stabilisée mais une nouvelle menace inquiète,Suivez les derniers événements concernant les terribles incendies en France et en Espagne. ...,https://www.dhnet.be/resizer/v2/5YKEZG5YWFCXZIWGN23754IPRM.jpg?auth=32d0ef990881eb98ca551a0271d27672da871bf815e46576dfd0f01d802ebc7c&width=1200&height=630&quality=85&focal=3000%2C2000,2026-07-27T05:01:26Z,,Les autorités redoutent lundi l'arrivée d'une vague de chaleur susceptible d'aggraver l'incendie hors norme qui mobilise des milliers de pompiers et militaires en Gironde pour la cinquième nuit consé… [+1507 chars],,fr,'Emmanuel Macron'
https://www.franceinfo.fr/replay-radio/l-edito-politique/edito-face-aux-incendies-emmanuel-macron-confronte-a-ses-promesses-sur-les-moyens-aeriens_8069528.html,https://www.franceinfo.fr/replay-radio/l-edito-politique/edito-face-aux-incendies-emmanuel-macron-confronte-a-ses-promesses-sur-les-moyens-aeriens_8069528.html,0,www.franceinfo.fr,"Édito. Face aux incendies, Emmanuel Macron confronté à ses promesses sur les moyens aériens",Emmanuel Macron défend son action en matière de sécurité civile. Mais les oppositions dénoncent les coupes budgétaires de 2024 et le retard pris dans le renouvellement de la flotte de Canadair.,https://www.franceinfo.fr/pictures/bk6P20y5CszAHtgarMGLa2I2ozU/0x53:1024x629/1500x843/2026/07/27/6a66e03f32e4f039269127.jpg,2026-07-27T05:55:02Z,,"Emmanuel Macron défend son action en matière de sécurité civile. Mais les oppositions dénoncent les coupes budgétaires de 2024 et le retard pris dans le renouvellement de la flotte de Canadair.
Alor… [+2492 chars]",,fr,'Emmanuel Macron'
https://www.franceinfo.fr/environnement/evenements-meteorologiques-extremes/incendies-et-feux-de-foret/incendies-dans-le-sud-ouest-vague-de-chaleur-vers-des-vacances-en-veille-active-et-mobilisable-a-n-importe-quel-moment-pour-le-gouvernement_8123630.html,https://www.franceinfo.fr/environnement/evenements-meteorologiques-extremes/incendies-et-feux-de-foret/incendies-dans-le-sud-ouest-vague-de-chaleur-vers-des-vacances-en-veille-active-et-mobilisable-a-n-importe-quel-moment-pour-le-gouvernement_8123630.html,0,www.franceinfo.fr,"Incendies dans le Sud-Ouest, vague de chaleur... Vers des vacances ""en veille active et mobilisable à n'importe quel moment"" pour le gouvernement","Face à la situation complexe sur le front des incendies, notamment en Gironde, Sébastien Lecornu a prévenu ses ministres d'un été où il n'y aurait pas de vacances à proprement parler.",https://www.franceinfo.fr/pictures/fywnKQSR2OrQXjENiUNQp7qoELg/0x53:1024x629/1500x843/2026/07/17/6a59b4b9a3dab940445521.jpg,2026-07-27T06:48:08Z,,"Des vacances toutes relatives. Tandis que les incendies font toujours rage en Gironde, Emmanuel Macron préside, lundi 27 juillet, une cellule interministérielle de crise consacrée aux feux qui ravage… [+1195 chars]",,fr,'Sébastien Lecornu'
https://france3-regions.franceinfo.fr/grand-est/bas-rhin/la-romanciere-agnes-ledig-rend-sa-legion-d-honneur-la-goutte-de-pesticides-de-la-loi-d-urgence-agricole-a-fait-deborder-le-vase-de-ma-colere-3392581.html,https://france3-regions.franceinfo.fr/grand-est/bas-rhin/la-romanciere-agnes-ledig-rend-sa-legion-d-honneur-la-goutte-de-pesticides-de-la-loi-d-urgence-agricole-a-fait-deborder-le-vase-de-ma-colere-3392581.html,0,france3-regions.franceinfo.fr,"La romancière Agnès Ledig rend sa Légion d'honneur : ""la goutte de pesticides de la loi d'urgence agricole a fait déborder le vase de ma colère""","Pour dénoncer l'inaction face à la crise climatique, la romancière Agnès Ledig a publié une longue lettre adressée au président de la République. Elle a décidé de rendre sa Légion d'honneur, ""devenue trop lourde à porter (...) face aux scandales sanitaires, a…",https://france3-regions.franceinfo.fr/image/553sk35c8XiuyYnyEM-hODws04A/930x620/regions/2026/07/27/6a670bc52bba2271124316.jpg,2026-07-27T09:43:47Z,,"Pour dénoncer l'inaction face à la crise climatique, la romancière Agnès Ledig a publié une longue lettre adressée au président de la République. Elle a décidé de rendre sa Légion d'honneur, ""devenue… [+5139 chars]",,fr,'Emmanuel Macron'
https://www.bfmtv.com/international/afrique/algerie/visas-pour-les-algeriens-le-president-tebboune-affirme-n-avoir-jamais-demande-un-quota-a-la-france_AD-202607270316.html,https://www.bfmtv.com/international/afrique/algerie/visas-pour-les-algeriens-le-president-tebboune-affirme-n-avoir-jamais-demande-un-quota-a-la-france_AD-202607270316.html,0,www.bfmtv.com,"Visas pour les Algériens: le président Tebboune affirme n'avoir ""jamais demandé un quota"" à la France","Une partie de la droite française s'était insurgée ces dernières semaines contre une déclaration de l'ambassadeur de France en Algérie, qui a évoqué une ""hausse"" du nombre de visas délivrés aux Algériens, pour atteindre 250.000 visas par an. Emmanuel Macron l…",https://images.bfmtv.com/MKT7ILEIZTEv-3Y9AT4-lQ1buuM=/0x106:2048x1258/2048x0/images/Le-president-algerien-Abdelmadjid-Tebboune-donne-une-conference-de-presse-a-l-issue-d-une-rencontre-avec-son-homologue-slovene-a-Ljubljana-le-13-mai-2025-2260265.jpg,2026-07-27T10:52:20Z,,"Une partie de la droite française s'était insurgée ces dernières semaines contre une déclaration de l'ambassadeur de France en Algérie, qui a évoqué une ""hausse"" du nombre de visas délivrés aux Algér… [+915 chars]",,fr,'Emmanuel Macron'
https://www.opinion-internationale.com/2026/07/27/macron-la-justice-et-les-incendies-pourquoi-la-france-brule-ledito-de-michel-taube_143651.html,https://www.opinion-internationale.com/2026/07/27/macron-la-justice-et-les-incendies-pourquoi-la-france-brule-ledito-de-michel-taube_143651.html,0,www.opinion-internationale.com,"Macron, la justice et les incendies. Pourquoi la France brûle ! L’édito de Michel Taube","Avec Emmanuel Macron on reste souvent sur la même impression : « mais qu’ont-ils fait ces dernières années pour mettre en œuvre concrètement les engagements qui ont été pris à telle ou telle date,…
L’article Macron, la justice et les incendies. Pourquoi la Fr…",https://www.opinion-internationale.com/wp-content/uploads/2026/07/WhatsApp-Image-2026-07-27-at-10.24.17.jpeg,2026-07-27T11:01:44Z,,"Avec Emmanuel Macron on reste souvent sur la même impression : « mais qu’ont-ils fait ces dernières années pour mettre en uvre concrètement les engagements qui ont été pris à telle ou telle date, à l… [+4089 chars]",,fr,'Emmanuel Macron'
https://www.legorafi.fr/2026/07/27/emmanuel-macron-affirme-quil-faut-continuer-a-discuter-avec-les-incendies/,https://www.legorafi.fr/2026/07/27/emmanuel-macron-affirme-quil-faut-continuer-a-discuter-avec-les-incendies/,0,www.legorafi.fr,Emmanuel Macron affirme « qu’il faut continuer à discuter » avec les incendies,"Le président de la république refuse de «briser le dialogue » avec les mégas feux et affirme que la discussion est le seul moyen d’empêcher l’escalade en Gironde. Reportage.
L’article Emmanuel Macron affirme « qu’il faut continuer à discuter » avec les incend…",https://www.legorafi.fr/wp-content/uploads/2025/05/GettyImages-2214446900-1000x600.jpg,2026-07-27T12:00:00Z,,"« Nous devons continuer à discuter avec les incendies » a répété Emmanuel Macron au sortir dune réunion de crise. Alors que la situation tend à durer, le président de la république refuse pour autant… [+941 chars]",,fr,'Emmanuel Macron'
https://www.huffingtonpost.fr/environnement/article/face-a-l-incendie-en-gironde-la-course-contre-la-montre-pour-sauver-les-animaux-domestiques-abandonnes_295130.html,https://www.huffingtonpost.fr/environnement/article/face-a-l-incendie-en-gironde-la-course-contre-la-montre-pour-sauver-les-animaux-domestiques-abandonnes_295130.html,0,www.huffingtonpost.fr,"Face à l’incendie en Gironde, la course contre la montre pour sauver les animaux domestiques abandonnés","Le feu en Gironde a provoqué la plus vaste évacuation de personnes, entraînant parfois l’abandon d’animaux dans les maisons. Associations et pompiers se mobilisent.",https://focus.huffingtonpost.fr/2026/07/27/430/0/8256/4644/1820/1023/75/0/184c239_upload-1-xabp9yxqp6h0-afp-20260726-aa-26072026-2895685-v1-highres-bordeauxexhibitioncentreshelterseva-1.jpg,2026-07-27T18:02:10Z,,"EN BREFEn Gironde, associations et pompiers se mobilisent pour sauver les animaux domestiques abandonnés lors des évacuations massives causées par les incendies.Depuis dimanche, lassociation Futur a … [+5849 chars]",,fr,'Sébastien Lecornu'
https://www.huffingtonpost.fr/politique/article/la-lutte-contre-les-incendies-vire-a-la-bataille-de-chiffres-entre-le-gouvernement-et-ses-opposants_295137.html,https://www.huffingtonpost.fr/politique/article/la-lutte-contre-les-incendies-vire-a-la-bataille-de-chiffres-entre-le-gouvernement-et-ses-opposants_295137.html,0,www.huffingtonpost.fr,La lutte contre les incendies vire à la bataille de chiffres entre le gouvernement et ses opposants,"Si les contempteurs de l’exécutif appuient sur la promesse non-tenue d’Emmanuel Macron sur les canadairs, le chef de l’État martèle que le budget de la Sécurité civile a presque doublé sous sa présidence.",https://focus.huffingtonpost.fr/2026/07/27/54/0/3977/2237/1820/1023/75/0/f80bf9a_upload-1-bgij30vixp8z-afp-20260430-a9h87a7-v1-highres-francepoliticsgovernmentsecurity.jpg,2026-07-28T04:02:11Z,,"Sur tous les fronts. Critiqué par ses opposants politiques au début de lété, sur les enjeux liés à la canicule et au réchauffement climatique, le gouvernement fait tout pour ne pas être pris en défau… [+6379 chars]",,fr,'Emmanuel Macron'
https://www.mediapart.fr/journal/culture-et-idees/280726/dans-les-meandres-de-l-affaire-epstein,https://www.mediapart.fr/journal/culture-et-idees/280726/dans-les-meandres-de-l-affaire-epstein,0,www.mediapart.fr,Dans les méandres de l’affaire Epstein,Comment l’équipe de « Mediapart » s’est-elle saisie des documents Epstein et a-t-elle enquêté sur les ramifications en France du réseau construit au fil des années par le financier états-unien ? Discussion avec trois journalistes qui ont travaillé sur ces piè…,https://static.mediapart.fr/etmagine/og/journal/files/2026/07/20/maxresdefault-1.jpg,2026-07-28T15:38:02Z,http://web.archive.org/web/20260729074916/https://www.mediapart.fr/journal/culture-et-idees/280726/dans-les-meandres-de-l-affaire-epstein,"LeLe 30 janvier 2026, en fin de journée, le département de la justice des États-Unis publiait trois millions de documents du dossier Epstein, ce criminel sexuel new-yorkais qui sest suicidé en prison… [+1135 chars]",,fr,'Jeffrey Epstein'
https://www.huffingtonpost.fr/politique/article/pourquoi-emmanuel-macron-discret-sur-la-scene-nationale-s-investit-tant-sur-le-front-des-incendies_295715.html,https://www.huffingtonpost.fr/politique/article/pourquoi-emmanuel-macron-discret-sur-la-scene-nationale-s-investit-tant-sur-le-front-des-incendies_295715.html,0,www.huffingtonpost.fr,"Pourquoi Emmanuel Macron, discret sur la scène nationale, s’investit tant sur le front des incendies","Sur la brèche depuis le premier jour des feux, le président de la République a profité d’un déplacement express en Gironde pour porter un message de concorde… et défendre son action.",https://focus.huffingtonpost.fr/2026/07/28/413/0/5796/3260/1820/1023/75/0/0b6e795_upload-1-sgo52d24cjd8-afp-20260727-c3bp3b3-v1-highres-franceenvironmentclimateweatherwildfire.jpg,2026-07-28T17:05:10Z,,"EN BREFEmmanuel Macron, discret sur la scène nationale, sinvestit fortement dans la gestion des incendies en France, multipliant déplacements et messages de soutien.Il défend son bilan sur la sécurit… [+5550 chars]",,fr,'Emmanuel Macron'
https://www.journaldunet.com/business/action-publique/1553215-jean-pierre-farandou-annonce-que-le-budget-2027-du-ministere-du-travail-prevoit-2-8-milliards-d-euros-d-economies-tout-en-preservant-les-dispositifs-en-faveur-de-la-jeunesse/,https://www.journaldunet.com/business/action-publique/1553215-jean-pierre-farandou-annonce-que-le-budget-2027-du-ministere-du-travail-prevoit-2-8-milliards-d-euros-d-economies-tout-en-preservant-les-dispositifs-en-faveur-de-la-jeunesse/,0,www.journaldunet.com,"Budget 2027 : Jean-Pierre Farandou assure préserver la jeunesse malgré 2,8 milliards d'euros d'économies",Le ministre du Travail affirme avoir obtenu du Premier ministre la garantie de maintenir les moyens pour l'apprentissage et les contrats d'engagement jeune malgré les coupes budgétaires.,https://img-0.journaldunet.com/0FhM_Q_wPL7aClVD2GXpMW9gn34=/1500x/smart/fbac9a232e434fd49b6bf6e7a739e1b7/ccmcms-jdn/39542278.jpg,2026-07-29T14:34:54Z,,"Le ministre du Travail affirme avoir obtenu du Premier ministre la garantie de maintenir les moyens pour l'apprentissage et les contrats d'engagement jeune malgré les coupes budgétaires.
Je m'abonne… [+2265 chars]",,fr,'Pierre Farandou'
https://www.huffingtonpost.fr/international/article/affaire-epstein-democrates-et-republicains-s-entendent-au-senat-au-sujet-de-ghislaine-maxwell-et-recadrent-trump_296254.html,https://www.huffingtonpost.fr/international/article/affaire-epstein-democrates-et-republicains-s-entendent-au-senat-au-sujet-de-ghislaine-maxwell-et-recadrent-trump_296254.html,0,www.huffingtonpost.fr,Affaire Epstein : démocrates et républicains s’entendent au Sénat au sujet de Ghislaine Maxwell (et recadrent Trump),Les sénateurs des deux bords sont tombés unanimement d’accord sur une résolution s’opposant à ce que la complice de Jeffrey Epstein bénéficie d’une grâce présidentielle.,https://focus.huffingtonpost.fr/2022/07/25/45/0/1440/810/1820/1023/75/0/5280fe7_1658707304659-5d5217112200002f00f4ef70.png,2026-07-30T11:43:08Z,,"EN BREFDémocrates et républicains se sont accordés au Sénat pour refuser toute grâce présidentielle à Ghislaine Maxwell, complice de Jeffrey Epstein.La résolution votée vise à envoyer un message clai… [+5368 chars]",,fr,'Jeffrey Epstein'
