index,url,valid,domain,title,description,image,published,archive,content,quote,language,keyword
https://www.20minutes.fr/politique/4241956-20260901-presidentielle-2027-ralliements-ca-compte-encore-campagne,https://www.20minutes.fr/politique/4241956-20260901-presidentielle-2027-ralliements-ca-compte-encore-campagne,0,www.20minutes.fr,"Présidentielle 2027 : Est-ce que les ralliements, ça compte encore dans une campagne ?","Edouard Philippe s’est affiché ce dimanche avec Gérald Darmanin, un soutien de poids dans le bloc central",https://img.20mn.fr/TKNs2Dr_RR6uFuEV4pDNtik/1444x920_le-candidat-a-l-election-presidentielle-francaise-de-2027-pour-le-parti-de-droite-horizons-et-maire-du-havre-edouard-philippe-et-le-ministre-de-la-justice-gerald-darmanin-preparent-des-frites-coup-d-envoi-officiel-de-la-saison-politique-par-gerald-darmanin-et-edouard-philippe-pour-l-election-presidentielle-2027-a-tourcoing-jardin-botanique-dimanche-30-aout-2026-accorsini-jeanne-kickoff-0022-credit-jeanne-accorsini-sipa-2608301604,2026-09-01T05:32:36Z,http://web.archive.org/web/20260901223037/https://www.20minutes.fr/politique/4241956-20260901-presidentielle-2027-ralliements-ca-compte-encore-campagne,"Edouard Philippe a troqué quelques minutes son costume de candidat pour enfiler un tablier de vendeur de frites, dimanche, à Tourcoing (Nord). Une manière pour le patron dHorizons de mettre en scène … [+3822 chars]",,fr,'Raphaël Glucksmann'
https://www.ledauphine.com/faits-divers-justice/2026/09/01/attaque-a-times-square-une-femme-tuee-par-la-police-apres-avoir-poignarde-des-passants,https://www.ledauphine.com/faits-divers-justice/2026/09/01/attaque-a-times-square-une-femme-tuee-par-la-police-apres-avoir-poignarde-des-passants,0,www.ledauphine.com,États-Unis. Attaque à Times Square : une femme tuée par la police après avoir poignardé des passants,"L'une des deux personnes blessées lundi au couteau par une femme dans le quartier touristique de Times Square à New York est décédée des suites de ses blessures, ainsi que l'assaillante, touchée par des tirs policiers, a annoncé le maire Zohran Mamdani.",https://cdn-s-www.ledauphine.com/images/86D3F12B-EC15-432A-8060-E133AA68E388/FB1200/photo-1788241236.jpg,2026-09-01T05:48:00Z,http://web.archive.org/web/20260902071951/https://www.ledauphine.com/faits-divers-justice/2026/09/01/attaque-a-times-square-une-femme-tuee-par-la-police-apres-avoir-poignarde-des-passants,"Une femme de 49 ans souffrant de problèmes mentaux a poignardé deux personnes apparemment au hasard lundi à Times Square, quartier touristique de New York, tuant l'une d'elles, avant d'être abattue p… [+3181 chars]",,fr,'Zohran Mamdani'
https://www.nouvelobs.com/opinions/20260901.OBS117834/pourquoi-les-europeens-refusent-ils-d-agir-contre-l-israel-de-benyamin-netanyahou.html,https://www.nouvelobs.com/opinions/20260901.OBS117834/pourquoi-les-europeens-refusent-ils-d-agir-contre-l-israel-de-benyamin-netanyahou.html,0,www.nouvelobs.com,Pourquoi les Européens refusent-ils d’agir contre l’Israël de Benyamin Netanyahou ?,"Culpabilité historique ? Intérêts géopolitiques et économiques ? Guillaume Duval passe en revue les raisons de l’inaction européenne face aux crimes commis par le gouvernement israélien, et il avance une hypothèse : notre racisme.",https://focus.nouvelobs.com/2026/09/01/0/0/4000/2666/1200/800/0/0/5a128be_upload-1-wyvq8gmvsuh1-sipa-sipausa31692024-000007.jpg,2026-09-01T12:30:04Z,,"Avec ce qui se passe en Palestine depuis près de trois ans, tant à Gaza quen Cisjordanie, au vu et au su de tous, comment est-il possible que la France et lUnion européenne maintiennent leurs relatio… [+5138 chars]",,fr,'Boris Vallaud'
https://www.presse-citron.net/donald-trump-attaque-iles-malouines-apres-groenland-canada-venezuela/,https://www.presse-citron.net/donald-trump-attaque-iles-malouines-apres-groenland-canada-venezuela/,0,www.presse-citron.net,"Donald Trump s’attaque aux îles Malouines, après le Groenland, le Canada et le Venezuela","Donald Trump menace ouvertement de lâcher le Royaume-Uni sur la souveraineté des îles Malouines. Et le timing de cette bombe est tout sauf anodin, l’archipel constituant un levier stratégique majeur pour l’avenir.",https://www.presse-citron.net/app/uploads/2026/09/iles-malouines-trump-1600x900.jpg,2026-09-01T13:30:51Z,http://web.archive.org/web/20260901200225/https://www.presse-citron.net/donald-trump-attaque-iles-malouines-apres-groenland-canada-venezuela/,"Donald Trump continue de réécrire la carte des rapports de force internationaux. Lannée dernière, après avoir lancé une attaque éclair sur le Vénézuela pour capturer le président Nicolás Maduro, le d… [+4230 chars]",,fr,'Donald Trump'
https://www.huffingtonpost.fr/international/video/a-new-york-ce-concours-de-sosies-de-zohran-mamdani-a-attire-les-foules_315680.html,https://www.huffingtonpost.fr/international/video/a-new-york-ce-concours-de-sosies-de-zohran-mamdani-a-attire-les-foules_315680.html,0,www.huffingtonpost.fr,"À New York, ce concours de sosies de Zohran Mamdani a attiré les foules","Régulièrement, des concours de ce type rassemblent des centaines de personnes dans les rues de la « Big Apple ».",https://focus.huffingtonpost.fr/2026/09/01/0/0/1920/1080/1820/1023/75/0/2bc19cb_upload-1-wlvuspmvx4jf-vignete.jpg,2026-09-01T13:45:01Z,,"La lecture de ce contenu est susceptible dentraîner un dépôt de cookies de la part de lopérateur tiers qui lhéberge. Compte-tenu des choix que vous avez exprimés en matière de dépôt de cookies, nous … [+1197 chars]",,fr,'Zohran Mamdani'
https://www.mediapart.fr/journal/international/010926/le-venezuela-soumet-son-petrole-au-diktat-trumpiste,https://www.mediapart.fr/journal/international/010926/le-venezuela-soumet-son-petrole-au-diktat-trumpiste,0,www.mediapart.fr,Le Venezuela soumet son pétrole au diktat trumpiste,"Une transaction « historique » annoncée par Donald Trump le 28 août a créé la stupeur. Washington met la main sur 20 % des réserves d’or noir de Caracas. Des questions se posent sur la légalité de la « prise de contrôle » de dix-sept gisements, et sur le dest…",https://static.mediapart.fr/etmagine/og/journal/files/2026/09/01/260901-img-au-venezuela-la-polemique-enfle-sur-l-accord-sur-le-petrole-trouve-avec-les-etats-unis.jpg,2026-09-01T13:45:47Z,,"Les cookies et technologies similaires que nous utilisons sur Mediapart sont de différentes natures et nous permettent de poursuivre différentes finalités. 
Certains sont nécessaires au fonctionneme… [+3291 chars]",,fr,'Donald Trump'
https://www.20minutes.fr/politique/4242178-20260901-presidentielle-2027-combien-differents-candidats-veulent-augmenter-enseignants,https://www.20minutes.fr/politique/4242178-20260901-presidentielle-2027-combien-differents-candidats-veulent-augmenter-enseignants,0,www.20minutes.fr,Présidentielle 2027 : De combien les différents candidats veulent-ils augmenter les enseignants ?,"A l’heure de la rentrée scolaire, les candidats à la présidentielle 2027 ont surfé sur l’occasion pour faire part de leurs propositions sur la revalorisation des salaires des enseignants. Mais qui a proposé quoi ?",https://img.20mn.fr/Ot-Zeak8QaWh7aRnyW7fYyk/1444x920_une-photographie-illustrative-montre-plusieurs-personnalites-de-premier-plan-dans-la-course-a-la-presidence-francaise-notamment-marine-le-pen-edouard-philippe-jean-luc-melenchon-et-raphael-glucksmann-l-election-presidentielle-francaise-est-prevue-pour-les-18-avril-et-2-mai-2027-le-president-emmanuel-macron-n-etant-pas-en-mesure-de-briguer-un-troisieme-mandat-consecutif-le-27-aout-2026-yassine-mahjoub-sipa-mahjoubyassine-by2f1003-credit-yassine-mahjoub-sipa-2608272218,2026-09-01T14:46:40Z,http://web.archive.org/web/20260902025045/https://www.20minutes.fr/politique/4242178-20260901-presidentielle-2027-combien-differents-candidats-veulent-augmenter-enseignants,"Largent est le nerf de la guerre mais également celui de léducation et à huit mois du scrutin, le sujet simpose comme lun des thèmes de la rentrée politique et de la campagne pour la présidentielle d… [+2297 chars]",,fr,'nan nan'
https://www.lexpress.fr/politique/presidentielle-2027-jean-luc-melenchon-le-vote-inutile-et-le-but-contre-son-camp-du-ps-TRV6LFG33ZAJRJR7AOCN56NLZY/,https://www.lexpress.fr/politique/presidentielle-2027-jean-luc-melenchon-le-vote-inutile-et-le-but-contre-son-camp-du-ps-TRV6LFG33ZAJRJR7AOCN56NLZY/,0,www.lexpress.fr,"Présidentielle 2027 : Jean-Luc Mélenchon, le ""vote inutile"" et le but contre son camp du PS","En voulant pointer la faiblesse de leur concurrent insoumis, les élus socialistes trahissent la leur.",https://www.lexpress.fr/resizer/v2/5BWCU5XZCFHJVC6JJQW5YARKTA.jpg?auth=e676e557fe1c4b96c72d3cb58e3e7a300f97329672e8f020d0555a2ca32d63f6&width=1200&height=630&quality=85&focal=1994%2C1238,2026-09-01T15:06:26Z,http://web.archive.org/web/20260901202643/https://www.lexpress.fr/politique/presidentielle-2027-jean-luc-melenchon-le-vote-inutile-et-le-but-contre-son-camp-du-ps-TRV6LFG33ZAJRJR7AOCN56NLZY/,"Suffit-il de marteler que Jean-Luc Mélenchon na aucune chance de remporter le second tour de lélection présidentielle pour lempêcher dy accéder ? La réponse est dans la question : non, évidemment. Po… [+3145 chars]",,fr,'Jean-Luc Mélenchon'
https://www.ledauphine.com/insolite/2026/09/01/des-sosies-de-zohran-mamdani-le-maire-de-new-york-s-affrontent-a-manhattan,https://www.ledauphine.com/insolite/2026/09/01/des-sosies-de-zohran-mamdani-le-maire-de-new-york-s-affrontent-a-manhattan,0,www.ledauphine.com,"États-Unis. Des sosies de Zohran Mamdani, le maire de New York, s'affrontent à Manhattan","Neuf sosies du maire de New York Zohran Mamdani se sont affrontés dimanche lors d'un concours insolite organisé dans un parc de Manhattan. Le gagnant, Amadeo Fusca, est reparti avec un chèque de 100 dollars.",https://cdn-s-www.ledauphine.com/images/288E38DD-0800-4D8D-BE2F-E2364994BE6E/FB1200/photo-1788275860.jpg,2026-09-01T15:25:00Z,http://web.archive.org/web/20260902030201/https://www.ledauphine.com/insolite/2026/09/01/des-sosies-de-zohran-mamdani-le-maire-de-new-york-s-affrontent-a-manhattan,"Costume trois-pièces, maillot des Knicks enfilé par-dessus la chemise, voire torse nu sous un tablier de cuisine : chacun y est allé de sa propre interprétation pour ressembler à Zohran Mamdani. Réun… [+982 chars]",,fr,'Zohran Mamdani'
https://www.20minutes.fr/politique/4242095-20260901-mort-balladur-lecons-tirer-election-presidentielle-1995-2027,https://www.20minutes.fr/politique/4242095-20260901-mort-balladur-lecons-tirer-election-presidentielle-1995-2027,0,www.20minutes.fr,Mort de Balladur : Quelles leçons tirer de l’élection présidentielle 1995 pour 2027 ?,"L’ancien Premier ministre, grand favori des sondages de l’élection présidentielle 1995, avait finalement été éliminé au premier tour",https://img.20mn.fr/vLXsp-9cRnagdnKgwEaouCk/1444x920_chirac-balladur-aux-journees-parlement-aires-du-r-p-r-a-colmar-witt-photographe-france-colmar-journee-r-p-r-chirac-jacques-accompagne-balladur-edouard-accompagne-image-numerisee,2026-09-01T16:42:02Z,http://web.archive.org/web/20260901204012/https://www.20minutes.fr/politique/4242095-20260901-mort-balladur-lecons-tirer-election-presidentielle-1995-2027,"Edouard Balladur est décédé à Paris lundi à lâge de 97 ans. Le dernier Premier ministre de François Mitterrand aura marqué lhistoire politique française, notamment lors de lélection présidentielle de… [+4342 chars]",,fr,'Raphaël Glucksmann'
https://www.nouvelobs.com/politique/20260901.OBS117858/la-mixite-sociale-doit-etre-partout-raphael-glucksmann-propose-de-conditionner-les-subventions-aux-ecoles-privees-sous-contrat.html,https://www.nouvelobs.com/politique/20260901.OBS117858/la-mixite-sociale-doit-etre-partout-raphael-glucksmann-propose-de-conditionner-les-subventions-aux-ecoles-privees-sous-contrat.html,0,www.nouvelobs.com,« La mixité sociale doit être partout » : Raphaël Glucksmann propose de conditionner les subventions aux écoles privées sous contrat,"Le candidat Place Publique à la primaire socialiste a fait sa rentrée des classes à Trilport (Seine-et-Marne). Outre l’augmentation du salaire des enseignants et une réduction des effectifs par classe, il a proposé d’imposer aux établissements privés des obje…",https://focus.nouvelobs.com/2026/09/01/0/0/6777/4518/1200/800/0/0/f80c780_upload-1-qzikxvcvysbg-000-c6ta9xq.jpg,2026-09-01T17:45:05Z,,"Raphaël Glucksmann, à Blois, le 29 août. ALAIN JOCARD / AFP
« Tout le monde parle du salaire des enseignants, mais personne ne parle de mixité. » Sur les chaises vertes et roses de lécole primaire J… [+775 chars]",,fr,'Raphaël Glucksmann'
https://www.franceinfo.fr/elections/presidentielle/presidentielle-2027-il-faut-une-reforme-constitutionnelle-profonde-pour-mieux-partager-le-pouvoir-defend-gabriel-attal-au-20-heures-de-france-2_8172656.html,https://www.franceinfo.fr/elections/presidentielle/presidentielle-2027-il-faut-une-reforme-constitutionnelle-profonde-pour-mieux-partager-le-pouvoir-defend-gabriel-attal-au-20-heures-de-france-2_8172656.html,0,www.franceinfo.fr,"Présidentielle 2027 : ""Il faut une réforme constitutionnelle profonde, pour mieux partager le pouvoir"", défend Gabriel Attal au ""20 Heures"" de France 2","""On est dans un temps ou chacun doit présenter sa vision"", a fait valoir le candidat Renaissance à la présidentielle invité, mardi, du nouveau rendez-vous politique du ""20 Heures"".",https://www.franceinfo.fr/pictures/J7XhpDaOHPEm1bnQmkXxsof0DiA/0x0:1920x1080/1500x843/2026/09/01/6a971cb348b77173581479.jpg,2026-09-01T19:11:54Z,http://web.archive.org/web/20260901233224/https://www.franceinfo.fr/elections/presidentielle/presidentielle-2027-il-faut-une-reforme-constitutionnelle-profonde-pour-mieux-partager-le-pouvoir-defend-gabriel-attal-au-20-heures-de-france-2_8172656.html,"Le candidat Renaissance à la présidentielle, Gabriel Attal, était l'invité, mardi 1er septembre, du nouveau rendez-vous politique du ""20 Heures"" de France 2. ""Il faut une réforme constitutionnelle pr… [+1128 chars]",,fr,'Gabriel Attal'
https://www.franceinfo.fr/politique/gabriel-attal/pour-moi-l-ecole-ce-n-est-pas-un-sujet-de-campagne-presidentielle-c-est-juste-le-c-ur-de-mon-engagement-en-politique-declare-gabriel-attal-candidat-de-renaissance-a-la-presidentielle_8172782.html,https://www.franceinfo.fr/politique/gabriel-attal/pour-moi-l-ecole-ce-n-est-pas-un-sujet-de-campagne-presidentielle-c-est-juste-le-c-ur-de-mon-engagement-en-politique-declare-gabriel-attal-candidat-de-renaissance-a-la-presidentielle_8172782.html,0,www.franceinfo.fr,"""Pour moi, l'école, ce n'est pas un sujet de campagne présidentielle. C'est juste le cœur de mon engagement en politique"", déclare Gabriel Attal, candidat de Renaissance à la présidentielle","Gabriel Attal, candidat de Renaissance à l'élection présidentielle, était l'invité du journal de 20 Heures, mardi 1er septembre sur France 2.",https://www.franceinfo.fr/pictures/2_EVq82r3onFUN7wSQCV1rEVS6I/0x19:828x485/1500x843/2026/09/01/6a9744de321bd597121212.jpg,2026-09-01T21:34:26Z,http://web.archive.org/web/20260902053606/https://www.franceinfo.fr/politique/gabriel-attal/pour-moi-l-ecole-ce-n-est-pas-un-sujet-de-campagne-presidentielle-c-est-juste-le-c-ur-de-mon-engagement-en-politique-declare-gabriel-attal-candidat-de-renaissance-a-la-presidentielle_8172782.html,"Gabriel Attal, candidat de Renaissance à l'élection présidentielle, était l'invité du journal de 20 Heures, mardi 1er septembre sur France 2.
Ce texte correspond à une partie de la retranscription d… [+7919 chars]",,fr,'Gabriel Attal'
https://www.bfmtv.com/politique/elections/presidentielle/direct-emmanuel-macron-attendu-a-londres-ce-mercredi-pour-inaugurer-l-exposition-de-la-tapisserie-de-bayeux_LN-202609020141.html,https://www.bfmtv.com/politique/elections/presidentielle/direct-emmanuel-macron-attendu-a-londres-ce-mercredi-pour-inaugurer-l-exposition-de-la-tapisserie-de-bayeux_LN-202609020141.html,0,www.bfmtv.com,DIRECT. Emmanuel Macron attendu à Londres ce mercredi pour inaugurer l'exposition de la tapisserie de Bayeux,"À huit mois de l'élection présidentielle, la course à l'Élysée se poursuit. Dans le même temps, l'exécutif continue de plancher sur le budget 2027, qui doit être présenté fin septembre par le gouvernement. Ce mercredi 2 août, Emmanuel Macron se rend à Londres.",https://io-fsly-bfmtv.cdn.nextradiotv.com/oOoxjBTXn5ChGj7mJa5btmRxVxk=/8x0:2040x1143/2032x0/images/Emmanuel-Macron-au-Mont-Valerien-le-jeudi-18-juin-2026-pour-les-86-ans-de-l-appel-du-18-Juin-2305989.jpg,2026-09-02T04:34:31Z,http://web.archive.org/web/20260902215519/https://www.bfmtv.com/politique/elections/presidentielle/direct-emmanuel-macron-attendu-a-londres-ce-mercredi-pour-inaugurer-l-exposition-de-la-tapisserie-de-bayeux_LN-202609020141.html,"Hier, des millions d'écoliers, collégiens et lycéens ont fait leur rentrée scolaire. L'occasion pour les candidats à la présidentielle de détailler leurs propositions pour l'Éducation nationale.
Dan… [+719 chars]",,fr,'Olivier Faure'
https://www.lalibre.be/international/amerique/2026/09/02/meurtre-de-charlie-kirk-le-suspect-sera-juge-et-risque-la-peine-de-mort-72UD5ZLUY5CO3ONE4JOTJMYRBY/,https://www.lalibre.be/international/amerique/2026/09/02/meurtre-de-charlie-kirk-le-suspect-sera-juge-et-risque-la-peine-de-mort-72UD5ZLUY5CO3ONE4JOTJMYRBY/,0,www.lalibre.be,Meurtre de Charlie Kirk : le suspect sera jugé et risque la peine de mort,"Près d’un an après la mort de Charlie Kirk, l’affaire entre dans une nouvelle phase judiciaire aux Etats-Unis. ...",https://www.lalibre.be/resizer/v2/4MLNSX2DNZAMXHLDFUDG3KZRAI.jpg?auth=f44726dab8faac676eb1731878f1ce2504afce314debc2063f0dcbe2aa5c9fdf&width=1200&height=630&quality=85&focal=4320%2C2880,2026-09-02T05:47:15Z,http://web.archive.org/web/20260903023922/https://www.lalibre.be/international/amerique/2026/09/02/meurtre-de-charlie-kirk-le-suspect-sera-juge-et-risque-la-peine-de-mort-72UD5ZLUY5CO3ONE4JOTJMYRBY/,"Cette décision fait suite à une audience préliminaire au cours de laquelle les deux parties ont présenté leurs arguments concernant la tenue d'un tel procès.
Mort d'un ""guerrier culturel"": qui était… [+1316 chars]",,fr,'Charlie Kirk'
https://www.dhnet.be/actu/monde/2026/09/02/lassassin-presume-de-charlie-kirk-sera-juge-et-encourt-la-peine-de-mort-TUVBFZRIZFFLBMZPXDDCVO3DVE/,https://www.dhnet.be/actu/monde/2026/09/02/lassassin-presume-de-charlie-kirk-sera-juge-et-encourt-la-peine-de-mort-TUVBFZRIZFFLBMZPXDDCVO3DVE/,0,www.dhnet.be,L'assassin présumé de Charlie Kirk sera jugé et encourt la peine de mort,"Un juge de l'Utah a statué mardi que l'homme suspecté d'avoir assassiné Charlie Kirk serait jugé, estimant que l'accusation disposait de suffisamment de preuves contre lui. ...",https://www.dhnet.be/resizer/v2/FV3JVVWQXRE5ZDXQZNU67S2CDE.jpg?auth=d3f5200d41fca502e1d52a2bee04249b2a9de514a78764dd820440539bafa8d4&width=1200&height=630&quality=85&focal=1800%2C1200,2026-09-02T06:03:28Z,http://web.archive.org/web/20260902113003/https://www.dhnet.be/actu/monde/2026/09/02/lassassin-presume-de-charlie-kirk-sera-juge-et-encourt-la-peine-de-mort-TUVBFZRIZFFLBMZPXDDCVO3DVE/,Mort de Charlie Kirk: un document sur l'extrême droite radicale retiré du site du ministère de la Justice américainL'accusation a notamment avancé des messages dans lesquels le suspect avouait le meu… [+1340 chars],,fr,'Erika Kirk'
https://www.bfmtv.com/politique/parti-socialiste/presidentielle-2027-segolene-royal-defend-sa-candidature-a-la-primaire-socialiste-pour-apaiser-la-france-eprouvee-par-ses-annees-de-macronisme_AV-202609020277.html,https://www.bfmtv.com/politique/parti-socialiste/presidentielle-2027-segolene-royal-defend-sa-candidature-a-la-primaire-socialiste-pour-apaiser-la-france-eprouvee-par-ses-annees-de-macronisme_AV-202609020277.html,0,www.bfmtv.com,"Présidentielle 2027: Ségolène Royal défend sa candidature à la primaire socialiste pour ""apaiser la France éprouvée par ses années de macronisme""","Invitée de BFMTV-RMC ce mercredi, Ségolène Royal a expliqué les raisons de sa candidature à l'élection présidentielle à travers une participation à la primaire du Parti socialiste et de Place publique.",https://io-fsly-bfmtv.cdn.nextradiotv.com/LZBkEc9qUekqzVDONhfNolGGGGk=/6x3:998x561/992x0/images/Segolene-Royal-sur-le-plateau-de-BFMTV-RMC-le-2-septembre-2026-2340910.jpg,2026-09-02T07:11:18Z,,"Invitée de BFMTV-RMC ce mercredi, Ségolène Royal a expliqué les raisons de sa candidature à l'élection présidentielle à travers une participation à la primaire du Parti socialiste et de Place publiqu… [+1133 chars]",,fr,'Ségolène Royal'
https://www.bfmtv.com/politique/violences-dans-le-periscolaire-segolene-royal-plaide-pour-l-installation-de-cameras-de-videosurveillance-partout-dans-le-cadre-scolaire_AV-202609020333.html,https://www.bfmtv.com/politique/violences-dans-le-periscolaire-segolene-royal-plaide-pour-l-installation-de-cameras-de-videosurveillance-partout-dans-le-cadre-scolaire_AV-202609020333.html,0,www.bfmtv.com,"Violences dans le périscolaire: Ségolène Royal plaide pour l’installation de caméras de vidéosurveillance ""partout dans le cadre scolaire""","La candidate à la primaire du PS et de Place publique en vue de 2027 Ségolène Royal préconise l'installation de caméras de vidéosurveillance ""dans tous les lieux où il y a un accueil de public fragile"", une mesure qui sera détaillée lors de son premier déplac…",https://io-fsly-bfmtv.cdn.nextradiotv.com/-lW4-uI3gXHm2HzGGNtVaQyEkcE=/0x0:1920x1080/1920x0/images/Segolene-Royal-candidate-a-la-primaire-socialiste-et-ancienne-finaliste-a-la-presidentielle-invitee-de-BFMTV-RMC-2340889.jpg,2026-09-02T07:51:06Z,,"La candidate à la primaire du PS et de Place publique en vue de 2027 Ségolène Royal préconise l'installation de caméras de vidéosurveillance ""dans tous les lieux où il y a un accueil de public fragil… [+1792 chars]",,fr,'Ségolène Royal'
https://www.courrierinternational.com/article/a-la-une-du-magazine-cette-amerique-tentee-par-la-gauche-radicale_265785,https://www.courrierinternational.com/article/a-la-une-du-magazine-cette-amerique-tentee-par-la-gauche-radicale_265785,0,www.courrierinternational.com,Cette Amérique tentée par la gauche radicale,"Dans l’hebdomadaire en vente le 4 septembre, nous revenons sur la situation politique aux États-Unis, à deux mois des élections de mi-mandat. Dans le sillage de Zohran Mamdani et d’Alexandria Ocasio-Cortez, les Socialistes démocrates séduisent de plus en plus…",https://focus.courrierinternational.com/2026/09/02/0/94/1012/675/1200/630/60/0/5593dce_upload-1-z7mnfof92ce3-1870-une-web.jpg,2026-09-02T08:21:48Z,,"Cest une petite révolution qui a marqué lété américain. Pendant que Donald Trump continuait de sen prendre à la terre entière (aux migrants, à lIran, à Oman, à Cuba, au Canada), chez lui, aux États-U… [+6499 chars]",,fr,'Alexandria Ocasio-Cortez'
https://www.bfmtv.com/international/amerique-nord/etats-unis/assassinat-de-charlie-kirk-un-juge-americain-statue-que-le-suspect-du-meurtre-de-l-influenceur-pro-trump-sera-juge_AD-202609020369.html,https://www.bfmtv.com/international/amerique-nord/etats-unis/assassinat-de-charlie-kirk-un-juge-americain-statue-que-le-suspect-du-meurtre-de-l-influenceur-pro-trump-sera-juge_AD-202609020369.html,0,www.bfmtv.com,Assassinat de Charlie Kirk: un juge américain statue que le suspect du meurtre de l'influenceur pro-Trump sera jugé,L'homme de 23 ans a plaidé non coupable des charges qui pèsent contre lui. Il risque la peine de mort.,https://io-fsly-bfmtv.cdn.nextradiotv.com/Tt8h2QTZLP5xXHXgSqdDw2AeAUQ=/0x106:2048x1258/2048x0/images/Un-ecran-de-television-affiche-une-photo-de-Tyler-Robinson-soupconne-d-avoir-tue-Charlie-Kirk-le-11-septembre-a-Orem-dans-l-Utah-le-12-septembre-2025-2136947.jpg,2026-09-02T08:31:26Z,http://web.archive.org/web/20260903083835/https://www.bfmtv.com/international/amerique-nord/etats-unis/assassinat-de-charlie-kirk-un-juge-americain-statue-que-le-suspect-du-meurtre-de-l-influenceur-pro-trump-sera-juge_AD-202609020369.html,"L'homme de 23 ans a plaidé non coupable des charges qui pèsent contre lui. Il risque la peine de mort.
Un juge de l'Utah a statué ce mardi 1er septembre que l'homme suspecté d'avoir assassiné Charli… [+1775 chars]",,fr,'Charlie Kirk'
https://www.franceinfo.fr/elections/presidentielle/il-n-y-aura-qu-une-seule-candidature-de-la-gauche-social-democrate-a-la-presidentielle-2027-assure-francois-hollande_8173478.html,https://www.franceinfo.fr/elections/presidentielle/il-n-y-aura-qu-une-seule-candidature-de-la-gauche-social-democrate-a-la-presidentielle-2027-assure-francois-hollande_8173478.html,0,www.franceinfo.fr,"""Il n'y aura qu'une seule candidature de la gauche social-démocrate"" à la présidentielle 2027, assure François Hollande","François Hollande publie jeudi un livre. ""Je porte un projet"", affirme l'ancien président, mercredi sur France Inter, tout en répétant qu'il n'était ""pas candidat aujourd'hui"".",https://www.franceinfo.fr/pictures/CEv6n8zlikhgq6pnN_YBROPZ93c/0x0:1511x849/1500x843/2026/09/02/6a97e4122ddda427026382.jpg,2026-09-02T09:00:47Z,http://web.archive.org/web/20260903055203/https://www.franceinfo.fr/elections/presidentielle/il-n-y-aura-qu-une-seule-candidature-de-la-gauche-social-democrate-a-la-presidentielle-2027-assure-francois-hollande_8173478.html,"François Hollande a assuré ce mercredi sur France Inter qu'""il n'y aura qu'une seule candidature de la gauche social-démocrate"" à l'élection présidentielle de 2027, tout en répétant qu'il n'était ""pa… [+2874 chars]",,fr,'François Hollande'
https://www.huffingtonpost.fr/politique/article/presidentielle-2027-raphael-glucksmann-accuse-de-fuir-les-debats-televises-de-la-primaire-du-ps_316307.html,https://www.huffingtonpost.fr/politique/article/presidentielle-2027-raphael-glucksmann-accuse-de-fuir-les-debats-televises-de-la-primaire-du-ps_316307.html,0,www.huffingtonpost.fr,Présidentielle 2027 : Raphaël Glucksmann accusé de fuir les débats télévisés de la primaire du PS,Le candidat Place publique s’en tient pour le moment au seul débat « exclusif » organisé par France Télévisions. Ses concurrents en réclament deux supplémentaires.,https://focus.huffingtonpost.fr/2026/09/02/507/0/5793/3258/1820/1023/75/0/58cf994_upload-1-acd7esghkfp0-afp-20260828-c6r86t9-v1-highres-francepoliticspartiesps.jpg,2026-09-02T10:09:34Z,http://web.archive.org/web/20260903094609/https://www.huffingtonpost.fr/politique/article/presidentielle-2027-raphael-glucksmann-accuse-de-fuir-les-debats-televises-de-la-primaire-du-ps_316307.html,"Lorganisation de la primaire du PS et de Place publique vire au casse-tête. Après un bras de fer tout lété sur le prix à payer pour y participer, finalement fixé à 15 euros, cest autour des débats té… [+3631 chars]",,fr,'Raphaël Glucksmann'
https://www.legorafi.fr/2026/09/02/nouvel-echec-dune-greffe-de-programme-sur-olivier-faure/,https://www.legorafi.fr/2026/09/02/nouvel-echec-dune-greffe-de-programme-sur-olivier-faure/,0,www.legorafi.fr,Nouvel échec d’une greffe de programme sur Olivier Faure,"Le député socialiste Olivier Faure a vu sa tentative de greffe de programme encore une fois rejetée par son corps. 
L’article Nouvel échec d’une greffe de programme sur Olivier Faure est apparu en premier sur Le Gorafi.fr Gorafi News Network.",https://www.legorafi.fr/wp-content/uploads/2026/09/GettyImages-2284126780-1000x600.jpg,2026-09-02T11:55:00Z,http://web.archive.org/web/20260903093046/https://www.legorafi.fr/2026/09/02/nouvel-echec-dune-greffe-de-programme-sur-olivier-faure/,"Cest à l’hôpital de la Salpêtrière que le premier secrétaire du Parti socialiste, Olivier Faure, a été admis dans le plus grand secret ce mardi soir. La raison ? Une cinquième tentative de greffe de … [+1488 chars]",,fr,'Olivier Faure'
https://theconversation.com/lhumour-botte-secrete-de-dolly-parton-pour-contrer-le-sexisme-290953,https://theconversation.com/lhumour-botte-secrete-de-dolly-parton-pour-contrer-le-sexisme-290953,0,theconversation.com,"L’humour, botte secrète de Dolly Parton pour contrer le sexisme","Qu’il s’agisse d’improviser lors d’un duo ou de plaisanter sur son image glamour, Parton a su faire de son humour une force pour combattre les préjugés sexistes.",https://images.theconversation.com/files/757189/original/file-20260827-60-ghsows.jpg?ixlib=rb-4.1.1&rect=0%2C300%2C3018%2C1509&q=45&auto=format&w=1356&h=668&fit=crop,2026-09-02T14:07:46Z,,"«&nbsp;Ça coûte cher d’avoir l’air aussi vulgaire&nbsp;», disait Dolly Parton. Paul Natkin/Getty Images


L’ESSENTIEL

<ul>
<li>Disparue le 25 août 2026, Dolly Parton est connue pour ses tubes, comm… [+8667 chars]",,fr,'Dolly Parton'
https://www.journaldunet.com/business/action-publique/1554301-francois-hollande-confirme-qu-il-ne-participera-pas-a-la-primaire-a-gauche-pour-la-presidentielle-2027-et-annonce-qu-il-decidera-en-decembre-s-il-sera-candidat/,https://www.journaldunet.com/business/action-publique/1554301-francois-hollande-confirme-qu-il-ne-participera-pas-a-la-primaire-a-gauche-pour-la-presidentielle-2027-et-annonce-qu-il-decidera-en-decembre-s-il-sera-candidat/,0,www.journaldunet.com,François Hollande confirme qu'il ne participera pas à la primaire à gauche pour la présidentielle 2027 et annonce qu'il décidera en décembre s'il sera candidat,L'ancien président précise qu'il ne participera pas à la primaire socialiste et conditionne sa candidature à la dynamique de la gauche sociale-démocrate.,https://img-0.journaldunet.com/jSk2uwFMTsbwVfk91YNpwNWu-kY=/1500x/smart/714395bd20bd4671942d3ef9c407cb38/ccmcms-jdn/39543288.jpg,2026-09-02T16:06:24Z,http://web.archive.org/web/20260903013812/https://www.journaldunet.com/business/action-publique/1554301-francois-hollande-confirme-qu-il-ne-participera-pas-a-la-primaire-a-gauche-pour-la-presidentielle-2027-et-annonce-qu-il-decidera-en-decembre-s-il-sera-candidat/,"L'ancien président précise qu'il ne participera pas à la primaire socialiste et conditionne sa candidature à la dynamique de la gauche sociale-démocrate.
Je m'abonne aux Infos à ne pas rater
Franço… [+1987 chars]",,fr,'François Hollande'
https://www.20minutes.fr/monde/etats-unis/4242438-20260902-guerre-moyen-orient-trump-suggere-rebaptiser-ormuz-detroit-trump,https://www.20minutes.fr/monde/etats-unis/4242438-20260902-guerre-moyen-orient-trump-suggere-rebaptiser-ormuz-detroit-trump,0,www.20minutes.fr,Guerre au Moyen-Orient : Trump suggère de rebaptiser Ormuz « détroit Trump »,"Donald Trump a proposé de renommer le détroit d’Ormuz en « détroit Trump », après avoir déjà rebaptisé le lac Ontario en « lac Amérique » et le Golfe du Mexique en « Golfe de l’Amérique »",https://img.20mn.fr/RGVG53IMTH2fJ1MxryoOrCk/1444x920_le-president-americain-donald-j-trump-organise-une-annonce-sur-l-accessibilite-des-soins-de-sante-dans-le-bureau-ovale-de-la-maison-blanche-a-washington-dc-etats-unis-le-lundi-31-aout-2026-le-president-a-annonce-qu-un-total-de-26-entreprises-participaient-desormais-au-programme-de-la-nation-la-plus-favorisee-qui-englobe-90-des-societes-pharmaceutiques-permettant-aux-americains-d-economiser-plus-de-100-milliards-de-dollars-credit-cnp-ad-media-admedia-adm-083126-trump30739-credit-cnp-ad-media-sipa-2609011904,2026-09-02T17:41:15Z,http://web.archive.org/web/20260902202906/https://www.20minutes.fr/monde/etats-unis/4242438-20260902-guerre-moyen-orient-trump-suggere-rebaptiser-ormuz-detroit-trump,"Où sarrêtera sa mégalomanie ? Donald Trump a proposé mercredi de renommer le détroit dOrmuz en « détroit Trump », quelques jours après avoir signé un décret pour changer le nom du « lac Ontario », si… [+1732 chars]",,fr,'Donald Trump'
https://www.franceinfo.fr/politique/raphael-glucksmann/primaire-du-ps-pourquoi-l-organisation-de-debats-semble-deja-poser-probleme_8174093.html,https://www.franceinfo.fr/politique/raphael-glucksmann/primaire-du-ps-pourquoi-l-organisation-de-debats-semble-deja-poser-probleme_8174093.html,0,www.franceinfo.fr,Primaire du PS : pourquoi l'organisation de débats semble déjà poser problème,"Alors que Raphaël Glucksmann se contente de la seule date prévue, le 6 octobre, ses adversaires souhaitent, eux, les multiplier.",https://www.franceinfo.fr/pictures/acGf1ct7A9E5w2-BDLow_DFwphM/0x0:4500x2531/1500x843/2026/08/24/6a8beb19db87a594354550.jpg,2026-09-02T17:59:17Z,http://web.archive.org/web/20260903030834/https://www.franceinfo.fr/politique/raphael-glucksmann/primaire-du-ps-pourquoi-l-organisation-de-debats-semble-deja-poser-probleme_8174093.html,Y aura-t-il des débats télévisés dans le cadre de la primaire du PS et de Place publique ? Le vote pour désigner le candidat social-démocrate à l'Elysée aura lieu mi-octobre. Plusieurs prétendants co… [+1778 chars],,fr,'Raphaël Glucksmann'
https://www.ledauphine.com/politique/2026/09/02/tapisserie-de-bayeux-a-londres-emmanuel-macron-et-charles-iii-celebrent-les-liens-franco-britanniques,https://www.ledauphine.com/politique/2026/09/02/tapisserie-de-bayeux-a-londres-emmanuel-macron-et-charles-iii-celebrent-les-liens-franco-britanniques,0,www.ledauphine.com,Royaume-Uni. Tapisserie de Bayeux à Londres : Emmanuel Macron et Charles III célèbrent les liens franco-britanniques,"Emmanuel Macron et le roi Charles III ont célébré mercredi les liens franco-britanniques après avoir visité en avant-première l'exposition de la tapisserie de Bayeux au British Museum de Londres avec la reine Camilla, Brigitte Macron et le nouveau Premier min…",https://cdn-s-www.ledauphine.com/images/1ED32621-EA7F-4BE0-80F9-AA918500D022/FB1200/photo-1788376012.jpg,2026-09-02T19:06:00Z,,Une visite de la tapisserie de Bayeux à Londres en avant-première. Emmanuel Macron et le roi Charles III ont célébré mercredi les liens franco-britanniques après avoir découvert l'exposition de la cé… [+4868 chars],,fr,'Emmanuel Macron'
https://www.20minutes.fr/monde/etats-unis/4242448-20260902-donald-trump-heureux-prince-harry-epouse-meghan-quitte-etats-unis,https://www.20minutes.fr/monde/etats-unis/4242448-20260902-donald-trump-heureux-prince-harry-epouse-meghan-quitte-etats-unis,0,www.20minutes.fr,Etats-Unis : Donald Trump « heureux » que le prince Harry et son épouse Meghan aient quitté le pays,Donald Trump s’est dit « heureux » du départ du prince Harry et de Meghan des États-Unis après l’annonce de leur retour au Royaume-Uni pour une durée indéterminée,https://img.20mn.fr/hC4EQdmzQF-XWkrGzJM7XSk/1444x920_le-president-donald-trump-rencontre-les-dirigeants-des-agences-de-voyages-dans-le-bureau-ovale-de-la-maison-blanche-a-washington-dc-le-mercredi-2-septembre-2026-les-dirigeants-d-american-airlines-marriott-mgm-resorts-et-carnival-rencontrent-le-president-apres-que-l-industrie-a-connu-un-essor-grace-a-la-coupe-du-monde-malgre-une-baisse-de-5-5-des-arrivees-internationales-en-2025-en-raison-d-un-certain-nombre-de-facteurs-notamment-9-longs-delais-d-attente-pour-les-entretiens-de-visa-des-politiques-d-immigration-plus-strictes-des-droits-de-douane-et-des-restrictions-de-voyage-americaines-pour-9-pays-photo-de-samuel-corum-upi-photo-via-news-com-upi-photos-three165180-upi-newscom-sipa-2609022040,2026-09-02T19:36:51Z,,"Le retour de Harry et Meghan outre-Manche fait réagir jusquà Washington. Interrogé mercredi à la Maison Blanche, Donald Trump a affirmé être « heureux » du départ du couple des États-Unis, où il viva… [+1736 chars]",,fr,'Charles III'
https://www.courrierinternational.com/article/analyse-le-capitalisme-ne-marche-plus-pourquoi-les-jeunes-democrates-se-tournent-vers-le-socialisme_261806,https://www.courrierinternational.com/article/analyse-le-capitalisme-ne-marche-plus-pourquoi-les-jeunes-democrates-se-tournent-vers-le-socialisme_261806,0,www.courrierinternational.com,“Le capitalisme ne marche plus” : pourquoi les jeunes démocrates se tournent vers le socialisme,"Dans le sillage du maire de New York, Zohran Mamdani, des candidats socialistes démocrates ont remporté des primaires un peu partout dans le pays en vue des élections de mi-mandat de novembre prochain. Une tendance de fond au sein du Parti démocrate, qui voit…",https://focus.courrierinternational.com/2026/09/01/0/0/3390/2260/1200/630/60/0/8dd3bc1_upload-1-uckhxqctqwgn-the-american-socialists-opening-page.jpg,2026-09-03T03:00:20Z,,"Si pour vous le socialisme évoque les soirées lecture de Marx et les piquets de grève, il va falloir vous mettre à jour. Aujourdhui, aux États-Unis, le socialisme rime aussi avec softball, soirées lo… [+1058 chars]",,fr,'Zohran Mamdani'
https://www.huffingtonpost.fr/international/article/emmanuel-macron-espere-avec-londres-un-lien-aussi-etroit-que-les-fils-de-la-tapisserie-de-bayeux_316868.html,https://www.huffingtonpost.fr/international/article/emmanuel-macron-espere-avec-londres-un-lien-aussi-etroit-que-les-fils-de-la-tapisserie-de-bayeux_316868.html,0,www.huffingtonpost.fr,Emmanuel Macron espère avec Londres un « lien aussi étroit que les fils » de la tapisserie de Bayeux,"En visite au Royaume-Uni, le président français a visité en avant-première avec le roi Charles III l’exposition de cette œuvre au British Museum de Londres.",https://focus.huffingtonpost.fr/2026/09/03/31/0/5814/3270/1820/1023/75/0/248bc6f_upload-1-nqro94idi7tv-afp-20260902-c77b62h-v1-highres-britainfranceroyalsdiplomacy.jpg,2026-09-03T03:46:09Z,,Emmanuel Macron et le roi Charles III ont célébré ce mercredi 2 septembre les liens franco-britanniques après avoir visité en avant-première lexposition de la tapisserie de Bayeux au British Museum d… [+4092 chars],,fr,'Emmanuel Macron'
https://www.huffingtonpost.fr/politique/article/presidentielle-2027-la-rentree-au-pas-de-charge-de-francois-hollande-au-risque-de-parasiter-la-primaire-ps_316538.html,https://www.huffingtonpost.fr/politique/article/presidentielle-2027-la-rentree-au-pas-de-charge-de-francois-hollande-au-risque-de-parasiter-la-primaire-ps_316538.html,0,www.huffingtonpost.fr,Présidentielle 2027 : la rentrée au pas de charge de François Hollande au risque de parasiter la primaire PS,"L’ancien chef de l’État, qui publie ce jeudi un livre, ne fait plus mystère de sa volonté de revenir au premier plan. Quitte à encombrer le PS, en pleine campagne pour la primaire.",https://focus.huffingtonpost.fr/2026/09/02/205/0/5840/3285/1820/1023/75/0/2a068e6_upload-1-vm45rplcjnjw-afp-20260828-c6qx4hw-v1-highres-francepoliticspartiesps.jpg,2026-09-03T04:01:07Z,,"La sortie dun livre, pour un responsable politique, est généralement loccasion de courir les séances de dédicaces et de multiplier les invitations sur les plateaux télé. François Hollande néchappe pa… [+4559 chars]",,fr,'Raphaël Glucksmann'
https://www.huffingtonpost.fr/international/article/donald-trump-se-dit-heureux-que-le-prince-harry-et-meghan-markle-quittent-les-etats-unis_316901.html,https://www.huffingtonpost.fr/international/article/donald-trump-se-dit-heureux-que-le-prince-harry-et-meghan-markle-quittent-les-etats-unis_316901.html,0,www.huffingtonpost.fr,Donald Trump se dit « heureux » que le prince Harry et Meghan Markle quittent les États-Unis,"Le président américain a donné un avis bien arrêté sur le retour du couple en Angleterre, affirmant qu’il ne « les aurait pas repris » s’il était membre de la famille royale.",https://focus.huffingtonpost.fr/2026/06/15/0/0/8640/4860/1820/1023/75/0/0ca7ad7_upload-1-zjhnccbhc565-gettyimages-2281638006.jpg,2026-09-03T04:15:12Z,,"Sur quel sujet Donald Trump ne donne-t-il pas son avis ? Certainement pas sur la famille royale britannique, en tout cas. Le président américain a déclaré ce mercredi 2 septembre être « heureux » que… [+4127 chars]",,fr,'Donald Trump'
https://fr.hurriyet.com.tr/fr-news/--lavion-leurre-fait-desormais-lobjet-dun-documentaire-43294079,https://fr.hurriyet.com.tr/fr-news/--lavion-leurre-fait-desormais-lobjet-dun-documentaire-43294079,0,fr.hurriyet.com.tr,« L'avion leurre » fait désormais l'objet d'un documentaire,"Le documentaire « Instadocs : The Decoy Plane (L'avion leurre) », qui traite du changement d'avion effectué en secret par le président américain Donald Trump à la suite du sommet de l'OTAN à Ankara en raison d'une éventuelle menace d'attentat provenant d'Iran…",https://image.hurimg.com/i/hurriyet/90/0x0/6a988baa242e1cf6f869e809.jpg,2026-09-03T04:18:00Z,http://web.archive.org/web/20260904080256/https://fr.hurriyet.com.tr/fr-news/--lavion-leurre-fait-desormais-lobjet-dun-documentaire-43294079,"p&gt;Le président américain Donald Trump est monté à bord dAir Force One devant les caméras à laéroport dEsenboa le 8 juillet, à lissue du sommet de lOTAN, mais il sest avéré par la suite quil avait … [+1316 chars]",,fr,'nan nan'
https://www.ledauphine.com/elections/2026/09/03/dans-son-nouveau-livre-francois-hollande-expose-une-nouvelle-gauche-et-se-prepare,https://www.ledauphine.com/elections/2026/09/03/dans-son-nouveau-livre-francois-hollande-expose-une-nouvelle-gauche-et-se-prepare,0,www.ledauphine.com,"Présidentielle 2027. Dans son nouveau livre, François Hollande expose une « nouvelle gauche » et se prépare","uFrançois Hollande sort ce jeudi un livre, Unir, dans lequel il fait des propositions pour 2027. Une vision de gauche réformiste et presque un programme pour l’ex-président, qui se prépare plus que jamais.",https://cdn-s-www.ledauphine.com/images/DD4D6D5B-CDF6-4D16-A651-271D3EEB2A2B/FB1200/photo-1788378942.jpg,2026-09-03T05:10:00Z,http://web.archive.org/web/20260903055402/https://www.ledauphine.com/elections/2026/09/03/dans-son-nouveau-livre-francois-hollande-expose-une-nouvelle-gauche-et-se-prepare,"La primaire de la gauche sociale-démocrate se fera sans lui. François Hollande, qui assume « se préparer » sans pour autant se déclarer pour la présidentielle, sort ce jeudi un livre consacré à sa vi… [+3971 chars]",,fr,'François Hollande'
https://www.frandroid.com/marques/apple/3231543_cette-application-dit-non-a-donald-trump-et-devient-lappli-n1-des-etats-unis,https://www.frandroid.com/marques/apple/3231543_cette-application-dit-non-a-donald-trump-et-devient-lappli-n1-des-etats-unis,0,www.frandroid.com,Cette application dit non à Donald Trump et devient l’appli n°1 des États-Unis,"MapQuest, l'appli de cartes que beaucoup croyaient morte depuis l'arrivée de Google Maps, vient de finir n°1 de l'App Store américain. Elle a simplement refusé de rebaptiser le lac Ontario pour faire plaisir à Donald Trump.","https://img.frandroid.com/images.frandroid.com/wp-content/uploads/2026/09/image-66.png?resize=1600,900&key=a33fde14",2026-09-03T05:44:10Z,http://web.archive.org/web/20260908000314/https://www.frandroid.com/marques/apple/3231543_cette-application-dit-non-a-donald-trump-et-devient-lappli-n1-des-etats-unis,"MapQuest, l’appli de cartes que beaucoup croyaient morte depuis l’arrivée de Google Maps, vient de finir n°1 de l’App Store américain. Elle a simplement refusé de rebaptiser le lac Ontario pour faire… [+3083 chars]",,fr,'Donald Trump'
https://www.franceinfo.fr/replay-radio/l-edito-politique/edito-sebastien-lecornu-condamne-a-jouer-les-funambules-sur-le-budget_8145035.html,https://www.franceinfo.fr/replay-radio/l-edito-politique/edito-sebastien-lecornu-condamne-a-jouer-les-funambules-sur-le-budget_8145035.html,0,www.franceinfo.fr,"Édito. Sébastien Lecornu, condamné à jouer les funambules sur le budget","À l’approche du débat budgétaire, Sébastien Lecornu s’engage dans un nouveau parcours à haut risque, avec la menace d’une censure dès l’automne. Entre opposition déterminée et présidentielle en ligne de mire, le Premier ministre tente de jouer la carte de la …",https://www.franceinfo.fr/pictures/ELi6f0KDelqWhplqIxgEgzfM0kc/0x53:1024x629/1500x843/2026/09/03/6a98fd3cdd473590423156.jpg,2026-09-03T06:10:01Z,,"À lapproche du débat budgétaire, Sébastien Lecornu sengage dans un nouveau parcours à haut risque, avec la menace dune censure dès lautomne. Entre opposition déterminée et présidentielle en ligne de … [+2677 chars]",,fr,'Sébastien Lecornu'
https://www.bfmtv.com/societe/education/cameras-de-videosurveillance-a-l-ecole-la-mere-d-elias-poignarde-a-mort-estime-que-cette-proposition-est-irrealiste-et-n-apportera-rien_AV-202609030220.html,https://www.bfmtv.com/societe/education/cameras-de-videosurveillance-a-l-ecole-la-mere-d-elias-poignarde-a-mort-estime-que-cette-proposition-est-irrealiste-et-n-apportera-rien_AV-202609030220.html,0,www.bfmtv.com,"Caméras de vidéosurveillance à l'école: la mère d'Elias, jeune poignardé à mort à Paris, estime que cette proposition est ""irréaliste"" et ""n'apportera rien""","La mère d'un adolescent poignardé à mort en 2025 juge la proposition de Ségolène Royal d'installer ""partout"" des caméras de surveillance ""irréaliste"".",https://io-fsly-bfmtv.cdn.nextradiotv.com/pAp2ExLsdbyk8f48eqonVBopmBI=/4x67:1252x769/1248x0/images/-74607.jpg,2026-09-03T06:26:44Z,,"La mère d'un adolescent poignardé à mort en 2025 juge la proposition de Ségolène Royal d'installer ""partout"" des caméras de surveillance ""irréaliste"".
Une ""belle parole"" qui ""n'apportera rien"". La m… [+1672 chars]",,fr,'Ségolène Royal'
https://www.franceinfo.fr/replay-radio/le-vrai-du-faux/vrai-ou-faux-l-absence-de-vote-du-budget-2027-coutera-t-elle-15-milliards-d-euros-a-l-etat_8144990.html,https://www.franceinfo.fr/replay-radio/le-vrai-du-faux/vrai-ou-faux-l-absence-de-vote-du-budget-2027-coutera-t-elle-15-milliards-d-euros-a-l-etat_8144990.html,0,www.franceinfo.fr,Vrai ou faux. L'absence de vote du budget 2027 coûtera-t-elle 15 milliards d’euros à l’État ?,"Plusieurs ministres affirment que si le projet de budget 2027 du gouvernement n'était pas adopté d'ici le 31 décembre, cela pourrait coûter 15 milliards d'euros aux finances publiques. Le Vrai ou Faux fait le point.",https://www.franceinfo.fr/pictures/xbOzMIiOPyfKSJpYseX-iIK15LM/0x60:1024x636/1500x843/2026/09/03/6a99203744c30892494925.jpg,2026-09-03T07:30:32Z,http://web.archive.org/web/20260904012824/https://www.franceinfo.fr/replay-radio/le-vrai-du-faux/vrai-ou-faux-l-absence-de-vote-du-budget-2027-coutera-t-elle-15-milliards-d-euros-a-l-etat_8144990.html,"Plusieurs ministres affirment que si le projet de budget 2027 du gouvernement n'était pas adopté d'ici le 31 décembre, cela pourrait coûter 15 milliards d'euros aux finances publiques. Le Vrai ou Fau… [+3039 chars]",,fr,'nan nan'
https://www.journaldunet.com/business/action-publique/1554315-la-cote-de-confiance-d-emmanuel-macron-retombe-a-22-debut-septembre-2026-apres-une-remontee-estivale-tandis-que-sebastien-lecornu-reste-impopulaire/,https://www.journaldunet.com/business/action-publique/1554315-la-cote-de-confiance-d-emmanuel-macron-retombe-a-22-debut-septembre-2026-apres-une-remontee-estivale-tandis-que-sebastien-lecornu-reste-impopulaire/,0,www.journaldunet.com,"La cote de confiance d'Emmanuel Macron retombe à 22%, Sébastien Lecornu reste impopulaire","A neuf mois de la présidentielle, la confiance envers Emmanuel Macron rechute, sur fond de pessimisme généralisé et d'impasse politique persistante.",https://img-0.journaldunet.com/pGf4t2fxu37IVpv85HKmFIgivXI=/1500x/smart/209706452cc044a0956a33cdf77cd3b1/ccmcms-jdn/39543299.jpg,2026-09-03T08:32:16Z,http://web.archive.org/web/20260903125351/https://www.journaldunet.com/business/action-publique/1554315-la-cote-de-confiance-d-emmanuel-macron-retombe-a-22-debut-septembre-2026-apres-une-remontee-estivale-tandis-que-sebastien-lecornu-reste-impopulaire/,"A neuf mois de la présidentielle, la confiance envers Emmanuel Macron rechute, sur fond de pessimisme généralisé et d'impasse politique persistante.
Je m'abonne aux Infos à ne pas rater
Après une e… [+1592 chars]",,fr,'Sébastien Lecornu'
https://www.challenges.fr/politique/presidentielle-2027-francois-hollande-a-la-recherche-de-son-improbable-trou-de-souris_645481,https://www.challenges.fr/politique/presidentielle-2027-francois-hollande-a-la-recherche-de-son-improbable-trou-de-souris_645481,0,www.challenges.fr,Présidentielle 2027 : François Hollande à la recherche de son improbable « trou de souris »,"François Hollande ne cache plus vraiment ses ambitions pour 2027. Fort de sa popularité retrouvée, l’ancien président guette le « trou de souris » qui pourrait le ramener à l’Élysée. Mais l’histoire joue contre lui.",https://www.challenges.fr/_ipx/f_jpg&enlarge_true&s_1200x630/cha/static/2026-09/60423.HR_0.jpg%3FVersionId=VrmrtAvnifrEryfJE2OzzWypYm9gHcQ9,2026-09-03T09:30:00Z,,"« François Hollande nest pas là et pourtant, il pleut » Lors du débat des présidentiables organisé par le MEDEF à Roland-Garros, Edouard Philippe en personne releva cette donnée de météo politique es… [+3377 chars]",,fr,'François Hollande'
https://www.bfmtv.com/politique/parti-socialiste/retraite-a-63-ans-attaques-contre-emmanuel-macron-et-retour-de-la-tva-ce-que-contient-le-dernier-livre-de-francois-hollande_AN-202609030509.html,https://www.bfmtv.com/politique/parti-socialiste/retraite-a-63-ans-attaques-contre-emmanuel-macron-et-retour-de-la-tva-ce-que-contient-le-dernier-livre-de-francois-hollande_AN-202609030509.html,0,www.bfmtv.com,"Retraite à 63 ans, attaques contre Emmanuel Macron et retour de la TVA: ce que contient le dernier livre de François Hollande","L'ancien président de la République, qui se positionne en éventuel recours pour la gauche d'ici le mois de décembre, sort un nouvel ouvrage. Dans Unir, nouveau monde, nouvelle gauche François Hollande défend certains totems de la gauche, mais n'hésite pas à d…",https://io-fsly-bfmtv.cdn.nextradiotv.com/v1BGCYD-R7YFRZj_0HZ32JxS0S0=/0x62:1200x737/1200x0/images/Francois-Hollande-a-Sens-le-29-aout-2026-2341309.jpg,2026-09-03T11:24:16Z,http://web.archive.org/web/20260903114352/https://www.bfmtv.com/politique/parti-socialiste/retraite-a-63-ans-attaques-contre-emmanuel-macron-et-retour-de-la-tva-ce-que-contient-le-dernier-livre-de-francois-hollande_AN-202609030509.html,"L'ancien président de la République, qui se positionne en éventuel recours pour la gauche d'ici le mois de décembre, sort un nouvel ouvrage. Dans Unir, nouveau monde, nouvelle gauche François Holland… [+6499 chars]",,fr,'Emmanuel Macron'
https://www.franceinfo.fr/elections/presidentielle/c-est-le-premier-moment-original-de-cette-campagne-pourquoi-dominique-de-villepin-et-francois-ruffin-affichent-leurs-convergences-pour-la-presidentielle_8175026.html,https://www.franceinfo.fr/elections/presidentielle/c-est-le-premier-moment-original-de-cette-campagne-pourquoi-dominique-de-villepin-et-francois-ruffin-affichent-leurs-convergences-pour-la-presidentielle_8175026.html,0,www.franceinfo.fr,"""C'est le premier moment original de cette campagne"" : pourquoi Dominique de Villepin et François Ruffin affichent leurs convergences pour la présidentielle","Lors d'un débat organisé par ""Libération"", le député de la Somme, issu de la gauche, et l'ancien Premier ministre de Jacques Chirac, figure de la droite, ont mis en avant leurs affinités. Mais avec quel objectif politique ?",https://www.franceinfo.fr/pictures/jv2ZPgtRH34-WgM1UhpidCLoGtU/0x0:6048x3402/1500x843/2026/09/03/6a995cff39b98491000641.jpg,2026-09-03T14:05:32Z,,"C'est l'alliance qu'on n'avait pas vu venir. Lors d'un débat organisé par le journal Libérationmercredi 2 septembre, Dominique de Villepin et François Ruffin ont constaté un bon nombre de convergence… [+4936 chars]",,fr,'Olivier Faure'
https://www.lexpress.fr/politique/la-droite-se-lasse-de-pierre-edouard-sterin-lerreur-de-raphael-glucksmann-POYLFMFUZNAHTC6HJTFE3IJEBQ/,https://www.lexpress.fr/politique/la-droite-se-lasse-de-pierre-edouard-sterin-lerreur-de-raphael-glucksmann-POYLFMFUZNAHTC6HJTFE3IJEBQ/,0,www.lexpress.fr,"L'erreur de Raphaël Glucksmann, la droite se lasse de Pierre-Edouard Stérin","Et aussi cette semaine : la poigne de Barrot, Lecornu-Darmanin en démonstration, Emmanuel Macron soigne son image...",https://www.lexpress.fr/resizer/v2/ACMSO5G6SBBEFFQAKM47KNBMNQ.jpg?auth=e2ce47569e39c6275baa207dad7130d39bad6b4392550feca692e48ec053832a&width=1200&height=630&quality=85&focal=2214%2C1321,2026-09-03T14:17:44Z,,"Nos indiscrets politiques. Et aussi cette semaine : la poigne de Barrot, Lecornu-Darmanin en démonstration, Emmanuel Macron soigne son image...
featured_seasonal_and_giftsOffrir l'article",,fr,'Emmanuel Macron'
https://www.nouvelobs.com/politique/20260903.OBS117900/la-primaire-du-pole-socialiste.html,https://www.nouvelobs.com/politique/20260903.OBS117900/la-primaire-du-pole-socialiste.html,0,www.nouvelobs.com,La primaire du pôle socialiste,"Les adhérents du Parti socialiste, de Place publique et des mouvements associés sont invités à choisir le candidat qui les représentera à la présidentielle de 2027. Philippe Brun, Olivier Faure, Raphaël Glucksmann, Jérôme Guedj, Ségolène Royal sont les candid…",https://focus.nouvelobs.com/2026/09/03/994/0/6001/4000/1200/800/0/0/89c9ebf_upload-1-to0pstpm1nxh-primaire.jpg,2026-09-03T14:26:20Z,,"Dossier Les adhérents du Parti socialiste, de Place publique et des mouvements associés sont invités à choisir le candidat qui les représentera à la présidentielle de 2027. Philippe Brun, Olivier Fau… [+564 chars]",,fr,'Raphaël Glucksmann'
https://www.franceinfo.fr/politique/j-ai-fait-une-erreur-terrible-jean-luc-melenchon-admet-avoir-change-d-avis-sur-le-port-du-voile-islamique_8175281.html,https://www.franceinfo.fr/politique/j-ai-fait-une-erreur-terrible-jean-luc-melenchon-admet-avoir-change-d-avis-sur-le-port-du-voile-islamique_8175281.html,0,www.franceinfo.fr,"""J'ai fait une erreur terrible"" : Jean-Luc Mélenchon admet avoir ""changé d'avis"" sur le port du voile islamique","Le candidat de LFI à la présidentielle a reconnu avoir changé de position quant au port du voile par des femmes musulmanes. Il l'avait qualifié dans le passé de ""chiffon sur la tête"". Le leader des Insoumis explique qu'il n'avait ""pas compris"".",https://www.franceinfo.fr/pictures/E--FrrsF4wxWZco-Y8Bx6994jxw/0x53:1024x629/1500x843/2026/09/03/6a99552ae9336555006574.jpg,2026-09-03T14:32:04Z,http://web.archive.org/web/20260903172153/https://www.franceinfo.fr/politique/j-ai-fait-une-erreur-terrible-jean-luc-melenchon-admet-avoir-change-d-avis-sur-le-port-du-voile-islamique_8175281.html,"C'est une explication que certains attendaient depuis longtemps. Le candidat de La France Insoumise pour la présidentielle 2027, Jean-Luc Mélenchon, s'est exprimé mercredi 2 septembre au sujet du por… [+2345 chars]",,fr,'Jean-Luc Mélenchon'
https://www.presse-citron.net/petrole-les-etats-unis-prennent-les-cles-de-la-plus-grande-reserve-de-la-planete/,https://www.presse-citron.net/petrole-les-etats-unis-prennent-les-cles-de-la-plus-grande-reserve-de-la-planete/,0,www.presse-citron.net,Pétrole : les États-Unis prennent les clés de la plus grande réserve de la planète,"La deuxième compagnie pétrolière américaine, Chevron, vient d’obtenir de nouveaux gisements de pétrole au Venezuela. Depuis la capture du président Nicolás Maduro, et en marge d’une visite du ministre américain de l’Énergie Chris Wright à Caracas, Washington …",https://www.presse-citron.net/app/uploads/2026/09/etats-unis-petrole-chevron-venezuela-1600x900.jpg,2026-09-03T15:00:10Z,http://web.archive.org/web/20260903185138/https://www.presse-citron.net/petrole-les-etats-unis-prennent-les-cles-de-la-plus-grande-reserve-de-la-planete/,"De 250 000, Chevron passera à 600 000 barils, par jour. Voilà le plan, présenté ce mercredi 2 septembre par le géant pétrolier américain, au sujet de lextraction de lor noir sur ses sites au Venezuel… [+4796 chars]",,fr,'Chris Wright'
https://www.ledauphine.com/elections/2026/09/03/defendre-la-justice-territoriale-fabien-verdier-annonce-sa-candidature-a-la-primaire-de-la-gauche,https://www.ledauphine.com/elections/2026/09/03/defendre-la-justice-territoriale-fabien-verdier-annonce-sa-candidature-a-la-primaire-de-la-gauche,0,www.ledauphine.com,Présidentielle 2027. Défendre la « justice territoriale » : Fabien Verdier annonce sa candidature à la primaire de la gauche,"Fabien Verdier, ancien maire de Chateaudun (Eure-et-Loir), annonce sa candidature à la primaire du Parti socialiste et de Place Publique. Six candidats, dont Raphaël Glucksmann, Olivier Faure, ou Ségolène Royal, sont désormais sur la ligne de départ.",https://cdn-s-www.ledauphine.com/images/CD00C36B-68DE-4C22-A08E-F14996FFDD8C/FB1200/photo-1788449034.jpg,2026-09-03T15:12:00Z,,Un nouveau candidat à l'élection présidentielle. L'ancien maire de Chateaudun (Eure-et-Loir) et ex-socialiste Fabien Verdier annonce être candidat pour participer à la primaire de la gauche socialist… [+1803 chars],,fr,'Olivier Faure'
https://france3-regions.franceinfo.fr/nouvelle-aquitaine/haute-vienne/limoges/francois-hollande-sur-tous-les-fronts-politiques-et-mediatiques-ne-pensez-pas-que-chaque-visite-de-chalon-est-une-declaration-de-candidature-3410954.html,https://france3-regions.franceinfo.fr/nouvelle-aquitaine/haute-vienne/limoges/francois-hollande-sur-tous-les-fronts-politiques-et-mediatiques-ne-pensez-pas-que-chaque-visite-de-chalon-est-une-declaration-de-candidature-3410954.html,0,france3-regions.franceinfo.fr,"François Hollande sur tous les fronts politiques et médiatiques : ""Ne pensez pas que chaque visite de Châlon est une déclaration de candidature""","François Hollande se présentera-t-il à l'élection présidentielle ? Si le député de Corrèze reste flou sur sa décision, il écarte l'idée de participer à la primaire socialiste, organisée en octobre. Une stratégie rejetée par une partie des socialistes, qui cra…",https://france3-regions.franceinfo.fr/image/hwLk-FODN18XSlTNBqn1pF6k6aU/930x620/regions/2026/09/03/6a998d6334048616801312.jpg,2026-09-03T15:43:18Z,,"François Hollande se présentera-t-il à l'élection présidentielle ? Si le député de Corrèze reste flou sur sa décision, il écarte l'idée de participer à la primaire socialiste, organisée en octobre. U… [+3544 chars]",,fr,'François Hollande'
https://www.franceinfo.fr/environnement/qu-est-ce-que-le-socialisme-ecologique-prone-par-olivier-faure_8175926.html,https://www.franceinfo.fr/environnement/qu-est-ce-que-le-socialisme-ecologique-prone-par-olivier-faure_8175926.html,0,www.franceinfo.fr,"Qu’est-ce que le ""socialisme écologique"" prôné par Olivier Faure ?","Après un été caniculaire historique, le premier secrétaire du Parti socialiste a présenté les contours de son plan écologique samedi 29 août à Blois. Officiellement candidat à la primaire de la gauche, le numéro un du parti entend imprimer sa marque sur ce th…",https://www.franceinfo.fr/pictures/TJ9mxUEPJ43GGrh1UIf0VBQZYvc/0x363:6977x4287/1500x843/2026/08/31/6a9507bbbe712934925696.jpg,2026-09-04T04:57:50Z,,"Après un été caniculaire historique, le premier secrétaire du Parti socialiste a présenté les contours de son plan écologique samedi 29 août à Blois. Officiellement candidat à la primaire de la gauch… [+5698 chars]",,fr,'Olivier Faure'
https://www.20minutes.fr/politique/4242506-20260904-budget-2027-encore-plus-mauvaise-foi-pourquoi-presidentielle-rend-tache-lecornu-impossible,https://www.20minutes.fr/politique/4242506-20260904-budget-2027-encore-plus-mauvaise-foi-pourquoi-presidentielle-rend-tache-lecornu-impossible,0,www.20minutes.fr,Budget 2027 : « Encore plus de mauvaise foi »… Pourquoi la présidentielle rend la tâche de Lecornu impossible,"Le Premier ministre Sébastien Lecornu mise sur un nouveau « compromis » pour faire adopter ses textes budgétaires, mais la campagne présidentielle pourrait s’inviter lors des débats dans l’hémicycle",https://img.20mn.fr/ySgTl9ShQiKvXh8fk_fj-Sk/1444x920_sebastien-lecornu-sortie-fin-du-conseil-des-ministres-palais-de-l-elysee-paris-france-le-31-aout-2026-end-of-weekly-cabinet-meeting-council-of-ministers-meeting-elysee-palace-paris-france-august-31-2026-nicolasmessyasz-0020-2026-08-31b-1359a-credit-nicolas-messyasz-sipa-2608311304,2026-09-04T05:02:40Z,,"Le retour de linfernal casse-tête pour Sébastien Lecornu. Le Premier ministre a réuni ce lundi son gouvernement pour un séminaire de rentrée. Avec un seul sujet au programme, et non des moindres, la … [+4690 chars]",,fr,'Sébastien Lecornu'
https://france3-regions.franceinfo.fr/occitanie/haute-garonne/toulouse/fibre-excellence-carole-delga-annonce-un-nouvel-investisseur-sur-le-gong-face-au-refus-de-nationalisation-d-emmanuel-macron-3411182.html,https://france3-regions.franceinfo.fr/occitanie/haute-garonne/toulouse/fibre-excellence-carole-delga-annonce-un-nouvel-investisseur-sur-le-gong-face-au-refus-de-nationalisation-d-emmanuel-macron-3411182.html,0,france3-regions.franceinfo.fr,Fibre Excellence : Carole Delga annonce un nouvel investisseur sur le gong face au refus de nationalisation d'Emmanuel Macron,"Quelques heures avant la clôture des dépôts, la Région Occitanie a complété son offre de reprise de l'usine Fibre Excellence de Saint-Gaudens. jeudi 3 septembre, Carole Delga annonce l'arrivée d'un nouvel investisseur et demande quatre mois supplémentaires à …",https://france3-regions.franceinfo.fr/image/UCNZU_9mdqXEQVv4H9X3cTizPeU/930x620/regions/2026/09/04/6a9a50a9bebd3878564351.jpg,2026-09-04T05:05:23Z,http://web.archive.org/web/20260904124428/https://france3-regions.franceinfo.fr/occitanie/haute-garonne/toulouse/fibre-excellence-carole-delga-annonce-un-nouvel-investisseur-sur-le-gong-face-au-refus-de-nationalisation-d-emmanuel-macron-3411182.html,"Quelques heures avant la clôture des dépôts, la Région Occitanie a complété son offre de reprise de l'usine Fibre Excellence de Saint-Gaudens. jeudi 3 septembre, Carole Delga annonce l'arrivée d'un n… [+5214 chars]",,fr,'Emmanuel Macron'
https://www.franceinfo.fr/replay-radio/l-edito-politique/edito-face-a-la-crise-agricole-sebastien-lecornu-veut-mettre-les-candidats-a-la-presidentielle-au-pied-du-mur_8145032.html,https://www.franceinfo.fr/replay-radio/l-edito-politique/edito-face-a-la-crise-agricole-sebastien-lecornu-veut-mettre-les-candidats-a-la-presidentielle-au-pied-du-mur_8145032.html,0,www.franceinfo.fr,"Édito. Face à la crise agricole, Sébastien Lecornu veut mettre les candidats à la présidentielle au pied du mur","Après un été caniculaire qui a durement frappé le monde agricole, le gouvernement prépare des mesures d’aide malgré des finances contraintes. Sébastien Lecornu veut aussi faire de cette crise un enjeu de la campagne présidentielle et placer les candidats face…",https://www.franceinfo.fr/pictures/3iBt167YDqQGp9pesZQ_xA2qpps/0x53:1024x629/1500x843/2026/09/04/6a9a4d9db906e319305661.jpg,2026-09-04T06:10:02Z,http://web.archive.org/web/20260904072643/https://www.franceinfo.fr/replay-radio/l-edito-politique/edito-face-a-la-crise-agricole-sebastien-lecornu-veut-mettre-les-candidats-a-la-presidentielle-au-pied-du-mur_8145032.html,"Après un été caniculaire qui a durement frappé le monde agricole, le gouvernement prépare des mesures daide malgré des finances contraintes. Sébastien Lecornu veut aussi faire de cette crise un enjeu… [+2606 chars]",,fr,'Sébastien Lecornu'
https://www.franceinfo.fr/replay-radio/ca-dit-quoi/l-ultime-zevent-9-millions-pour-les-victimes-des-incendies-et-l-ufc-revient-a-paris-ca-dit-quoi-ce-4-septembre_8167220.html,https://www.franceinfo.fr/replay-radio/ca-dit-quoi/l-ultime-zevent-9-millions-pour-les-victimes-des-incendies-et-l-ufc-revient-a-paris-ca-dit-quoi-ce-4-septembre_8167220.html,0,www.franceinfo.fr,"PODCAST. L'ultime Zevent, 9 millions pour les victimes des incendies et l'UFC revient à Paris : ça dit quoi ce 4 septembre ?","Ce vendredi 4 septembre, le marathon caritatif Zevent démarre sa 10ème et dernière édition, les sinistrés des incendies se battent avec les assureurs et Salahdine Parnasse fait ses débuts à l'UFC... À Paris.",https://www.franceinfo.fr/pictures/iM8O4sY1AxeTi0al7X20vB4pMP4/0x234:4500x2766/1500x843/2025/09/08/000-32j32wd-68be5220591ac977308964.jpg,2026-09-04T06:31:38Z,http://web.archive.org/web/20260905051601/https://www.franceinfo.fr/replay-radio/ca-dit-quoi/l-ultime-zevent-9-millions-pour-les-victimes-des-incendies-et-l-ufc-revient-a-paris-ca-dit-quoi-ce-4-septembre_8167220.html,"Ce vendredi 4 septembre, le marathon caritatif Zevent démarre sa 10ème et dernière édition, les sinistrés des incendies se battent avec les assureurs et Salahdine Parnasse fait ses débuts à l'UFC... … [+1356 chars]",,fr,'Salahdine Parnasse'
https://www.prnewswire.com/news-releases/alp-designe-partenaire-officiel-de-matchroom-boxing-pour-les-sachets-de-nicotine-302869816.html,https://www.prnewswire.com/news-releases/alp-designe-partenaire-officiel-de-matchroom-boxing-pour-les-sachets-de-nicotine-302869816.html,0,www.prnewswire.com,ALP DÉSIGNÉ PARTENAIRE OFFICIEL DE MATCHROOM BOXING POUR LES SACHETS DE NICOTINE,"La marque de sachets de nicotine qui connaît la plus forte croissance aux États-Unis fait son entrée en force au Royaume-Uni et en Irlande, en obtenant l'exclusivité dans une catégorie pour l'ensemble du programme automnal de Matchroom Boxing, qui commencera …",https://mmx.prnewswire.com/media/MS1981597/ALP-Taylor-vs-Pilli.jpg?id=OA2929835&p=facebook,2026-09-04T07:00:00Z,http://web.archive.org/web/20260905133553/https://www.prnewswire.com/news-releases/alp-designe-partenaire-officiel-de-matchroom-boxing-pour-les-sachets-de-nicotine-302869816.html,"La marque de sachets de nicotine qui connaît la plus forte croissance aux États-Unis fait son entrée en force au Royaume-Uni et en Irlande, en obtenant l'exclusivité dans une catégorie pour l'ensembl… [+3348 chars]",,fr,'nan nan'
https://www.bfmtv.com/politique/elections/presidentielle/presidentielle-francois-hollande-va-prendre-possession-des-lundi-de-locaux-a-paris-qui-pourront-faire-office-de-qg-de-campagne_AN-202609040309.html,https://www.bfmtv.com/politique/elections/presidentielle/presidentielle-francois-hollande-va-prendre-possession-des-lundi-de-locaux-a-paris-qui-pourront-faire-office-de-qg-de-campagne_AN-202609040309.html,0,www.bfmtv.com,Présidentielle: François Hollande va prendre possession dès lundi de locaux à Paris qui pourront faire office de QG de campagne,"L'entourage de l'ancien président de la République, qui ne s'est pas officiellement déclaré candidat pour 2027, indique qu'il s'agit plus d'un ""espace de travail pour préparation"" que d'un QG de campagne.",https://io-fsly-bfmtv.cdn.nextradiotv.com/I6FPl-SzWg42kvOHyIdACZ_JGIk=/0x106:2048x1258/2048x0/images/Francois-Hollande-2341756.jpg,2026-09-04T07:08:19Z,,"L'entourage de l'ancien président de la République, qui ne s'est pas officiellement déclaré candidat pour 2027, indique qu'il s'agit plus d'un ""espace de travail pour préparation"" que d'un QG de camp… [+1500 chars]",,fr,'Raphaël Glucksmann'
https://www.bfmtv.com/politique/elections/presidentielle/presidentielle-2027-raphael-glucksmann-deplore-cette-gauche-qui-joue-toujours-le-coup-d-apres-et-qui-est-habitee-par-l-esprit-de-defaite_AV-202609040313.html,https://www.bfmtv.com/politique/elections/presidentielle/presidentielle-2027-raphael-glucksmann-deplore-cette-gauche-qui-joue-toujours-le-coup-d-apres-et-qui-est-habitee-par-l-esprit-de-defaite_AV-202609040313.html,0,www.bfmtv.com,"Présidentielle 2027: Raphaël Glucksmann déplore ""cette gauche qui joue toujours le coup d'après"" et qui est ""habitée par l'esprit de défaite""","Invité de BFMTV-RMC ce vendredi, Raphaël Glucksmann, candidat à la primaire du PS et de Place Publique, a reconnu qu'il lui faudrait ""enclencher"" la dynamique de la social-démocratie pour être un concurrent crédible à ""Jean-Luc Mélenchon, Marine Le Pen et Édo…",https://io-fsly-bfmtv.cdn.nextradiotv.com/XlPvNZAXydt_UuNT4BHhwzJcaOA=/3x2:1187x668/1184x0/images/Raphael-Glucksmann-Place-publique-candidat-a-l-election-presidentielle-le-4-septembre-2026-sur-le-plateau-de-BFMTV-RMC-2342281.jpg,2026-09-04T07:12:07Z,,"Invité de BFMTV-RMC ce vendredi, Raphaël Glucksmann, candidat à la primaire du PS et de Place Publique, a reconnu qu'il lui faudrait ""enclencher"" la dynamique de la social-démocratie pour être un con… [+2876 chars]",,fr,'Jean-Luc Mélenchon'
https://www.franceinfo.fr/elections/presidentielle/le-nouvel-age-du-socialisme-c-est-le-socialisme-ecologique-declare-olivier-faure-qui-souhaite-toujours-une-alliance-avec-les-ecologistes_8176595.html,https://www.franceinfo.fr/elections/presidentielle/le-nouvel-age-du-socialisme-c-est-le-socialisme-ecologique-declare-olivier-faure-qui-souhaite-toujours-une-alliance-avec-les-ecologistes_8176595.html,0,www.franceinfo.fr,"""Le nouvel âge du socialisme, c'est le socialisme écologique"", déclare Olivier Faure qui souhaite toujours une alliance avec les Ecologistes","""Les mêmes victimes sur le terrain social sont aussi celles qui sont les victimes sur le terrain écologique"" et cela crée un ""séparatisme climatique"", selon Olivier Faure, vendredi sur ICI Gironde.",https://www.franceinfo.fr/pictures/vK_WT88LqGrCFquqzYv6FKYI7Ik/0x264:5068x3115/1500x843/2026/04/12/69db752fdb24b584534755.jpg,2026-09-04T07:28:30Z,http://web.archive.org/web/20260904084137/https://www.franceinfo.fr/elections/presidentielle/le-nouvel-age-du-socialisme-c-est-le-socialisme-ecologique-declare-olivier-faure-qui-souhaite-toujours-une-alliance-avec-les-ecologistes_8176595.html,"""Le nouvel âge du socialisme, c'est le socialisme écologique"", déclare Olivier Faure, Premier secrétaire du PS et candidat à la primaire socialiste/Place publique. Il souhaite toujours une alliance a… [+1700 chars]",,fr,'Olivier Faure'
https://www.huffingtonpost.fr/politique/article/presidentielle-2027-le-depute-emmanuel-maurel-annonce-sa-candidature-a-la-primaire-du-ps_317924.html,https://www.huffingtonpost.fr/politique/article/presidentielle-2027-le-depute-emmanuel-maurel-annonce-sa-candidature-a-la-primaire-du-ps_317924.html,0,www.huffingtonpost.fr,Présidentielle 2027 : le député Emmanuel Maurel annonce sa candidature à la primaire du PS,"L’ancien chef de file de l’aile gauche du PS entend « porter une voix singulière » dans la primaire, face notamment à Raphaël Glucksmann et Olivier Faure.",https://focus.huffingtonpost.fr/2026/09/04/1009/573/4782/2690/1820/1023/75/0/c15949d_upload-1-xu0gvi7820tk-afp-20260702-hl-norchard-3216737-v1-highres-fraassembleenationale4colonnes.jpg,2026-09-04T10:00:11Z,,"La primaire du Parti socialiste et de Place publique compte un nouveau candidat. Ce vendredi 4 septembre, le député du Val-dOise Emmanuel Maurel a annoncé sa candidature à ce processus prévu en octob… [+3255 chars]",,fr,'Olivier Faure'
https://www.franceinfo.fr/elections/presidentielle/nous-allons-proteger-les-scrutins-de-2027-affirme-jean-noel-barrot-face-au-risque-d-ingerences-etrangeres_8176832.html,https://www.franceinfo.fr/elections/presidentielle/nous-allons-proteger-les-scrutins-de-2027-affirme-jean-noel-barrot-face-au-risque-d-ingerences-etrangeres_8176832.html,0,www.franceinfo.fr,"""Nous allons protéger les scrutins de 2027"", affirme Jean-Noël Barrot, face au risque d'ingérences étrangères","Le ministre des Affaires étrangère cite, vendredi sur France Inter, ""de nouveaux textes juridiques"" et estime que ""la France est en avance"" tout en jugeant nécessaire ""d'aller plus loin parce que la menace évolue"".",https://www.franceinfo.fr/pictures/UXTnUbdPG_b9-k4H4QkV44QfEsM/0x0:1321x743/1500x843/2026/09/04/6a9a905eaec56990474868.jpg,2026-09-04T10:03:30Z,,"""Nous allons protéger les scrutins de 2027"" pour la présidentielle et les législatives, a affirmé vendredi 4 septembre sur France Inter le ministre des Affaires étrangères Jean-Noël Barrot, interrogé… [+3139 chars]",,fr,'Noël Barrot'
https://www.konbini.com/internet/on-est-en-plein-goumin-apres-17-ans-de-flirts-avec-les-stars-amelia-dimoldenberg-arrete-le-chicken-shop-date/,https://www.konbini.com/internet/on-est-en-plein-goumin-apres-17-ans-de-flirts-avec-les-stars-amelia-dimoldenberg-arrete-le-chicken-shop-date/,0,www.konbini.com,"On est en plein goumin : après 17 ans de flirts avec les stars, Amelia Dimoldenberg arrête le Chicken Shop Date","Après les canicules et la mort de Dolly Parton, cet été 2026 ne nous aura décidément rien épargné ! On vient d'apprendre qu'Amelia Dimoldenberg mettait fin à Chicken Shop Date. L'animatrice et productrice britannique de...",https://cdn-www.konbini.com/files/2026/09/Chicken-Shop-Date.jpg?width=1200&height=675,2026-09-04T10:55:22Z,,"Après les canicules et la mort de Dolly Parton, cet été 2026 ne nous aura décidément rien épargné ! On vient d’apprendre qu’Amelia Dimoldenberg mettait fin à Chicken Shop Date. L’animatrice et produc… [+1937 chars]",,fr,'Dolly Parton'
https://www.courrierinternational.com/article/carte-ces-lieux-rebaptises-par-ou-pour-donald-trump-dans-le-monde_267536,https://www.courrierinternational.com/article/carte-ces-lieux-rebaptises-par-ou-pour-donald-trump-dans-le-monde_267536,0,www.courrierinternational.com,Ces lieux rebaptisés par (ou pour) Donald Trump dans le monde,"Début septembre, le président américain a suggéré que le détroit d’Ormuz, qu’il dit avoir débloqué bien que l’Iran affirme le contraire, soit rebaptisé “détroit Trump”. Par le passé, il a déjà joint le geste à la parole ailleurs − ou d’autres l’ont fait pour …",https://focus.courrierinternational.com/2026/09/04/0/67/1866/1244/1200/630/60/0/f55b960_upload-1-vpsqygxlo0lx-ciweb-monde-trump.png,2026-09-04T12:32:07Z,,"Maintenant que nous en avons le contrôle, devrions-nous rebaptiser le détroit dOrmuz détroit Trump ? Mercredi 2 septembre, le président Donald Trump a fait cette suggestion sur son réseau Truth Socia… [+3307 chars]",,fr,'Donald Trump'
https://www.bfmtv.com/politique/front-national/le-rn-parle-de-couper-le-robinet-a-l-ukraine-ses-adversaires-l-accusent-de-servir-la-russie_AD-202609040888.html,https://www.bfmtv.com/politique/front-national/le-rn-parle-de-couper-le-robinet-a-l-ukraine-ses-adversaires-l-accusent-de-servir-la-russie_AD-202609040888.html,0,www.bfmtv.com,"Le RN parle de ""couper le robinet"" à l'Ukraine, ses adversaires l'accusent de ""servir la Russie""","Sur BFMTV jeudi, le vice-président du RN Louis Aliot a proposé de ""couper le robinet"" des aides à l'Ukraine. Des propos vivement dénonçés par plusieurs candidats à la présidentielle, dont Édouard Philippe. En retour, Marine Le Pen a accusé l'ex-Premier minist…",https://io-fsly-bfmtv.cdn.nextradiotv.com/MSpn3OEy5kteI9gm-52ykFFFa2E=/0x106:2048x1258/2048x0/images/Marine-Le-Pen-REF-2026-2338056.jpg,2026-09-04T18:25:55Z,,"Sur BFMTV jeudi, le vice-président du RN Louis Aliot a proposé de ""couper le robinet"" des aides à l'Ukraine. Des propos vivement dénonçés par plusieurs candidats à la présidentielle, dont Édouard Phi… [+4229 chars]",,fr,'Marine Le Pen'
https://www.20minutes.fr/monde/etats-unis/4242910-20260905-etats-unis-donald-trump-annonce-nouveaux-travaux-securite-avion-offert-qatar,https://www.20minutes.fr/monde/etats-unis/4242910-20260905-etats-unis-donald-trump-annonce-nouveaux-travaux-securite-avion-offert-qatar,0,www.20minutes.fr,Etats-Unis : Donald Trump annonce de nouveaux travaux de sécurité sur l’avion offert par le Qatar,"Donald Trump a annoncé, vendredi, de nouveaux travaux sur l’Air Force One offert par le Qatar. L’appareil présidentiel doit être renforcé à partir d’octobre pendant environ deux mois",https://img.20mn.fr/BKljng4eQFWbQGT3ybR3-ik/1444x920_23-juin-2026-clinton-maryland-etats-unis-d-amerique-le-president-americain-donald-trump-visite-l-ancien-avion-de-ligne-boeing-747-8-de-la-famille-royale-du-qatar-aujourd-hui-renove-en-air-force-one-au-hangar-du-presidential-airlift-group-de-la-base-interarmees-andrews-le-19-juin-2026-a-clinton-dans-le-maryland-l-avion-a-ete-offert-au-president-donald-trump-par-la-maison-de-thani-il-s-agit-officiellement-d-un-avion-vc-25b-bridge-de-l-armee-de-l-air-americaine-qui-remplace-air-force-one-apres-les-derniers-essais-image-de-credit-daniel-torok-maison-blanche-planet-pix-via-zuma-press-wire-20260623-zaa-p138-004-zeus-2606232113,2026-09-04T22:02:45Z,http://web.archive.org/web/20260904234140/https://www.20minutes.fr/monde/etats-unis/4242910-20260905-etats-unis-donald-trump-annonce-nouveaux-travaux-securite-avion-offert-qatar,Lavion présidentiel offert aux Etats-Unis par la famille royale qatarie va subir une nouvelle phase de travaux à partir doctobre. Donald Trump a indiqué vendredi que les modifications destinées à ren… [+1800 chars],,fr,'Donald Trump'
https://www.franceinfo.fr/politique/direct-campagne-presidentielle-jean-luc-melenchon-gabriel-attal-et-marine-tondelier-venus-vendre-leur-candidature-a-la-braderie-de-lille_8178386.html,https://www.franceinfo.fr/politique/direct-campagne-presidentielle-jean-luc-melenchon-gabriel-attal-et-marine-tondelier-venus-vendre-leur-candidature-a-la-braderie-de-lille_8178386.html,0,www.franceinfo.fr,"DIRECT. Campagne présidentielle : Jean-Luc Mélenchon, Gabriel Attal et Marine Tondelier venus ""vendre"" leur candidature à la braderie de Lille","La braderie de Lille, lancée au Moyen-âge, est l'un des événements les plus emblématiques de la vie lilloise. Mais il s'agit aussi d'un lieu prisé des personnalités politiques nationales.",https://www.franceinfo.fr/pictures/U87GNehDeU_HfQkTa89zZ6Ymz-A/0x207:3984x2448/1500x843/2026/09/05/6a9bb7cbf3442960280459.jpg,2026-09-05T06:35:40Z,http://web.archive.org/web/20260905122739/https://www.franceinfo.fr/politique/direct-campagne-presidentielle-jean-luc-melenchon-gabriel-attal-et-marine-tondelier-venus-vendre-leur-candidature-a-la-braderie-de-lille_8178386.html,"Environ 2,5 millions de visiteurs devraient fouler les pavés de la vieille ville de Lille (Nord), où se tient chaque année la plus grande braderie d'Europe. Entre les 5 000 stands de ""bradeux"" et les… [+2116 chars]",,fr,'Raphaël Glucksmann'
https://www.franceinfo.fr/politique/rachida-dati/quatre-questions-sur-la-demande-de-rachida-dati-de-reintegrer-la-magistrature-a-quelques-jours-de-son-proces-pour-corruption_8178530.html,https://www.franceinfo.fr/politique/rachida-dati/quatre-questions-sur-la-demande-de-rachida-dati-de-reintegrer-la-magistrature-a-quelques-jours-de-son-proces-pour-corruption_8178530.html,0,www.franceinfo.fr,"Quatre questions sur la demande de Rachida Dati de réintégrer la magistrature, à quelques jours de son procès pour corruption","L'ex-ministre de la Culture sera jugée du 16 au 28 septembre devant le tribunal correctionnel de Paris, notamment pour corruption et trafic d'influence passifs dans l'affaire Renault-Nissan.",https://www.franceinfo.fr/pictures/zTMKgjMl-14PySlM0h5zfOL5AqE/0x25:1024x601/1500x843/2026/09/05/6a9c158a9f389182657461.jpg,2026-09-05T15:00:11Z,http://web.archive.org/web/20260905202342/https://www.franceinfo.fr/politique/rachida-dati/quatre-questions-sur-la-demande-de-rachida-dati-de-reintegrer-la-magistrature-a-quelques-jours-de-son-proces-pour-corruption_8178530.html,"L'annonce fait des remous. L'ancienne ministre de la Culture Rachida Dati, jugée à partir du 16 septembre pour corruption, a demandé à réintégrer la magistrature, a appris franceinfo vendredi 4 septe… [+5703 chars]",,fr,'Olivier Faure'
https://www.20minutes.fr/sport/4242990-20260906-mma-vainqueur-k-o-salahdine-parnasse-fait-entree-fracassante-ufc,https://www.20minutes.fr/sport/4242990-20260906-mma-vainqueur-k-o-salahdine-parnasse-fait-entree-fracassante-ufc,0,www.20minutes.fr,"MMA : Vainqueur par K.-O., Salahdine Parnasse fait une entrée fracassante à l’UFC","Pour ses grands débuts à l’UFC, le Français Salahdine Parnasse a foudroyé Dan Hooker, dès le premier round samedi soir à l’Accor Arena de Paris",https://img.20mn.fr/frGPiH2hS0iS1Uk4fUnf7Sk/1444x920_5-septembre-2026-paris-ile-de-france-france-salahdine-parnasse-de-france-affronte-dan-hooker-de-nouvelle-zelande-lors-de-l-ufc-paris-fight-night-le-5-septembre-2026-a-l-accor-arena-de-paris-en-france-image-de-credit-fares-chafai-zuma-press-wire-20260905-zsp-c313-037-zeus-2609060023,2026-09-06T00:21:57Z,http://web.archive.org/web/20260906210222/https://www.20minutes.fr/sport/4242990-20260906-mma-vainqueur-k-o-salahdine-parnasse-fait-entree-fracassante-ufc,"Cest une victoire sans appel pour Salahdine Parnasse. Pour ses grands débuts tant attendus à lUFC, le Français a frappé fort en foudroyant le Néo-Zélandais Dan Hooker, 12e mondial des poids légers, d… [+2598 chars]",,fr,'Salahdine Parnasse'
https://www.bfmtv.com/international/europe/allemagne/l-homme-le-plus-dangereux-d-allemagne-qui-est-ulrich-siegmund-le-candidat-qui-peut-faire-gagner-l-af-d-en-saxe-anhalt_AD-202609060048.html,https://www.bfmtv.com/international/europe/allemagne/l-homme-le-plus-dangereux-d-allemagne-qui-est-ulrich-siegmund-le-candidat-qui-peut-faire-gagner-l-af-d-en-saxe-anhalt_AD-202609060048.html,0,www.bfmtv.com,"""L'homme le plus dangereux d'Allemagne"": qui est Ulrich Siegmund, le candidat qui peut faire gagner l'AfD en Saxe-Anhalt?","À 35 ans, Ulrich Siegmund rêve de conduire à la victoire l'Alternative pour l'Allemagne (AfD), un parti antimigrants, russophile et favorable à Donald Trump, en tête des sondages depuis des mois.",https://io-fsly-bfmtv.cdn.nextradiotv.com/u1h4Q112YZNojQokVjrY34HehB0=/0x0:2048x1152/2048x0/images/Ulrich-Siegmund-lors-d-un-meeting-a-Naumburg-en-Allemagne-le-24-aout-2026-2343004.jpg,2026-09-06T04:03:00Z,http://web.archive.org/web/20260907005107/https://www.bfmtv.com/international/europe/allemagne/l-homme-le-plus-dangereux-d-allemagne-qui-est-ulrich-siegmund-le-candidat-qui-peut-faire-gagner-l-af-d-en-saxe-anhalt_AD-202609060048.html,"À 35 ans, Ulrich Siegmund rêve de conduire à la victoire l'Alternative pour l'Allemagne (AfD), un parti antimigrants, russophile et favorable à Donald Trump, en tête des sondages depuis des mois.
De… [+4644 chars]",,fr,'Donald Trump'
https://www.ledauphine.com/sport/2026/09/05/le-timing-est-parfait-salahdine-parnasse-le-prodige-francais-debarque-a-l-ufc,https://www.ledauphine.com/sport/2026/09/05/le-timing-est-parfait-salahdine-parnasse-le-prodige-francais-debarque-a-l-ufc,0,www.ledauphine.com,"MMA. Qui est Salahdine Parnasse, le Français qui a fait une entrée fracassante en UFC samedi ?","Longtemps considéré comme l’un des meilleurs combattants évoluant hors de l’UFC, Salahdine Parnasse a fait des débuts fracassants dans l’organisation américaine samedi à Paris, en s'imposant par K.O dès le premier round face au n°12 des poids légers, Dan Hook…",https://cdn-s-www.ledauphine.com/images/32C34CC6-A7A4-441A-9C88-772ED968B14C/FB1200/photo-1788636420.jpg,2026-09-06T04:05:00Z,,"Il aura fallu attendre, mais Salahdine Parnasse est arrivé là où beaucoup l’imaginaient depuis des années. Samedi, le Français de 28 a fait une entrée remarquée à l’UFC directement en main event à Pa… [+6853 chars]",,fr,'Salahdine Parnasse'
https://www.huffingtonpost.fr/politique/article/la-primaire-de-gauche-pour-la-presidentielle-2027-bien-vue-par-les-francais-qui-en-veulent-une-aussi-a-droite_318551.html,https://www.huffingtonpost.fr/politique/article/la-primaire-de-gauche-pour-la-presidentielle-2027-bien-vue-par-les-francais-qui-en-veulent-une-aussi-a-droite_318551.html,0,www.huffingtonpost.fr,La primaire de gauche pour la présidentielle 2027 bien vue par les Français (qui en veulent une aussi à droite),Une enquête YouGov pour Le HuffPost confirme l’appétence des citoyens pour les élections. Premier test en octobre pour la gauche.,https://focus.huffingtonpost.fr/2026/08/26/228/0/5394/3034/1820/1023/75/0/27b214f_upload-1-p09h1qlgptit-afp-20260411-a7gm4ct-v1-highres-francepolitics.jpg,2026-09-06T05:07:14Z,,"Ils étaient 2,8 millions en 2011 pour le choix de François Hollande. Et encore plus de 2 millions début 2017 pour lancer Benoît Hamon dans la course à lÉlysée. Dix ans plus tard, combien seront-ils c… [+2821 chars]",,fr,'François Hollande'
https://www.lavenir.net/actu/monde/2026/09/06/deces-du-roi-harald-v-le-prince-william-representera-charles-iii-aux-obseques-du-roi-harald-X4EZRGWYUZABBNGWQ2S56DTZT4/,https://www.lavenir.net/actu/monde/2026/09/06/deces-du-roi-harald-v-le-prince-william-representera-charles-iii-aux-obseques-du-roi-harald-X4EZRGWYUZABBNGWQ2S56DTZT4/,0,www.lavenir.net,Décès du roi Harald V: le prince William représentera Charles III aux obsèques du roi Harald,"Le prince William représentera son père le roi Charles III aux obsèques du roi Harald V de Norvège qui se tiendront ce mercredi 9 septembre 2026, a annoncé le palais de Buckingham samedi. ...",https://www.lavenir.net/resizer/v2/DPG5A425HVCQNAK52ADANRCDJU.jpg?auth=00e7124da84a170e0dbaa1f8d2660f58508022446703352a76ed3e651831fbe6&width=1200&height=630&quality=85&focal=2086%2C1453,2026-09-06T05:24:16Z,http://web.archive.org/web/20260907061157/https://www.lavenir.net/actu/monde/2026/09/06/deces-du-roi-harald-v-le-prince-william-representera-charles-iii-aux-obseques-du-roi-harald-X4EZRGWYUZABBNGWQ2S56DTZT4/,"Le prince de 44 ans, qui est l'héritier du trône, avait déjà représenté son père aux obsèques du pape François, au Vatican en avril 2025. La tradition veut que les souverains britanniques n'assistent… [+477 chars]",,fr,'Charles III'
https://www.huffingtonpost.fr/sport/article/a-l-ufc-paris-salahdine-parnasse-n-a-pas-manque-son-arrivee-dans-la-cour-des-grands-du-mma_319145.html,https://www.huffingtonpost.fr/sport/article/a-l-ufc-paris-salahdine-parnasse-n-a-pas-manque-son-arrivee-dans-la-cour-des-grands-du-mma_319145.html,0,www.huffingtonpost.fr,"À l’UFC Paris, Salahdine Parnasse n’a pas manqué son arrivée dans la cour des grands du MMA","Pour la cinquième édition d’une soirée parisienne de l’UFC, le combattant français a brillé en moins de trois minutes. Un autre tricolore, Axel Sola, a brillé.",https://focus.huffingtonpost.fr/2026/09/06/356/0/7501/4219/1820/1023/75/0/85aa95f_upload-1-eu1wkntfd6oc-afp-20260905-c7g29vq-v1-highres-mmaufcfraarena.jpg,2026-09-06T05:49:41Z,,"Il pouvait difficilement rêver meilleurs débuts. Après Ciryl Gane à deux reprises, puis Benoit Saint-Denis en 2024 et Nassourdine Imavov lan dernier, cest Salahdine Parnasse que lUFC avait choisi de … [+3273 chars]",,fr,'Salahdine Parnasse'
https://www.ledauphine.com/politique/2026/09/06/les-bureaux-de-vote-pour-les-legislatives-ont-ouvert-en-saxe-anhalt-l-afd-proche-du-pouvoir,https://www.ledauphine.com/politique/2026/09/06/les-bureaux-de-vote-pour-les-legislatives-ont-ouvert-en-saxe-anhalt-l-afd-proche-du-pouvoir,0,www.ledauphine.com,"Allemagne. Les bureaux de vote pour les législatives ont ouvert en Saxe-Anhalt, l'AfD proche du pouvoir","Plus de 1,7 millions d'électeurs ont jusqu'à 18 heures pour choisir leurs députés dans ce scrutin crucial pour la coalition fédérale du chancelier conservateur Friedrich Merz.",https://cdn-s-www.ledauphine.com/images/DC3447B2-3FED-4712-AE70-3A1BA7353BBF/FB1200/photo-1788679730.jpg,2026-09-06T07:46:00Z,http://web.archive.org/web/20260907022225/https://www.ledauphine.com/politique/2026/09/06/les-bureaux-de-vote-pour-les-legislatives-ont-ouvert-en-saxe-anhalt-l-afd-proche-du-pouvoir,"L'extrême droite est en passe de remporter ce dimanche les élections en Saxe-Anhalt. Les bureaux de vote ont ouvert à 8 heures dans ce Land l'est de l'Allemagne, selon plusieurs médias, pour des élec… [+3504 chars]",,fr,'Sven Schulze'
https://www.begeek.fr/avant-chris-hemsworth-ces-quatre-acteurs-ont-failli-devenir-thor-439562,https://www.begeek.fr/avant-chris-hemsworth-ces-quatre-acteurs-ont-failli-devenir-thor-439562,0,www.begeek.fr,"Avant Chris Hemsworth, ces quatre acteurs ont failli devenir Thor","Le MCU aurait pu avoir un tout autre dieu du tonnerre. Quatre noms ont été envisagés avant Chris Hemsworth, dont un qui a failli revenir bien plus tard.",https://www.begeek.fr/wp-content/uploads/2026/09/thor-le-monde-des-tenebres.webp,2026-09-06T13:00:30Z,,"En bref
<ul><li>Chris Hemsworth n’était pas l’unique choix pour Thor</li><li>Tom Hiddleston a failli porter le marteau</li><li>Daniel Craig a refusé deux fois le MCU</li></ul>
Le casting de Thor a … [+3416 chars]",,fr,'Jimmy Fallon'
https://www.nouvelobs.com/teleobs/20260906.OBS117987/libre-echange-dakota-johnson-au-c-ur-d-un-vaudeville-tres-contemporain.html,https://www.nouvelobs.com/teleobs/20260906.OBS117987/libre-echange-dakota-johnson-au-c-ur-d-un-vaudeville-tres-contemporain.html,0,www.nouvelobs.com,« Libre échange » : Dakota Johnson au cœur d’un vaudeville très contemporain,"Adultère, amour libre et hypocrisies conjugales nourrissent une comédie qui oscille entre trivialité, sophistication et satire. Ce soir à 21h sur Canal+ Cinéma(s) et disponible à la demande sur myCANAL.",https://focus.nouvelobs.com/2026/09/04/0/334/2989/1993/1200/800/0/0/dc210ed_upload-1-mrlck5huzud9-librec389change28202529.jpg,2026-09-06T15:30:02Z,,"Dakota Johnson dans « Libre échange » de Michael Angelo Covino  2025 SPILTS HOLDINGS LLC. ALL RIGHTS RESERVED.
Un prof de sport trop gentil pour garder sa femme éprise (elle demande le divorce) se c… [+1009 chars]",,fr,'Dakota Johnson'
https://www.20minutes.fr/politique/4243036-20260906-presidentielle-2027-retailleau-accroche-attal-indesirable-roussel-lance-faut-retenir-dimanche,https://www.20minutes.fr/politique/4243036-20260906-presidentielle-2027-retailleau-accroche-attal-indesirable-roussel-lance-faut-retenir-dimanche,0,www.20minutes.fr,"Présidentielle 2027 : Retailleau s’accroche, Attal indésirable et Roussel se lance… Ce qu’il faut retenir de ce dimanche","Pas de repos dominical pour les prétendants à l’Elysée. Malgré les appels à l’union au centre et à droite, aucun candidat ne semble vouloir lâcher la corde. À gauche, Fabien Roussel devrait venir s’ajouter lui aussi à la liste des prétendants",https://img.20mn.fr/Dfbd3jjEQJyFef4FZwJ2Ayk/1444x920_de-gauche-a-droite-gabriel-attal-depute-et-president-du-groupe-ensemble-pour-la-republique-epr-secretaire-general-du-parti-renaissance-bruno-retailleau-ministre-d-etat-francais-ministre-de-l-interieur-president-du-parti-les-republicains-lr-lors-de-la-ref-2025-la-rencontre-des-entrepreneurs-francais-organisee-par-le-medef-le-mouvement-economique-francais-au-stade-roland-garros-a-paris-france-le-28-aout-2025-de-gauche-a-droite-gabriel-attal-depute-et-president-du-groupe-ensemble-pour-la-republique-epr-secretaire-general-du-parti-renaissance-bruno-retailleau-ministre-francais-d-etat-ministre-de-l-interieur-president-du-parti-les-republicains-lr-lors-de-la-ref-2025-rencontre-des-entrepreneurs-de-france-organisee-par-le-medef-mouvement-des-entreprises-de-france-au-stade-roland-garros-a-paris-france-le-28-aout-2025-photo-de-xose-bouzas-hans-lucas-via-afp,2026-09-06T16:21:51Z,http://web.archive.org/web/20260907034311/https://www.20minutes.fr/politique/4243036-20260906-presidentielle-2027-retailleau-accroche-attal-indesirable-roussel-lance-faut-retenir-dimanche,"Cette fois cest certain, la campagne pour lélection présidentielle de 2027 est bien lancée et cette journée dominicale en est lillustration. Alors que Bruno Retailleau qui compte « se maintenir jusqu… [+4520 chars]",,fr,'Raphaël Glucksmann'
https://www.ledauphine.com/politique/2026/09/06/j-ai-garde-beaucoup-d-amities-au-sein-du-ps-segolene-royal-assure-avoir-les-parrainages-pour-la-primaire,https://www.ledauphine.com/politique/2026/09/06/j-ai-garde-beaucoup-d-amities-au-sein-du-ps-segolene-royal-assure-avoir-les-parrainages-pour-la-primaire,0,www.ledauphine.com,Politique. « J'ai gardé beaucoup d'amitiés au sein du PS » : Ségolène Royal assure avoir les parrainages pour la primaire,"Battue au second tour en 2007, l'ancienne ministre Ségolène Royal a assuré ce dimanche avoir recueilli les parrainages nécessaires pour prendre part à la primaire socialiste.",https://cdn-s-www.ledauphine.com/images/AEF49835-6BFA-4739-B816-A4F8089589CB/FB1200/photo-1788714971.jpg,2026-09-06T17:20:00Z,,"Ségolène Royal, candidate à la primaire socialiste pour la présidentielle, a annoncé dimanche avoir obtenu les parrainages nécessaires pour y participer, se félicitant d'avoir « gardé beaucoup d'amit… [+1267 chars]",,fr,'Ségolène Royal'
https://www.20minutes.fr/politique/4243041-20260906-presidentielle-2027-segolene-royal-annonce-avoir-obtenu-parrainages-necessaires-primaire-socialiste,https://www.20minutes.fr/politique/4243041-20260906-presidentielle-2027-segolene-royal-annonce-avoir-obtenu-parrainages-necessaires-primaire-socialiste,0,www.20minutes.fr,Présidentielle 2027 : Ségolène Royal annonce avoir obtenu les parrainages nécessaires… pour la primaire socialiste,L’ancienne candidate à l’élection présidentielle de 2007 participera bien à la primaire socialiste en octobre prochain,https://img.20mn.fr/1xt7DWlSTsuiip7L7hKQgyk/1444x920_segolene-royal-personnalite-at-the-socialist-party-ps-at-the-summer-convention-in-blois-center-france-on-august-29-2026-personnalite-politique-du-parti-socialiste-ps-aux-universites-d-ete-du-parti-socialiste-ps-a-blois-le-samedi-29-aout-2026-alainrobert-1y8a0628-credit-alain-robert-sipa-2608291429,2026-09-06T17:22:17Z,,"Candidate à la primaire socialiste pour lélection présidentielle de 2027, Ségolène Royal a annoncé ce dimanche avoir obtenu les parrainages nécessaires pour y participer, se félicitant davoir « gardé… [+1345 chars]",,fr,'Ségolène Royal'
https://www.bfmtv.com/politique/elections/presidentielle/je-ne-savais-pas-que-cela-viendrait-si-vite-segolene-royal-annonce-avoir-obtenu-les-parrainages-necessaires-pour-participer-a-la-primaire-socialiste_AD-202609060323.html,https://www.bfmtv.com/politique/elections/presidentielle/je-ne-savais-pas-que-cela-viendrait-si-vite-segolene-royal-annonce-avoir-obtenu-les-parrainages-necessaires-pour-participer-a-la-primaire-socialiste_AD-202609060323.html,0,www.bfmtv.com,"""Je ne savais pas que cela viendrait si vite"": Ségolène Royal annonce avoir obtenu les parrainages nécessaires pour participer à la primaire socialiste","L'ancienne ministre, battue au second tour de l'élection présidentielle de 2007, a récolté les parrainages nécessaires pour participer à la primaire de la gauche. Elle a indiqué vouloir ""remettre de l'ordre et de la dignité dans la maison France qui a été trè…",https://io-fsly-bfmtv.cdn.nextradiotv.com/Z2bTEn0yGHy0hZJSkZSSk-IyGYM=/0x106:2048x1258/2048x0/images/Segolene-Royal-ancienne-ministre-de-l-Education-nationale-le-20-mai-2025-2225104.jpg,2026-09-06T18:00:31Z,,"L'ancienne ministre, battue au second tour de l'élection présidentielle de 2007, a récolté les parrainages nécessaires pour participer à la primaire de la gauche. Elle a indiqué vouloir ""remettre de … [+1854 chars]",,fr,'Ségolène Royal'
https://www.franceinfo.fr/politique/ps/primaire-socialiste/segolene-royal-annonce-qu-elle-a-obtenu-les-parrainages-necessaires-pour-participer-a-la-primaire-socialiste_8180078.html,https://www.franceinfo.fr/politique/ps/primaire-socialiste/segolene-royal-annonce-qu-elle-a-obtenu-les-parrainages-necessaires-pour-participer-a-la-primaire-socialiste_8180078.html,0,www.franceinfo.fr,Ségolène Royal annonce qu'elle a obtenu les parrainages nécessaires pour participer à la primaire socialiste,"Outsider du scrutin d'octobre, l'ancienne ministre assure qu'elle a ""gardé beaucoup d'amitiés au sein du Parti socialiste"", dont elle fut la candidate à la présidentielle en 2007.",https://www.franceinfo.fr/pictures/LsqBRwRAHwnuQC9nDMT79qbOgBs/0x0:5537x3114/1500x843/2026/09/06/6a9dafbf89767250551490.jpg,2026-09-06T18:24:57Z,,"Les conditions sont, selon elle, remplies. Ségolène Royal, candidate à la primaire socialiste pour la présidentielle, a annoncé dimanche 6 septembre avoir obtenu les parrainages nécessaires pour y pa… [+1246 chars]",,fr,'Ségolène Royal'
https://www.20minutes.fr/politique/4243045-20260906-presidentielle-2027-fabien-roussel-secretaire-national-parti-communiste-officialise-candidature,https://www.20minutes.fr/politique/4243045-20260906-presidentielle-2027-fabien-roussel-secretaire-national-parti-communiste-officialise-candidature,0,www.20minutes.fr,"Présidentielle 2027 : Fabien Roussel, secrétaire national du Parti communiste, officialise sa candidature","Ce dimanche soir, au JT de TF1, le secrétaire national du Parti communiste, Fabien Roussel a confirmé sa candidature à l’élection présidentielle de 2027",https://img.20mn.fr/avpDdjQPR8WfFLBwAZM3gik/1444x920_fabien-roussel-ref-2026-organise-par-le-medef-les-26-et-27-aout-2026-a-roland-garros-la-ref-2026-rencontre-des-entrepreneurs-de-france-2026-du-medef-paris-france-26-08-2026-meigneux-meigneux-102-credit-romuald-meigneux-sipa-2608281848,2026-09-06T18:48:45Z,http://web.archive.org/web/20260907002220/https://www.20minutes.fr/politique/4243045-20260906-presidentielle-2027-fabien-roussel-secretaire-national-parti-communiste-officialise-candidature,"Cétait attendu mais ça va mieux en le disant. Ce dimanche soir, le secrétaire national du Parti communiste français (PCF), Fabien Roussel, a officialisé sur TF1 sa candidature à lélection présidentie… [+3202 chars]",,fr,'Fabien Roussel'
https://www.20minutes.fr/monde/israel/4243046-20260906-cisjordanie-sous-pression-americaine-benyamin-netanyahou-ordonne-evacuer-implantations-colons,https://www.20minutes.fr/monde/israel/4243046-20260906-cisjordanie-sous-pression-americaine-benyamin-netanyahou-ordonne-evacuer-implantations-colons,0,www.20minutes.fr,"Cisjordanie : Sous pression américaine, Benyamin Netanyahou ordonne d’évacuer des implantations de colons","À la demande des Etats-Unis, Benyamin Netanyahou a donné ordre d’évacuer certaines implantations de colonies illégales israéliennes en Cisjordanie",https://img.20mn.fr/O9sgg4krT2CDVODudR_QGCk/1444x920_un-bulldozer-israelien-travaille-pres-de-la-colonie-israelienne-de-migdalim-pres-du-village-palestinien-de-qusra-au-sud-de-la-ville-de-naplouse-en-cisjordanie-occupee-par-israel-le-6-septembre-2026-photo-de-jaafar-ashtiyeh-afp,2026-09-06T19:12:00Z,,"Le Premier ministre israélien Benyamin Netanyahou a ordonné lévacuation dimplantations de colons en Cisjordanie occupée, a affirmé ce dimanche son ministre des Finances, Bezalel Smotrich. « A ma conn… [+2781 chars]",,fr,'Benyamin Netanyahou'
https://www.sofoot.com/breves/la-tres-vilaine-faute-du-fils-de-van-bommel-aux-pays-bas-entre-lajax-et-le-psv,https://www.sofoot.com/breves/la-tres-vilaine-faute-du-fils-de-van-bommel-aux-pays-bas-entre-lajax-et-le-psv,0,www.sofoot.com,La très vilaine faute du fils de Van Bommel aux Pays-Bas entre l’Ajax et le PSV,"Salahdine Parnasse a déjà des fans. Ce samedi soir, l’Ajax Amsterdam accueillait le PSV Eindhoven pour le compte de la…",https://sofoot.s3.eu-central-1.amazonaws.com/wp-content/uploads/2026/09/07090131/14644517-1400x933.jpg,2026-09-07T07:01:28Z,,"Salahdine Parnasse a déjà des fans. Ce samedi soir, lAjax Amsterdam accueillait le PSV Eindhoven pour le compte de la 5e journée dEredivisie. Entraîné par un certain Peter Bosz, le PSV la emporté tro… [+1142 chars]",,fr,'Salahdine Parnasse'
https://www.journaldunet.com/business/action-publique/1554445-segolene-royal-obtient-les-parrainages-necessaires-a-la-primaire-socialiste/,https://www.journaldunet.com/business/action-publique/1554445-segolene-royal-obtient-les-parrainages-necessaires-a-la-primaire-socialiste/,0,www.journaldunet.com,Ségolène Royal obtient les parrainages nécessaires à la primaire socialiste,"L'ancienne ministre se félicite d'avoir ""gardé beaucoup d'amitiés au sein du PS"" après avoir réuni les soutiens requis pour participer à la primaire socialiste en vue de la présidentielle.",https://img-0.journaldunet.com/4-TCUU41d54GcbOUIK_D7sk_PGA=/1500x/smart/157ff0eccb5f4bf39852d270c95da5a7/ccmcms-jdn/39543389.jpg,2026-09-07T08:47:40Z,http://web.archive.org/web/20260907120914/https://www.journaldunet.com/business/action-publique/1554445-segolene-royal-obtient-les-parrainages-necessaires-a-la-primaire-socialiste/,"L'ancienne ministre se félicite d'avoir ""gardé beaucoup d'amitiés au sein du PS"" après avoir réuni les soutiens requis pour participer à la primaire socialiste en vue de la présidentielle.
Je m'abon… [+1503 chars]",,fr,'Ségolène Royal'
https://www.challenges.fr/politique/pres-dun-million-deja-recolte-comment-raphael-glucksmann-prepare-son-tresor-de-guerre-pour-2027_645598,https://www.challenges.fr/politique/pres-dun-million-deja-recolte-comment-raphael-glucksmann-prepare-son-tresor-de-guerre-pour-2027_645598,0,www.challenges.fr,Près d’un million déjà récolté : comment Raphaël Glucksmann prépare son trésor de guerre pour 2027,"Grâce à l’aide du banquier d’affaires Jacques Ittah, le candidat Place Publique est parvenu à réunir ses premiers fonds pour la présidentielle. Avec le soutien du PS en cas de victoire à la primaire et l’obtention d’un prêt, il estime pouvoir dépasser à terme…",https://www.challenges.fr/_ipx/f_jpg&enlarge_true&s_1200x630/cha/static/2026-09/60721.HR_0.jpg%3FVersionId=bwu_E7bGt6nhxrja7D4DfPzbZ9TVDYn8,2026-09-07T11:45:00Z,http://web.archive.org/web/20260908074257/https://www.challenges.fr/politique/pres-dun-million-deja-recolte-comment-raphael-glucksmann-prepare-son-tresor-de-guerre-pour-2027_645598,"Les politiques ne sont pas les seuls à rejoindre la campagne de Raphaël Glucksmann. Largent afflue aussi. Selon nos informations, lessayiste social-démocrate a déjà levé près dun million deuros en vu… [+3831 chars]",,fr,'Raphaël Glucksmann'
https://www.dhnet.be/actu/monde/2026/09/07/en-allemagne-le-chancelier-se-dit-profondement-choque-apres-une-election-historique-il-en-va-ni-plus-ni-moins-du-futur-de-notre-pays-D2OCHVLM2BBRHM3ETRW46Q4CHQ/,https://www.dhnet.be/actu/monde/2026/09/07/en-allemagne-le-chancelier-se-dit-profondement-choque-apres-une-election-historique-il-en-va-ni-plus-ni-moins-du-futur-de-notre-pays-D2OCHVLM2BBRHM3ETRW46Q4CHQ/,0,www.dhnet.be,"En Allemagne, le chancelier se dit ""profondément choqué"" après une élection historique: ""Il en va ni plus ni moins du futur de notre pays""","Le chancelier allemand Friedrich Merz s'est dit ""profondément choqué"" lundi par la victoire historique de l'extrême droite lors d'une élection régionale la veille, tout en promettant de maintenir le cap de ses réformes mais en les expliquant mieux. ...",https://www.dhnet.be/resizer/v2/AY73AOCPINC2HPZB2PSAU3TJTY.jpg?auth=b534072b9290d16b3bf2731f4c553bee0185e07465dba5f53a4686e83b6bda64&width=1200&height=630&quality=85&focal=4128%2C2752,2026-09-07T12:38:30Z,http://web.archive.org/web/20260908022617/https://www.dhnet.be/actu/monde/2026/09/07/en-allemagne-le-chancelier-se-dit-profondement-choque-apres-une-election-historique-il-en-va-ni-plus-ni-moins-du-futur-de-notre-pays-D2OCHVLM2BBRHM3ETRW46Q4CHQ/,"""Il en va ni plus ni moins du futur de notre pays"", a-t-il dit, avant de rappeler qu'il était ""élu pour quatre ans"" depuis 2025, semblant ainsi exclure toute démission. ""Abandonner n'est pas une opti… [+1273 chars]",,fr,'Sven Schulze'
https://www.courrierinternational.com/article/new-york-rudy-giuliani-ne-veut-pas-voir-zohran-mamdani-aux-ceremonies-du-11-septembre_268524,https://www.courrierinternational.com/article/new-york-rudy-giuliani-ne-veut-pas-voir-zohran-mamdani-aux-ceremonies-du-11-septembre_268524,0,www.courrierinternational.com,Rudy Giuliani ne veut pas voir Zohran Mamdani aux cérémonies du 11 Septembre,"L’ancien édile a déclaré être “offensé” à l’idée que l’actuel maire de New York, Zohran Mamdani, de confession musulmane, puisse assister aux commémorations des attentats du 11 septembre 2001. La preuve de la dérive ultradroitière de l’ancien maire républicai…",https://focus.courrierinternational.com/2023/12/15/0/0/5970/3980/1200/630/60/0/1291bce_2023-12-15t231953z-711581595-rc2yx4azmw11-rtrmadp-3-usa-trump-giuliani.JPG,2026-09-07T13:30:05Z,,"À lapproche des commémorations des attentats du 11 septembre 2001, la polémique enfle à New York sur la façon dont la mémoire des victimes de ces attentats terroristes va être honorée. Lancien maire … [+1849 chars]",,fr,'Rudy Giuliani'
https://www.journaldugeek.com/2026/09/07/afin-de-seduire-lelectorat-gaming-emmanuel-macron-annonce-la-creation-dun-festival-international-du-jeu-video/,https://www.journaldugeek.com/2026/09/07/afin-de-seduire-lelectorat-gaming-emmanuel-macron-annonce-la-creation-dun-festival-international-du-jeu-video/,0,www.journaldugeek.com,"Afin de séduire l’électorat gaming, Emmanuel Macron annonce la création d’un Festival International du jeu vidéo","Alors que le ZEVENT 2026 vient de récolter 33 millions d'euros pour les associations, Emmanuel Macron surfe sur la tendance gaming en annonçant la création d'un Festival International du jeu vidéo.",https://www.journaldugeek.com/app/uploads/2026/09/macron-festival-jeu--1600x900.jpg,2026-09-07T16:00:29Z,,"Alors que le ZEVENT 2026 vient de récolter 33 millions d’euros pour les associations, Emmanuel Macron surfe sur la tendance gaming en annonçant la création d’un Festival International du jeu vidéo.Je… [+2862 chars]",,fr,'Emmanuel Macron'
https://www.huffingtonpost.fr/international/article/charles-iii-ne-fait-pas-de-mystere-concernant-le-statut-d-harry-et-meghan-tout-juste-de-retour-au-royaume-uni_320201.html,https://www.huffingtonpost.fr/international/article/charles-iii-ne-fait-pas-de-mystere-concernant-le-statut-d-harry-et-meghan-tout-juste-de-retour-au-royaume-uni_320201.html,0,www.huffingtonpost.fr,"Charles III ne fait pas de mystère concernant le statut d’Harry et Meghan, tout juste de retour au Royaume-Uni",Le couple reste considéré comme des « citoyens agissant à titre privé » a fait savoir le roi.,https://focus.huffingtonpost.fr/2026/08/20/8/0/2987/1680/1820/1023/75/0/46551bc_upload-1-6b4qyvdpiz86-gettyimages-1243014094.jpg,2026-09-07T19:40:45Z,,"La lecture de ce contenu est susceptible dentraîner un dépôt de cookies de la part de lopérateur tiers qui lhéberge. Compte-tenu des choix que vous avez exprimés en matière de dépôt de cookies, nous … [+2417 chars]",,fr,'nan nan'
https://www.20minutes.fr/sport/4243515-20260908-mma-cedric-doumbe-denonce-comportement-degueulasse-public-francais-ufc-paris,https://www.20minutes.fr/sport/4243515-20260908-mma-cedric-doumbe-denonce-comportement-degueulasse-public-francais-ufc-paris,0,www.20minutes.fr,MMA : Cédric Doumbè dénonce « le comportement dégueulasse » du public français lors de l’UFC Paris,"Le célèbre combattant de MMA franco-camerounais regrette « les comportements d’animaux » vus à l’Accor Arena de Paris-Bercy samedi, durant le combat entre Salahdine Parnasse et Dan Hooker, pris pour cible par le public français",https://img.20mn.fr/pxp9jjcdRleqLXlB4FUV_Ck/1444x920_le-neo-zelandais-dan-hooker-affronte-la-francaise-salahdine-parnasse-r-dans-la-division-des-poids-legers-lors-de-leur-combat-d-arts-martiaux-mixtes-mma-lors-de-la-5e-edition-de-l-ultimate-fighting-championship-ufc-a-la-bercy-accor-arena-a-paris-le-5-septembre-2026-photo-de-lou-benoist-afp,2026-09-08T08:24:12Z,,"Quand Cédric Doumbè a un message à faire passer, il nhésite pas à envoyer de loooooongues stories (plus de dix minutes cumulées) sur son compte Instagram, où il compte plus dun million dabonnés. Le c… [+2548 chars]",,fr,'Dan Hooker'
https://www.huffingtonpost.fr/politique/article/cette-sequence-illustre-toutes-les-difficultes-de-raphael-glucksmann-a-convaincre-les-electeurs-de-gauche_320400.html,https://www.huffingtonpost.fr/politique/article/cette-sequence-illustre-toutes-les-difficultes-de-raphael-glucksmann-a-convaincre-les-electeurs-de-gauche_320400.html,0,www.huffingtonpost.fr,Cette séquence illustre toutes les difficultés de Raphaël Glucksmann à convaincre les électeurs de gauche,"Lors d’un rassemblement à Paris, le candidat à la primaire du PS et de PP a été chahuté. Une militante lui a notamment reproché d’appartenir à « la fausse gauche ».",https://focus.huffingtonpost.fr/2026/09/08/191/0/5718/3216/1820/1023/75/0/f68ae37_upload-1-dybhpzoleehz-afp-20260908-boivin-rallyatp260907-npttk-v1-highres-rallyatplacevendometodemand.jpg,2026-09-08T08:40:12Z,,"Un accueil glacial, qui dit beaucoup du malaise que suscite la candidature Glucksmann auprès dune partie des sympathisants de gauche. Ce lundi 7 septembre dans la soirée, lors du rassemblement pour l… [+4354 chars]",,fr,'Raphaël Glucksmann'
https://www.ledauphine.com/societe/2026/09/08/11-septembre-des-documents-montrent-la-presence-d-air-toxique-a-new-york-apres-les-attentats,https://www.ledauphine.com/societe/2026/09/08/11-septembre-des-documents-montrent-la-presence-d-air-toxique-a-new-york-apres-les-attentats,0,www.ledauphine.com,États-Unis. 11-Septembre : des documents montrent « la présence d'air toxique » à New York après les attentats,"C'est le nouveau maire de la Grande Pomme, Zohran Mamdani, qui a annoncé mardi la publication en ligne de dizaines de milliers documents à ce sujet.",https://cdn-s-www.ledauphine.com/images/20CC3FAC-9A0D-4779-9F00-207F0B1880A7/FB1200/photo-1788875270.jpg,2026-09-08T13:47:00Z,,"Le Dauphiné Libéré, en tant que responsable de traitement, recueille dans ce formulaire des informations qui sont enregistrées dans un fichier informatisé par son Service Relations Clients, la finali… [+854 chars]",,fr,'Zohran Mamdani'
https://www.lalibre.be/international/amerique/2026/09/08/11-septembre-2001-la-ville-de-new-york-publie-des-documents-qui-revelent-des-nouvelles-informations-C6IJB6QIKVCWLLMRR6AHUBEA5A/,https://www.lalibre.be/international/amerique/2026/09/08/11-septembre-2001-la-ville-de-new-york-publie-des-documents-qui-revelent-des-nouvelles-informations-C6IJB6QIKVCWLLMRR6AHUBEA5A/,0,www.lalibre.be,11 septembre 2001 : la ville de New York publie des documents qui révèlent des nouvelles informations,Le maire Zohran Mamdani a annoncé la publication de nouveaux documents ce mardi lors d’une conférence de presse. 170.000 pages ont été rendues publiques. ...,https://www.lalibre.be/resizer/v2/26XPIWWKXVFVPPD57MZDFRQTUA.JPG?auth=faec6fe9ffc6e8a339b45f5618946c96cb229f02181f7e011055a80597e44528&width=1200&height=630&quality=85&focal=373%2C275,2026-09-08T13:50:20Z,,"11 septembre 2001 : des documentaires pour se souvenir et rouvrir les débatsAu moment des faits, les habitants de la ville avaient été rassurés au sujet de la qualité de l'air et ne s'en étaient pas … [+860 chars]",,fr,'Zohran Mamdani'
https://www.dhnet.be/actu/monde/2026/09/08/pres-de-25-ans-apres-les-attentats-du-11-septembre-la-ville-de-new-york-devoile-des-milliers-de-documents-inedits-TNVH74E3CBCCBJVAAG36AJGNDA/,https://www.dhnet.be/actu/monde/2026/09/08/pres-de-25-ans-apres-les-attentats-du-11-septembre-la-ville-de-new-york-devoile-des-milliers-de-documents-inedits-TNVH74E3CBCCBJVAAG36AJGNDA/,0,www.dhnet.be,"Près de 25 ans après les attentats du 11 septembre, la ville de New-York dévoile des milliers de documents inédits",Le maire Zohran Mamdani a annoncé la publication de nouveaux documents ce mardi lors d’une conférence de presse. 170.000 pages ont été rendues publiques. ...,https://www.dhnet.be/resizer/v2/5MHCT2KW5NBBPORXL5EBFEHSD4.jpg?auth=490cca32c50ea97c01ae64aec012b90c1e053c60c33d633bd1e561db8b519807&width=1200&height=630&quality=85&focal=1800%2C1200,2026-09-08T14:06:31Z,,"Conflit israélo-palestinien: Le maire de New York appelle le gouvernement états-unien à arrêter NetanyahuAu moment des faits, les habitants de la ville avaient été rassurés au sujet de la qualité de … [+826 chars]",,fr,'Zohran Mamdani'
https://www.huffingtonpost.fr/politique/article/presidentielle-2027-la-reponse-au-bazooka-de-philippe-brun-au-porte-parole-de-glucksmann-sur-la-primaire_320697.html,https://www.huffingtonpost.fr/politique/article/presidentielle-2027-la-reponse-au-bazooka-de-philippe-brun-au-porte-parole-de-glucksmann-sur-la-primaire_320697.html,0,www.huffingtonpost.fr,Présidentielle 2027 : la réponse au bazooka de Philippe Brun au porte-parole de Glucksmann sur la primaire,"Le candidat à la primaire PS accuse le porte-parole de Raphaël Glucksmann de « vomir sur François Ruffin », après un message particulièrement violent.",https://focus.huffingtonpost.fr/2026/09/08/75/0/4724/2657/1820/1023/75/0/a1abfcd_upload-1-dcxbhkgv2fbf-afp-20260905-hl-fpetry-3276572-v1-highres-francesocialistcampus2026inblois.jpg,2026-09-08T15:35:08Z,,"Lanimosité monte dun cran au Parti socialiste, à quelques semaines du premier tour de la primaire et alors que la question dune éventuelle participation de François Ruffin à cette procédure interne é… [+3541 chars]",,fr,'Raphaël Glucksmann'
https://www.franceinfo.fr/monde/usa/la-ville-de-new-york-a-dissimule-des-informations-sur-la-toxicite-de-l-air-apres-le-11-septembre-declare-le-maire-zohran-mamdani_8183660.html,https://www.franceinfo.fr/monde/usa/la-ville-de-new-york-a-dissimule-des-informations-sur-la-toxicite-de-l-air-apres-le-11-septembre-declare-le-maire-zohran-mamdani_8183660.html,0,www.franceinfo.fr,"La ville de New York a dissimulé des informations sur la toxicité de l'air après le 11-Septembre, déclare le maire Zohran Mamdani","En plus des 2 977 personnes décédées aux Etats-Unis le jour des attentats, le programme fédéral mis en place pour assurer le suivi médical des New Yorkais estime que plus de 9 400 autres personnes ont succombé à des maladies liées à cette exposition.",https://www.franceinfo.fr/pictures/gj8VKJLvc83QVXFrd1sChb9k8yA/0x53:1024x629/1500x843/2026/09/08/6aa049587275a997402839.jpg,2026-09-08T18:13:45Z,,"Les autorités avaient-elles connaissance de la toxicité de l'air qu'ont respiré les New Yorkais après l'effondrement des deux tours du World Trade Center ? Vingt-cinq ans après le 11-Septembre, le ma… [+2898 chars]",,fr,'Zohran Mamdani'
https://www.20minutes.fr/politique/4243514-20260909-presidentielle-2027-fulgurances-ego-surdimensionne-segolene-royal-peut-bousculer-rivaux-ps,https://www.20minutes.fr/politique/4243514-20260909-presidentielle-2027-fulgurances-ego-surdimensionne-segolene-royal-peut-bousculer-rivaux-ps,0,www.20minutes.fr,"Présidentielle 2027 : « Fulgurances », « ego surdimensionné »… Ségolène Royal peut-elle bousculer ses rivaux du PS ?",L’ancienne finaliste de la présidentielle 2007 est candidate à la primaire organisée par le Parti socialiste en octobre,https://img.20mn.fr/6h1vcKI6TaKHR03CZ9eKtCk/1444x920_segolene-royal-est-candidate-a-la-primaire-organisee-par-le-parti-socialiste,2026-09-09T03:57:36Z,http://web.archive.org/web/20260910035430/https://www.20minutes.fr/politique/4243514-20260909-presidentielle-2027-fulgurances-ego-surdimensionne-segolene-royal-peut-bousculer-rivaux-ps,"Il y a le ronron de la classe politique française, ses éléments de langage rodés et ses débats routiniers. Et il y a Ségolène Royal. En quarante ans de carrière politique, la socialiste a bien souven… [+5707 chars]",,fr,'Ségolène Royal'
https://www.mediapart.fr/journal/international/090926/deux-mois-d-une-defaite-annoncee-donald-trump-mobilise-ses-troupes,https://www.mediapart.fr/journal/international/090926/deux-mois-d-une-defaite-annoncee-donald-trump-mobilise-ses-troupes,0,www.mediapart.fr,"À deux mois d’une défaite annoncée, Donald Trump mobilise ses troupes","Fait inhabituel en période d’élections de mi-mandat, le Parti républicain organise, mercredi et jeudi, une convention autour du président. Plombé par l’inflation et une guerre impopulaire contre l’Iran, le président états-unien tente d’éviter une victoire dém…",https://static.mediapart.fr/etmagine/og/journal/files/2026/09/08/260908-img-deux-mois-d-une-defaite-annoncee-donald-trump-mobilise-ses-troupes.jpg,2026-09-09T05:22:05Z,,"Les cookies et technologies similaires que nous utilisons sur Mediapart sont de différentes natures et nous permettent de poursuivre différentes finalités. 
Certains sont nécessaires au fonctionneme… [+3291 chars]",,fr,'Donald Trump'
https://www.franceinfo.fr/elections/presidentielle/l-ancienne-maire-de-paris-anne-hidalgo-apporte-son-soutien-a-raphael-glucksmann-pour-la-presidentielle_8184305.html,https://www.franceinfo.fr/elections/presidentielle/l-ancienne-maire-de-paris-anne-hidalgo-apporte-son-soutien-a-raphael-glucksmann-pour-la-presidentielle_8184305.html,0,www.franceinfo.fr,L'ancienne maire de Paris Anne Hidalgo apporte son soutien à Raphaël Glucksmann pour la présidentielle,"Anne Hidalgo, ancienne maire de Paris, a annoncé mercredi sur France Inter soutenir Raphaël Glucksmann pour la présidentielle 2027.",https://www.franceinfo.fr/pictures/-yfeQZHTWgtA6RYuryTnHegVjaI/0x0:4256x2394/1500x843/2026/09/09/6aa0f91f49b78820316458.jpg,2026-09-09T06:17:56Z,http://web.archive.org/web/20260910160205/https://www.franceinfo.fr/elections/presidentielle/l-ancienne-maire-de-paris-anne-hidalgo-apporte-son-soutien-a-raphael-glucksmann-pour-la-presidentielle_8184305.html,"Anne Hidalgo, ancienne de maire de Paris, invitée mercredi 9 septembre de France Inter, apporte son soutien à Raphaël Glucksmann pour la présidentielle. Le candidat Place publique à la primaire de la… [+354 chars]",,fr,'Raphaël Glucksmann'
https://www.huffingtonpost.fr/politique/article/la-gauche-outree-par-la-saillie-raciste-de-ce-policier-municipal-proche-du-rn-a-carcassonne_321093.html,https://www.huffingtonpost.fr/politique/article/la-gauche-outree-par-la-saillie-raciste-de-ce-policier-municipal-proche-du-rn-a-carcassonne_321093.html,0,www.huffingtonpost.fr,La gauche outrée par la saillie raciste de ce policier municipal proche du RN à Carcassonne,"Une enquête préliminaire a été ouverte par le parquet de Carcassonne. La gauche crie au scandale, alors que le policier en question a participé à la protection de Jordan Bardella.",https://focus.huffingtonpost.fr/2026/09/09/539/0/4715/2652/1820/1023/75/0/bfb9bd8_upload-1-ntw9f4m5rqjj-afp-20160803-ds3di-v1-highres-franceattacksecurity.jpg,2026-09-09T07:00:31Z,,"Les images sont accompagnées dun message de prévention, tant les propos tenus dans cette séquence sont dune rare violence. Dans la soirée de ce mardi 8 septembre, le quotidien Midi Libre a publié une… [+3599 chars]",,fr,'Jordan Bardella'
https://www.nouvelobs.com/monde/20260909.OBS118067/attentat-du-11-septembre-la-ville-de-new-york-a-dissimule-des-informations-sur-la-toxicite-de-l-air.html,https://www.nouvelobs.com/monde/20260909.OBS118067/attentat-du-11-septembre-la-ville-de-new-york-a-dissimule-des-informations-sur-la-toxicite-de-l-air.html,0,www.nouvelobs.com,Attentat du 11-septembre : la ville de New York a dissimulé des informations sur la toxicité de l’air,"Après le nuage de poussière initial succédant à l’effondrement des tours du World Trade Center, des mois de pollution et de poussières résiduelles ont suivi, entraînant notamment des cancers dont souffrent encore aujourd’hui des milliers de New-Yorkais.",https://focus.nouvelobs.com/2026/09/09/0/0/2547/1698/1200/800/0/0/87a4077_upload-1-lvipapw64cso-000-1k16q6.jpg,2026-09-09T07:16:56Z,,"Une photo darchive montre de la fumée sélever après leffondrement de la première des deux tours du World Trade Center à New York, le 11 septembre 2001. HENNY RAY ABRAMS / AFP
Vingt-cinq ans après le… [+3849 chars]",,fr,'Zohran Mamdani'
https://www.journaldugeek.com/2026/09/09/south-park-cest-fini-la-serie-satirique-a-pris-une-decision-radicale-et-cela-va-plaire-a-donald-trump/,https://www.journaldugeek.com/2026/09/09/south-park-cest-fini-la-serie-satirique-a-pris-une-decision-radicale-et-cela-va-plaire-a-donald-trump/,0,www.journaldugeek.com,"South Park, c’est fini ! La série satirique a pris une décision radicale et cela va plaire à Donald Trump","Depuis son retour en grande pompe avec la saison 27 parodiant allègrement Donald Trump, South Park semble désormais vivre comme si c'était, à chaque fois, sa dernière saison et cela amène à des décisions… extraordinaires.",https://www.journaldugeek.com/app/uploads/2026/09/South-Park-South-America-1600x900.jpg,2026-09-09T07:30:52Z,http://web.archive.org/web/20260910025528/https://www.journaldugeek.com/2026/09/09/south-park-cest-fini-la-serie-satirique-a-pris-une-decision-radicale-et-cela-va-plaire-a-donald-trump/,"Depuis son retour en grande pompe avec la saison 27 parodiant allègrement Donald Trump, South Park semble désormais vivre comme si c’était, à chaque fois, sa dernière saison et cela amène à des décis… [+2940 chars]",,fr,'Donald Trump'
https://www.lavenir.net/actu/monde/2026/09/09/donald-trump-a-offert-45000-dollars-en-cadeau-a-natalie-harp-et-2-autres-assistantes-il-a-lhabitude-de-faire-des-cadeaux-de-noel-a-son-entourage-W7XTYPGZ6NE6HLQBI642ZVW4JU/,https://www.lavenir.net/actu/monde/2026/09/09/donald-trump-a-offert-45000-dollars-en-cadeau-a-natalie-harp-et-2-autres-assistantes-il-a-lhabitude-de-faire-des-cadeaux-de-noel-a-son-entourage-W7XTYPGZ6NE6HLQBI642ZVW4JU/,0,www.lavenir.net,"Donald Trump a offert 45.000 dollars en cadeau à Natalie Harp et 2 autres assistantes: ""Il a l'habitude de faire des cadeaux de Noël à son entourage""","Donald Trump a offert à son omniprésente assistante Natalie Harp 45.000 dollars présentés par celle-ci comme un cadeau de fin d'année dans sa dernière déclaration financière, selon les médias américains. ...",https://www.lavenir.net/resizer/v2/MBPWDEZXKNG5ZFAPYWE65BS5NI.jpg?auth=04f76b03ea89ec9fefa7601678a1dfe936622c499fe4c80aeed041adde457bec&width=1200&height=630&quality=85&focal=4108%2C2738,2026-09-09T08:46:39Z,,"Un salaire de 150.000 dollars par an
Les sommes versées n'ont aucun lien avec ""les activités officielles"" de leurs bénéficiaires et ""sont par conséquent entièrement conformes aux normes juridiques e… [+1266 chars]",,fr,'nan nan'
https://www.ledauphine.com/politique/2026/09/09/trump-a-offert-45-000-dollars-en-cadeau-a-son-assistance-natalie-harp,https://www.ledauphine.com/politique/2026/09/09/trump-a-offert-45-000-dollars-en-cadeau-a-son-assistance-natalie-harp,0,www.ledauphine.com,États-Unis. Trump a offert 45 000 dollars en cadeau à son assistance Natalie Harp,"Deux autres collaboratrices du président américain ont également bénéficié de sommes similaires. Il s'agit de cadeaux de Noël, a défendu la Maison Blanche.",https://cdn-s-www.ledauphine.com/images/8459EF3A-4334-4544-9DB7-600917AC8A3E/FB1200/photo-1788945131.jpg,2026-09-09T09:16:00Z,,"Donald Trump a offert à son omniprésente assistante Natalie Harp 45 000 dollars présentés par celle-ci comme un cadeau de fin d'année dans sa dernière déclaration financière, selon les médias américa… [+1851 chars]",,fr,'Natalie Harp'
https://www.20minutes.fr/arts-stars/people/4243824-20260909-late-show-jimmy-kimmel-pourrait-tirer-reverence-annee-prochaine,https://www.20minutes.fr/arts-stars/people/4243824-20260909-late-show-jimmy-kimmel-pourrait-tirer-reverence-annee-prochaine,0,www.20minutes.fr,Le late-show de Jimmy Kimmel pourrait tirer sa révérence l’année prochaine,L’émission poil à gratter du pouvoir en place est diffusée depuis 2003,https://img.20mn.fr/Y4l5ANF4S1qShHnKaSux2ik/1444x920_tapis-rouge-de-la-ceremonie-des-emmy-awards-de-la-walt-disney-company-a-vibiana-avec-jimmy-kimmel-ou-los-angeles-californie-etats-unis-quand-14-septembre-2025-credit-faye-s-vision-cover-images,2026-09-09T10:32:55Z,http://web.archive.org/web/20260909122618/https://www.20minutes.fr/arts-stars/people/4243824-20260909-late-show-jimmy-kimmel-pourrait-tirer-reverence-annee-prochaine,"Après Stephen Colbert, serait-ce au tour de Jimmy Kimmel dêtre remercié ? Cest en tout cas ce quannonce Page Six : lactuelle saison du Jimmy Kimmel Live ! pourrait bien être la dernière.
« Son contr… [+1856 chars]",,fr,'Jimmy Kimmel'
https://www.courrierinternational.com/article/etats-unis-trump-a-fait-des-cadeaux-de-noel-de-45-000-dollars-a-trois-collaboratrices-dont-natalie-harp_269253,https://www.courrierinternational.com/article/etats-unis-trump-a-fait-des-cadeaux-de-noel-de-45-000-dollars-a-trois-collaboratrices-dont-natalie-harp_269253,0,www.courrierinternational.com,"Trump a fait des “cadeaux de Noël” de 45 000 dollars à trois collaboratrices, dont Natalie Harp","Ces dons d’argent sans précédent de la part d’un président, rapportés par “The Washington Post”, enfreignent selon des experts la législation qui interdit à des employés fédéraux de recevoir un complément de revenu d’une autre source.",https://focus.courrierinternational.com/2026/09/04/1/0/6500/4333/1200/630/60/0/5acc5f7_ftp-1-xvn5kvgkcpi9-2026-09-04t193223z-269852581-rc2jcnabitmd-rtrmadp-3-usa-trump.JPG,2026-09-09T10:56:44Z,,"Dons dargent pour les fêtes : cest ainsi que trois proches collaboratrices de Donald Trump ont déclaré les 45 000 dollars (39 000 euros) quelles ont reçus du président lan dernier, a révélé The Washi… [+1779 chars]",,fr,'Natalie Harp'
https://www.huffingtonpost.fr/politique/article/presidentielle-2027-le-cadeau-empoisonne-d-anne-hidalgo-qui-appelle-a-soutenir-raphael-glucksmann_321236.html,https://www.huffingtonpost.fr/politique/article/presidentielle-2027-le-cadeau-empoisonne-d-anne-hidalgo-qui-appelle-a-soutenir-raphael-glucksmann_321236.html,0,www.huffingtonpost.fr,Présidentielle 2027 : le cadeau empoisonné d’Anne Hidalgo qui appelle à soutenir Raphaël Glucksmann,"L’ex-maire de Paris a réalisé le pire score de l’histoire du Parti socialiste en 2022, en réunissant seulement 1,75 % des voix.",https://focus.huffingtonpost.fr/2026/09/09/106/0/3703/2082/1820/1023/75/0/aa17a99_upload-1-q93skdlzve3e-afp-20260327-hl-xbouzas-3100512-v1-highres-francepoliticssocietyrefugeecenterin.jpg,2026-09-09T11:18:08Z,,"Sans doute Raphaël Glucksmann se serait-il bien passé de ce soutien. Ce mercredi matin, lancienne maire de Paris Anne Hidalgo a officialisé son soutien à leurodéputé dans le cadre de la primaire du P… [+3157 chars]",,fr,'Boris Vallaud'
https://www.franceinfo.fr/monde/usa/presidentielle/donald-trump/donald-trump-a-offert-45-000-dollars-en-cadeau-de-fin-d-annee-a-trois-collaboratrices-dont-son-assistante-natalie-harp_8184479.html,https://www.franceinfo.fr/monde/usa/presidentielle/donald-trump/donald-trump-a-offert-45-000-dollars-en-cadeau-de-fin-d-annee-a-trois-collaboratrices-dont-son-assistante-natalie-harp_8184479.html,0,www.franceinfo.fr,"Donald Trump a offert 45 000 dollars en cadeau de fin d'année à trois collaboratrices, dont son assistante Natalie Harp","""Le président a l'habitude depuis longtemps de faire des cadeaux de Noël aux personnes de son entourage"", a défendu la Maison Blanche.",https://www.franceinfo.fr/pictures/ZszQV-zUI1HBAHN8TlFsRe6oBi8/0x53:1024x629/1500x843/2026/09/09/6aa13641da2d8514021084.jpg,2026-09-09T11:20:48Z,http://web.archive.org/web/20260910045818/https://www.franceinfo.fr/monde/usa/presidentielle/donald-trump/donald-trump-a-offert-45-000-dollars-en-cadeau-de-fin-d-annee-a-trois-collaboratrices-dont-son-assistante-natalie-harp_8184479.html,Quarante-cinq mille dollars : c'est la somme que Donald Trump a offerte à son omniprésente assistante Natalie Harp l'an dernier. Une enveloppe que celle-ci a présentée dans sa dernière déclaration fi… [+1355 chars],,fr,'Natalie Harp'
https://www.bfmtv.com/international/amerique-nord/etats-unis/donald-trump/donald-trump-a-offert-45-000-dollars-en-especes-a-son-assistante-natalie-harp-et-a-deux-autres-collaboratrices-comme-cadeaux-de-fin-d-annee_AD-202609090504.html,https://www.bfmtv.com/international/amerique-nord/etats-unis/donald-trump/donald-trump-a-offert-45-000-dollars-en-especes-a-son-assistante-natalie-harp-et-a-deux-autres-collaboratrices-comme-cadeaux-de-fin-d-annee_AD-202609090504.html,0,www.bfmtv.com,Donald Trump a offert 45.000 dollars en espèces à son assistante Natalie Harp et à deux autres collaboratrices comme cadeaux de fin d'année,"D'importantes sommes d'argent en espèces ont été offertes à quatre collaborateurs proches de Donald Trump, par le président des États-Unis lui-même, en tant que cadeaux de fin d'année de 2025. Natalie Harp, son omniprésente assistante, fait partie des bénéfic…",https://io-fsly-bfmtv.cdn.nextradiotv.com/LA-2wPiqyC6e7D8q_JSTdt4f8YM=/0x106:2048x1258/2048x0/images/Donald-Trump-descend-de-Marine-One-en-compagnie-de-Natalie-Harp-collaboratrice-du-president-americain-apres-avoir-atterri-a-l-Ellipse-pres-de-la-Maison-Blanche-le-16-aout-2026-a-Washington-DC-2334438.jpg,2026-09-09T12:14:12Z,,"D'importantes sommes d'argent en espèces ont été offertes à quatre collaborateurs proches de Donald Trump, par le président des États-Unis lui-même, en tant que cadeaux de fin d'année de 2025. Natali… [+3694 chars]",,fr,'Natalie Harp'
https://www.bfmtv.com/international/video-new-york-zohran-mamdani-face-a-une-petition-contre-sa-venue-aux-commemorations-des-attentats-du-11-septembre_VN-202609090512.html,https://www.bfmtv.com/international/video-new-york-zohran-mamdani-face-a-une-petition-contre-sa-venue-aux-commemorations-des-attentats-du-11-septembre_VN-202609090512.html,0,www.bfmtv.com,New York: Zohran Mamdani face à une pétition contre sa venue aux commémorations des attentats du 11-Septembre,"VIDÉO - Zohran Mamdani, le maire de New York, fait face à une pétition lancée par un proche d’une victime des attentats du 11-Septembre. Elle demande au maire de ne pas participer aux commémorations du 25e anniversaire des attentats.


L’analyse de Romuald Sc…",https://io-fsly-bfmtv.cdn.nextradiotv.com/CvdHubyWbRUjLgZJjNXQYa_5vGc=/0x0:1280x720/1280x0/images/New-York-Zohran-Mamdani-face-a-une-petition-contre-sa-venue-aux-commemorations-des-attentats-du-11-Septembre-2345112.jpg,2026-09-09T12:30:50Z,http://web.archive.org/web/20260910085801/https://www.bfmtv.com/international/video-new-york-zohran-mamdani-face-a-une-petition-contre-sa-venue-aux-commemorations-des-attentats-du-11-septembre_VN-202609090512.html,"Zohran Mamdani, le maire de New York, fait face à une pétition lancée par un proche dune victime des attentats du 11-Septembre. Elle demande au maire de ne pas participer aux commémorations du 25e an… [+97 chars]",,fr,'Zohran Mamdani'
https://www.huffingtonpost.fr/international/article/ces-cadeaux-financiers-de-trump-a-natalie-harp-et-a-ses-autres-assistantes-interrogent_321258.html,https://www.huffingtonpost.fr/international/article/ces-cadeaux-financiers-de-trump-a-natalie-harp-et-a-ses-autres-assistantes-interrogent_321258.html,0,www.huffingtonpost.fr,Ces cadeaux financiers de Trump à Natalie Harp et à ses autres assistantes interrogent,"Pour Noël, le président américain a fait cadeau de 45 000 dollars à plusieurs de ses plus proches collaboratrices.",https://focus.huffingtonpost.fr/2026/09/09/169/0/6129/3447/1820/1023/75/0/8310982_upload-1-gthdigt913fp-afp-20260907-c7lg3u6-v1-highres-uspresidentdonaldtrumpreturnstothewhitehouseaft.jpg,2026-09-09T12:39:27Z,,"Un cadeau de Noël qui ne passe pas inaperçu. Pour les fêtes de fin dannée, Donald Trump a offert à son omniprésente assistante Natalie Harp 45 000 dollars. Plusieurs médias américains ont révélé que … [+2677 chars]",,fr,'Natalie Harp'
https://www.courrierinternational.com/article/etats-unis-zohran-mamdani-fait-la-lumiere-sur-la-toxicite-de-l-air-apres-le-11-septembre_269383,https://www.courrierinternational.com/article/etats-unis-zohran-mamdani-fait-la-lumiere-sur-la-toxicite-de-l-air-apres-le-11-septembre_269383,0,www.courrierinternational.com,Zohran Mamdani fait la lumière sur la toxicité de l’air après le 11 Septembre,"Le maire de New York a entrepris de rendre publics plus de 170 000 documents sur la pollution toxique, notamment dans le sud de Manhattan, après l’effondrement des tours jumelles du World Trade Center. Une publication qui intervient juste avant la commémorati…",https://focus.courrierinternational.com/2026/09/04/0/0/1600/1066/1200/630/60/0/0eb5e28_upload-1-vi2ilm77tyhm-4-yearend36.jpg,2026-09-09T13:13:18Z,,"Durant les mois qui ont suivi les attentats contre le World Trade Center, dans le sud de Manhattan, les New-Yorkais ont été a maintes fois assuré que lair autour des tours jumelles effondrées était r… [+1052 chars]",,fr,'Zohran Mamdani'
https://www.ledauphine.com/elections/2026/09/09/primaire-de-la-gauche-faut-il-l-elargir-ce-debat-qui-cache-un-front-anti-glucksmann,https://www.ledauphine.com/elections/2026/09/09/primaire-de-la-gauche-faut-il-l-elargir-ce-debat-qui-cache-un-front-anti-glucksmann,0,www.ledauphine.com,Présidentielle 2027. Primaire de la gauche : faut-il l'élargir ? Ce débat qui cache un front anti-Glucksmann,"Le débat sur l’élargissement du périmètre de la primaire de la gauche, qui se tiendra en octobre, est une façon d’affaiblir la candidature de Raphaël Glucksmann, qui fait figure de favori.",https://cdn-s-www.ledauphine.com/images/B5140FE3-494F-4346-B499-BC4F6D30D0BD/FB1200/photo-1788960963.jpg,2026-09-09T13:50:00Z,http://web.archive.org/web/20260910031717/https://www.ledauphine.com/elections/2026/09/09/primaire-de-la-gauche-faut-il-l-elargir-ce-debat-qui-cache-un-front-anti-glucksmann,"La primaire de la gauche fait l'objet de débats et des convoitises. Annoncée dans la quasi-indifférence il y a quelques semaines, elle suscite désormais de plus en plus dintérêt. Alors qui sera effec… [+2372 chars]",,fr,'Raphaël Glucksmann'
https://www.huffingtonpost.fr/politique/article/comment-le-piege-de-la-primaire-du-ps-s-est-referme-sur-raphael-glucksmann_321265.html,https://www.huffingtonpost.fr/politique/article/comment-le-piege-de-la-primaire-du-ps-s-est-referme-sur-raphael-glucksmann_321265.html,0,www.huffingtonpost.fr,Comment le piège de la primaire du PS est en train de se refermer sur Raphaël Glucksmann,"Le candidat de Place publique, qui a longtemps refusé de se plier à la primaire, est désormais sommé de trancher la possible candidature (ou non) de François Ruffin.",https://focus.huffingtonpost.fr/2026/09/09/114/0/6777/3812/1820/1023/75/0/6d53492_upload-1-2thtumkelckp-afp-20260829-c6ta9xq-v1-highres-francepoliticspartiesps.jpg,2026-09-09T16:27:20Z,,"Une primaire imperdable ? Scrutin taillé pour lui, tarif dentrée très élevé, nombre de candidats réduit Les ingrédients sont réunis pour que Raphaël Glucksmann soit, le 17 octobre, désigné candidat d… [+5371 chars]",,fr,'Philippe Brun'
https://www.lalibre.be/international/amerique/2026/09/10/a-dallas-donald-trump-mise-tout-sur-lui-meme-pour-eviter-la-deroute-aux-midterms-GFFNK72C5JAQRLDK22HE7IDBEQ/,https://www.lalibre.be/international/amerique/2026/09/10/a-dallas-donald-trump-mise-tout-sur-lui-meme-pour-eviter-la-deroute-aux-midterms-GFFNK72C5JAQRLDK22HE7IDBEQ/,0,www.lalibre.be,"À Dallas, Donald Trump mise tout sur lui-même pour éviter la déroute aux midterms","Au premier jour d’une convention inédite, mercredi 9 septembre, le président a cherché à personnaliser les élections de mi-mandat afin de mobiliser sa base. ...",https://www.lalibre.be/resizer/v2/OXLDZMLDVZF4VPTB2NHYE35RC4.jpg?auth=62661c3fd6d21407c719c5bfbc3ad76c279e5ae45816039dc8451ccea5c682bd&width=1200&height=630&quality=85&focal=2519%2C1679,2026-09-10T05:33:17Z,,"Pourquoi notre mode de vie interpelle soudainement les Américains : ""Une victoire""Il s'exprimait dans le cadre d'une convention organisée les 9 et 10 septembre pour mobiliser les troupes en vue des é… [+5377 chars]",,fr,'Donald Trump'
https://www.ledauphine.com/elections/2026/09/10/primaire-du-ps-et-de-place-publique-trois-debats-televises-programmes-avant-le-1-sup-er-sup-tour,https://www.ledauphine.com/elections/2026/09/10/primaire-du-ps-et-de-place-publique-trois-debats-televises-programmes-avant-le-1-sup-er-sup-tour,0,www.ledauphine.com,Présidentielle 2027. Primaire du PS et de Place publique : trois débats télévisés programmés avant le 1er tour,"Les différents partis participant à la primaire social-démocrate pour l'élection présidentielle n'étaient pas d'accord sur le nombre de débats télévisés à organiser. Les opposants de Raphaël Glucksmann, plutôt partisan d'un seul débat, ont fait plier l'eurodé…",https://cdn-s-www.ledauphine.com/images/DBE622A4-6488-462C-9772-4F1C5566C7AB/FB1200/photo-1789037599.jpg,2026-09-10T10:24:00Z,,"Les votants de la primaire pour la présidentielle organisée notamment par le Parti socialiste et Place publique pourront se faire une idée lors de trois débats télévisés, ont annoncé jeudi les organi… [+1850 chars]",,fr,'Ségolène Royal'
https://www.konbini.com/internet/le-saviez-vous-sandra-bullock-est-une-precurseuse-et-internet-lui-doit-beaucoup/,https://www.konbini.com/internet/le-saviez-vous-sandra-bullock-est-une-precurseuse-et-internet-lui-doit-beaucoup/,0,www.konbini.com,Le saviez-vous : Sandra Bullock est une précurseuse et Internet lui doit beaucoup,"En 1995, Sandra Bullock découvrait le paiement en ligne. Invitée sur le plateau du Tonight Show de Jimmy Fallon, l'actrice a raconté que, 30 ans plus tôt, elle aurait acheté ce qui serait le tout...",https://cdn-www.konbini.com/files/2026/09/Sandra-Bullock-e1789035848126.jpg?width=1200&height=675,2026-09-10T13:50:03Z,,"En 1995, Sandra Bullock découvrait le paiement en ligne. Invitée sur le plateau du Tonight Show de Jimmy Fallon, l’actrice a raconté que, 30 ans plus tôt, elle aurait acheté ce qui serait le tout pre… [+897 chars]",,fr,'Jimmy Fallon'
https://www.franceinfo.fr/politique/ps/primaire-socialiste/on-la-prend-tres-au-serieux-segolene-royal-peut-elle-creer-la-surprise-a-la-primaire-socialiste-vingt-ans-apres-son-echec-a-la-presidentielle_8184773.html,https://www.franceinfo.fr/politique/ps/primaire-socialiste/on-la-prend-tres-au-serieux-segolene-royal-peut-elle-creer-la-surprise-a-la-primaire-socialiste-vingt-ans-apres-son-echec-a-la-presidentielle_8184773.html,0,www.franceinfo.fr,"""On la prend très au sérieux"" : Ségolène Royal peut-elle créer la surprise à la primaire socialiste, vingt ans après son échec à la présidentielle ?","L'ancienne ministre et ambassadrice des pôles ""trace son sillon"" en électron libre de la primaire socialiste. Au point de susciter la méfiance de ses rivaux, qui voient en elle un élément perturbateur plus qu'une candidate capable de remporter le scrutin.",https://www.franceinfo.fr/pictures/yPjdbQc68EGPVnkhkY1yQlfFyNA/0x119:4724x2777/1500x843/2026/09/09/6aa15c1eb7622440450165.jpg,2026-09-11T03:58:27Z,http://web.archive.org/web/20260911050018/https://www.franceinfo.fr/politique/ps/primaire-socialiste/on-la-prend-tres-au-serieux-segolene-royal-peut-elle-creer-la-surprise-a-la-primaire-socialiste-vingt-ans-apres-son-echec-a-la-presidentielle_8184773.html,"Elle sera sans conteste l'une des attractions de la primaire de la gauche sociale-démocrate, organisée les vendredis et samedis 9-10 et 16-17 octobre. Ségolène Royal, candidate malheureuse à l'électi… [+7654 chars]",,fr,'Ségolène Royal'
https://www.20minutes.fr/politique/4243917-20260911-presidentielle-2027-candidature-fabien-roussel-peut-priver-jean-luc-melenchon-second-tour,https://www.20minutes.fr/politique/4243917-20260911-presidentielle-2027-candidature-fabien-roussel-peut-priver-jean-luc-melenchon-second-tour,0,www.20minutes.fr,"Présidentielle 2027 : Avec sa candidature, Fabien Roussel peut-il priver Jean-Luc Mélenchon de second tour ?","Avec la candidature du secrétaire national du parti communiste, les insoumis craignent de voir le scénario de 2022 (défaite au premier tour pour 400.000 voix) se reproduire",https://img.20mn.fr/YP_X40MARqqWp5B2k5NSECk/1444x920_le-secretaire-national-du-parti-communiste-francais-pcf-depute-et-candidat-a-la-presidentielle-fabien-roussel-l-et-le-depute-de-gauche-la-france-insoumise-lfi-et-candidat-a-la-presidentielle-jean-luc-melenchon-se-serrent-la-main-alors-qu-ils-participent-a-l-emission-politique-elysee-2022-sur-la-chaine-de-television-francaise-france-2-a-saint-denis-en-peripherie-de-paris-le-31-mars-2022-les-electeurs-francais-se-rendront-aux-urnes-en-avril-2022-pour-une-election-presidentielle-photo-de-thomas-coex-afp,2026-09-11T04:47:36Z,http://web.archive.org/web/20260912044928/https://www.20minutes.fr/politique/4243917-20260911-presidentielle-2027-candidature-fabien-roussel-peut-priver-jean-luc-melenchon-second-tour,"Que vont-ils se dire sils se croisent ? Ce vendredi, Fabien Roussel et Jean-Luc Mélenchon seront tous deux présents à la Fête de lHumanité. Cinq jours plus tôt, le dimanche 6 septembre, le secrétaire… [+5119 chars]",,fr,'Jean-Luc Mélenchon'
https://www.bfmtv.com/international/amerique-nord/etats-unis/donald-trump/25-ans-apres-le-traumatisme-du-11-septembre-new-york-rend-hommage-aux-victimes-des-attentats-sans-donald-trump_AD-202609110118.html,https://www.bfmtv.com/international/amerique-nord/etats-unis/donald-trump/25-ans-apres-le-traumatisme-du-11-septembre-new-york-rend-hommage-aux-victimes-des-attentats-sans-donald-trump_AD-202609110118.html,0,www.bfmtv.com,"25 ans après le traumatisme du 11-Septembre, New-York rend hommage aux victimes des attentats sans Donald Trump","Le président américain a fait le choix d'assister à une autre cérémonie au Pentagone, ce vendredi 11 septembre, 25 ans après les attentats de cette journée ayant marqué les États-Unis et le monde entier.",https://io-fsly-bfmtv.cdn.nextradiotv.com/Qi2yRs_YVAttu6Y2rdD9TfsR06Y=/0x106:2048x1258/2048x0/images/25-ans-du-11-Septembre-2346230.jpg,2026-09-11T04:50:30Z,http://web.archive.org/web/20260911235124/https://www.bfmtv.com/international/amerique-nord/etats-unis/donald-trump/25-ans-apres-le-traumatisme-du-11-septembre-new-york-rend-hommage-aux-victimes-des-attentats-sans-donald-trump_AD-202609110118.html,"Le président américain a fait le choix d'assister à une autre cérémonie au Pentagone, ce vendredi 11 septembre, 25 ans après les attentats de cette journée ayant marqué les États-Unis et le monde ent… [+4523 chars]",,fr,'Zohran Mamdani'
https://www.bfmtv.com/international/amerique-nord/etats-unis/un-jour-d-unite-mais-une-polarisation-extreme-de-la-societe-americaine-pourquoi-la-presence-de-zohran-mamdani-aux-commemorations-du-11-septembre-est-critiquee_AV-202609110046.html,https://www.bfmtv.com/international/amerique-nord/etats-unis/un-jour-d-unite-mais-une-polarisation-extreme-de-la-societe-americaine-pourquoi-la-presence-de-zohran-mamdani-aux-commemorations-du-11-septembre-est-critiquee_AV-202609110046.html,0,www.bfmtv.com,"Un ""jour d’unité"" mais une ""polarisation extrême de la société américaine"": pourquoi la présence de Zohran Mamdani aux commémorations du 11-Septembre est critiquée","Le maire de New York assistera aux cérémonies du 25e anniversaire des attentats du 11-Septembre, malgré une pétition réunissant près de 110.000 signatures. Ses détracteurs invoquent ses prises de position et certaines de ses relations politiques. Des accusati…",https://io-fsly-bfmtv.cdn.nextradiotv.com/hJ3_XjaG8rKR_UuGV6TJua1L8rQ=/0x106:2048x1258/2048x0/images/Zohran-Mamdani-2228931.jpg,2026-09-11T05:03:00Z,,"Le maire de New York assistera aux cérémonies du 25e anniversaire des attentats du 11-Septembre, malgré une pétition réunissant près de 110.000 signatures. Ses détracteurs invoquent ses prises de pos… [+6866 chars]",,fr,'Zohran Mamdani'
https://www.bfmtv.com/politique/elections/presidentielle/direct-aurore-berge-crispe-jusque-dans-son-camp-apres-ses-propos-sur-le-grand-remplacement-fabien-roussel-debat-avec-le-patron-du-medef-pour-lancer-la-fete-de-l-huma_LN-202609110146.html,https://www.bfmtv.com/politique/elections/presidentielle/direct-aurore-berge-crispe-jusque-dans-son-camp-apres-ses-propos-sur-le-grand-remplacement-fabien-roussel-debat-avec-le-patron-du-medef-pour-lancer-la-fete-de-l-huma_LN-202609110146.html,0,www.bfmtv.com,DIRECT. Présidentielle 2027: Fabien Roussel va débattre avec le patron du Medef pour lancer la Fête de l'Huma,La campagne présidentielle se poursuit ce vendredi 11 septembre avec plusieurs déplacements prévus dans la journée. Raphaël Glucksmann est notamment attendu en Loire-Atlantique et Gabriel Attal en Moselle.,https://io-fsly-bfmtv.cdn.nextradiotv.com/WpP2AmSSJd4VNJOZaYxM7vJBJXA=/0x57:2048x1209/2048x0/images/Aurore-Berge-2202744.jpg,2026-09-11T05:16:57Z,,"La candidate à la présidentielle et participante à la primaire socialiste Ségolène Royal affirmait hier soir sur BFMTV ne pas vouloir faire une union ""avec les macronistes"".
""Si je suis désignée je … [+138 chars]",,fr,'Raphaël Glucksmann'
https://www.challenges.fr/politique/jean-luc-melenchon-cartonne-en-ligne-edouard-philippe-joue-largentin-les-indiscretions-politiques-de-challenges_645649,https://www.challenges.fr/politique/jean-luc-melenchon-cartonne-en-ligne-edouard-philippe-joue-largentin-les-indiscretions-politiques-de-challenges_645649,0,www.challenges.fr,"Jean-Luc Mélenchon cartonne en ligne, Édouard Philippe joue « l’Argentin »… les indiscrétions politiques de Challenges",Dans les indiscrétions politiques de Challenges cette semaine retrouvez aussi les sept travaux de Jean-Louis Borloo pour redresser la France ou encore Raphaël Glucksmann qui planche sur un « livret d’épargne patriotique ».,https://www.challenges.fr/_ipx/f_jpg&enlarge_true&s_1200x630/cha/static/2026-09/60971.HR_0.jpg%3FVersionId=YFmu89MFA2G.dg4KP_cpX1BTunHXiBoc,2026-09-11T06:30:00Z,,"À 75 printemps et après avoir été « bien réparé » à lhôpital Georges-Pompidou, Jean-Louis Borloo affiche la vitalité dun jeune homme et un esprit dentreprise intact. Il est comme un de ces « ingénieu… [+3824 chars]",,fr,'Jean-Luc Mélenchon'
https://www.bfmtv.com/politique/elections/presidentielle/des-gens-sortis-de-nulle-part-le-tacle-a-emmanuel-macron-de-segolene-royal-qui-plaide-l-experience-en-politique_AN-202609110438.html,https://www.bfmtv.com/politique/elections/presidentielle/des-gens-sortis-de-nulle-part-le-tacle-a-emmanuel-macron-de-segolene-royal-qui-plaide-l-experience-en-politique_AN-202609110438.html,0,www.bfmtv.com,"""Des gens sortis de nulle part"": le tacle à Emmanuel Macron de Ségolène Royal qui plaide ""l'expérience"" en politique",La finaliste de la présidentielle de 2007 et candidate à la primaire du pôle socialiste veut faire de sa longévité en politique un atout.,https://io-fsly-bfmtv.cdn.nextradiotv.com/0Q7gl_G2oBvv2LG_NAqgTc8BIU8=/0x76:2048x1228/2048x0/images/Segolene-Royal-a-Alger-le-29-janvier-2026-2338980.jpg,2026-09-11T09:54:58Z,,"La finaliste de la présidentielle de 2007 et candidate à la primaire du pôle socialiste veut faire de sa longévité en politique un atout.
À la manuvre pour tenter un improbable come-back via sa cand… [+2084 chars]",,fr,'Ségolène Royal'
https://www.challenges.fr/monde/socialiste-progressiste-ou-communiste-letiquette-mimporte-peu-leffet-zohran-mamdani-gagne-les-etats-unis-et-fait-trembler-lestablishment-democrate_645643,https://www.challenges.fr/monde/socialiste-progressiste-ou-communiste-letiquette-mimporte-peu-leffet-zohran-mamdani-gagne-les-etats-unis-et-fait-trembler-lestablishment-democrate_645643,0,www.challenges.fr,"« Socialiste, progressiste ou communiste, l’étiquette m’importe peu » : l’effet Zohran Mamdani gagne les États-Unis et fait trembler l’establishment démocrate","Fortes d’un discours sur le coût de la vie, de nouvelles figures démocrates l’ont emporté lors des primaires pour les élections de mi-mandat. Au risque de diviser.",https://www.challenges.fr/_ipx/f_jpg&enlarge_true&s_1200x630/cha/static/2026-09/60888.HR_0.jpeg%3FVersionId=jHo4.gR1i7SVk5SDUOgY7zkonXRc21MI,2026-09-11T11:00:00Z,,"Pour soutenir le travail de notre rédaction, Challenges vous propose deux options : accepter les cookies ou vous abonner. 
Vous avez choisi de ne pas accepter le dépôt de cookies. Chaque jour, notre… [+383 chars]",,fr,'Zohran Mamdani'
https://www.presse-citron.net/donald-trump-peut-il-reellement-verser-5-000-dollars-a-chaque-americain-comme-il-le-pretend/,https://www.presse-citron.net/donald-trump-peut-il-reellement-verser-5-000-dollars-a-chaque-americain-comme-il-le-pretend/,0,www.presse-citron.net,Donald Trump peut-il réellement verser 5 000 dollars à chaque Américain comme il le prétend ?,"Pour remobiliser ses troupes avant des élections de mi-mandat sous haute tension, Donald Trump promet d'envoyer un chèque de 5 000 dollars à chaque adulte américain en cas de victoire républicaine. Mais la faisabilité financière et légale d'un tel pactole se …",https://www.presse-citron.net/app/uploads/2026/09/donald-trump-1600x900.jpg,2026-09-11T11:00:41Z,,"En pleine convention républicaine à Dallas, Donald Trump a promis un « dividende Trump » de 5 000 dollars à chaque citoyen américain adulte. Mais à une condition : le Parti républicain doit conserver… [+3664 chars]",,fr,'Donald Trump'
https://www.camer.be/94700/11:1/etats-unis-25-ans-apres-new-york-commemore-le-11-septembre-2001-au-pentagone.html,https://www.camer.be/94700/11:1/etats-unis-25-ans-apres-new-york-commemore-le-11-septembre-2001-au-pentagone.html,0,www.camer.be,"- 25 ans après, New York commémore le 11 septembre 2001 au Pentagone","Vingt-cinq ans après le traumatisme du 11 septembre 2001, New York
rend hommage vendredi aux victimes des attaques, sans Donald Trump,
mais en présence du premi...",https://www.camer.be/storage/photos/shares/Monde2/Commémoration_11_Septembre_11092026.jpg,2026-09-11T11:41:04Z,http://web.archive.org/web/20260912012839/https://www.camer.be/94700/11:1/etats-unis-25-ans-apres-new-york-commemore-le-11-septembre-2001-au-pentagone.html,"Vingt-cinq ans après le traumatisme du 11 septembre 2001, New York rend hommage vendredi aux victimes des attaques, sans Donald Trump, mais en présence du premier maire musulman de son histoire, cibl… [+4429 chars]",,fr,'Donald Trump'
https://www.nouvelobs.com/monde/20260911.OBS118139/11-septembre-comment-les-musulmans-ont-ete-stigmatises-aux-etats-unis-apres-les-attentats.html,https://www.nouvelobs.com/monde/20260911.OBS118139/11-septembre-comment-les-musulmans-ont-ete-stigmatises-aux-etats-unis-apres-les-attentats.html,0,www.nouvelobs.com,11-Septembre : comment les musulmans ont été stigmatisés aux Etats-Unis après les attentats,"La présence de Zohran Mamdani aux commémorations du 11-Septembre suscite la polémique à New York. Une controverse qui ravive la question de la stigmatisation des musulmans américains, qui s’est accentuée après les attentats.",https://focus.nouvelobs.com/2026/09/11/36/0/2836/1890/1200/800/0/0/b81cedf_upload-1-yxlzshy7quz6-068-aa-27052026-2801265.jpg,2026-09-11T13:45:26Z,,"Le maire de New York, Zohran Mamdani (au centre), lors dune prière de lAïd, dans le Bronx à New York, le 27 mai 2026.  SELCUK ACAR/ANADOLU VIA AFP
Vingt-cinq ans après, New York commémore les attent… [+551 chars]",,fr,'Zohran Mamdani'
https://www.mediapart.fr/journal/international/110926/les-poussieres-toxiques-du-11-septembre-ont-cause-54-000-cancers-et-6-300-morts,https://www.mediapart.fr/journal/international/110926/les-poussieres-toxiques-du-11-septembre-ont-cause-54-000-cancers-et-6-300-morts,0,www.mediapart.fr,Les poussières toxiques du 11-Septembre ont causé 54 000 cancers et 6 300 morts,"Le maire de New York, Zohran Mamdani, doit rendre publics des milliers de documents, prouvant selon lui que les autorités municipales, en 2001, connaissaient la toxicité de l’air et l’ont tue. Selon une étude récente, 154 000 personnes ont déclaré des maladie…",https://static.mediapart.fr/etmagine/og/journal/files/2026/09/11/260911-img-deces-pollution-11-septembre.jpg,2026-09-11T14:32:01Z,,"Les cookies et technologies similaires que nous utilisons sur Mediapart sont de différentes natures et nous permettent de poursuivre différentes finalités. 
Certains sont nécessaires au fonctionneme… [+3291 chars]",,fr,'Zohran Mamdani'
https://www.lalibre.be/culture/musique/2026/09/11/un-aeroport-americain-nashville-renomme-en-hommage-a-dolly-parton-J7WLYJ3Q7NGENPZS5FPSTKT5IA/,https://www.lalibre.be/culture/musique/2026/09/11/un-aeroport-americain-nashville-renomme-en-hommage-a-dolly-parton-J7WLYJ3Q7NGENPZS5FPSTKT5IA/,0,www.lalibre.be,Un aéroport américain Nashville renommé en hommage à Dolly Parton,"Le principal aéroport de Nashville, dans le Tennessee (sud), berceau de la musique country, a annoncé vendredi qu'il allait être renommé en l'honneur de l'une de ses plus grandes stars, Dolly Parton, récemment décédée à l'âge de 80 ans. ...",https://www.lalibre.be/resizer/v2/RCRUJVYXR5HNJJP6SD7YWVLUME.jpg?auth=c124e27b1db5a89c9b235f0e5f7f79b2633190052ee4c412e3933fd68be5f0c8&width=1200&height=630&quality=85&focal=1397%2C932,2026-09-11T16:07:40Z,,"""Alors qu'un nom définitif n'a pas encore été retenu, nous travaillons étroitement avec les parties concernées pour déterminer attentivement comment le nom et l'héritage de Dolly Parton seront intégr… [+134 chars]",,fr,'Dolly Parton'
https://www.franceinfo.fr/culture/musique/pop/le-principal-aeroport-de-nashville-va-prendre-le-nom-de-dolly-parton_8188655.html,https://www.franceinfo.fr/culture/musique/pop/le-principal-aeroport-de-nashville-va-prendre-le-nom-de-dolly-parton_8188655.html,0,www.franceinfo.fr,Le principal aéroport de Nashville va prendre le nom de Dolly Parton,Une mesure prise à l'unanimité en hommage à la chanteuse disparue fin août,https://www.franceinfo.fr/pictures/BU-lzUeFpZWp49zAPCRpJD7HrH4/0x21:4168x2365/1500x843/2026/09/11/6aa427be5cc10888002283.jpg,2026-09-11T16:21:08Z,,"Le principal aéroport de Nashville, dans le Tennessee, État du sud des États-Unis berceau de la musique country, a annoncé vendredi 11 septembre qu'il allait être renommé en l'honneur de l'une de ses… [+903 chars]",,fr,'Dolly Parton'
https://www.courrierinternational.com/article/commemorations-25-ans-apres-le-11-septembre-des-pelerinages-douloureux-mais-pas-de-ranc-ur-partisane_270009,https://www.courrierinternational.com/article/commemorations-25-ans-apres-le-11-septembre-des-pelerinages-douloureux-mais-pas-de-ranc-ur-partisane_270009,0,www.courrierinternational.com,"25 ans après le 11 septembre, des “pèlerinages douloureux” mais pas de “rancœur partisane”","Malgré la polémique précédant la cérémonie à New York, le maire Zohran Mamdani était bien présent pour rendre hommage aux victimes. Au Pentagone, Donald Trump a quant à lui associé le 11 septembre à sa guerre contre l’Iran.",https://focus.courrierinternational.com/2026/09/11/0/0/3400/2267/1200/630/60/0/3fc7988_ftp-1-h6v6xrwvpnl3-2026-09-11t124337z-975294368-rc20hnaohmdy-rtrmadp-3-usa-sept11-new-york.JPG,2026-09-12T03:50:03Z,,"À New York, vendredi, la musique du violoncelliste Yo-Yo Ma a accompagné la lecture des noms des quelque 3 000 victimes du 11 septembre, raconte USA Today.Le quotidien décrit les photos brandies par … [+5365 chars]",,fr,'Donald Trump'
https://www.courrierinternational.com/article/hommage-bientot-un-aeroport-dolly-parton-a-nashville_270042,https://www.courrierinternational.com/article/hommage-bientot-un-aeroport-dolly-parton-a-nashville_270042,0,www.courrierinternational.com,Bientôt un aéroport Dolly Parton à Nashville  ?,"La chanteuse disparue le 25 août dernier devrait donner son nom à l’aéroport international de la ville du Tennesse. L’artiste, adorée des Américains, est née et a passé toute sa vie dans l’Etat. Les autorités en charge de l’aéroport ont voté à l’unanimité en …",https://focus.courrierinternational.com/2026/08/28/0/0/3504/2336/1200/630/60/0/9a7fb54_ftp-1-ox4jgyfusqzj-2026-08-28t162726z-1809742804-rc2s7na74t6n-rtrmadp-3-onthemoney-dolly.JPG,2026-09-12T03:55:05Z,,Les voyageurs mélomanes ne vont pas atterrir tout de suite à laéroport Dolly Parton de Nashville mais cest en bon chemin. Le conseil en charge de laéroport de la ville du Tennesse a voté vendredi à l… [+1455 chars],,fr,'Dolly Parton'
https://www.20minutes.fr/monde/4244756-20260912-fantastique-trump-surprend-monde-plaidant-irlande-unifiee,https://www.20minutes.fr/monde/4244756-20260912-fantastique-trump-surprend-monde-plaidant-irlande-unifiee,0,www.20minutes.fr,« Ce serait fantastique » : Trump surprend son monde en plaidant pour une Irlande « unifiée »,"De passage à Dublin, Donald Trump a créé la surprise en affirmant vouloir voir une Irlande « unifiée »",https://img.20mn.fr/TKkEgLywR9GaCjwwl4a3kyk/1444x920_le-president-americain-donald-trump-a-declare-vouloir-voir-une-irlande-unifiee-lors-de-son-passage-a-dublin,2026-09-12T12:22:11Z,http://web.archive.org/web/20260912230906/https://www.20minutes.fr/monde/4244756-20260912-fantastique-trump-surprend-monde-plaidant-irlande-unifiee,"Toujours le mot pour surprendre. Le président américain Donald Trump a pris tout le monde de court en plaidant pour une Irlande « unifiée », samedi, lors dun point presse avec le Premier ministre irl… [+4543 chars]",,fr,'Donald Trump'
https://www.20minutes.fr/politique/4244788-20260912-presidentielle-2027-edouard-philippe-francois-hollande-bruno-retailleau-appellent-rassemblement,https://www.20minutes.fr/politique/4244788-20260912-presidentielle-2027-edouard-philippe-francois-hollande-bruno-retailleau-appellent-rassemblement,0,www.20minutes.fr,"Présidentielle 2027 : Edouard Philippe, François Hollande et Bruno Retailleau appellent au rassemblement",Aucun de ces présidentiables n’entend pour autant s’effacer au profit d’un rival,https://img.20mn.fr/MCdGw71aR2e58rB7mG6Zryk/1444x920_edouard-philippe-maire-du-havre-et-candidat-aux-elections-presidentielles-2027-pour-le-parti-horizons-lors-d-un-deplacement-au-festival-terres-de-jim-a-metz-est-de-la-france-le-12-septembre-2026-candidate-for-france-s-2027-presidential-election-for-the-right-wing-horizons-party-and-mayor-of-le-havre-edouard-philippe-during-a-visit-to-the-terres-de-jim-festival-in-metz-in-eastern-france-on-12-september-2026-utzantonin-sipa-23570-credit-antonin-utz-sipa-2609121444,2026-09-12T16:30:07Z,http://web.archive.org/web/20260912231602/https://www.20minutes.fr/politique/4244788-20260912-presidentielle-2027-edouard-philippe-francois-hollande-bruno-retailleau-appellent-rassemblement,"À gauche, au centre comme à droite, la rentrée politique se conjugue sous le signe dun même impératif : lunion. De François Hollande à Bruno Retailleau en passant par Édouard Philippe, les déclaratio… [+3389 chars]",,fr,'Bruno Retailleau'
https://www.lavenir.net/actu/discover/2026/09/13/laurent-delahousse-a-repris-les-commandes-des-jt-du-week-end-sur-france-2-une-autre-maniere-dincarner-linformation-HBO5772ECJCHXLX424ES2QMH2M/,https://www.lavenir.net/actu/discover/2026/09/13/laurent-delahousse-a-repris-les-commandes-des-jt-du-week-end-sur-france-2-une-autre-maniere-dincarner-linformation-HBO5772ECJCHXLX424ES2QMH2M/,0,www.lavenir.net,Laurent Delahousse a repris les commandes des JT du week-end sur France 2 : une autre manière d’incarner l’information,"Le 5 septembre 2026, à l’occasion de la rentrée, Laurent Delahousse a repris sa place au JT de France 2. Au fil des ans, le journaliste a su marquer les esprits avec son ton juste et son art apprécié de la narration. Portrait. ...",https://www.lavenir.net/resizer/v2/HOQDTZO2F5FP5FI6CPENWQJZ7M.jpg?auth=c7a0a68deff206a6f62a1abc0a5c174ccbc823f46a03b68685dd591a045f869b&width=1200&height=630&quality=85&focal=3000%2C2000,2026-09-13T07:00:00Z,,"Jean-Baptiste Marteau va remplacer Léa Salamé au 20 heures de France 2 : fini de jouer les jokers""Je suis issu d'une famille de juristes et mes parents m'ont poussé à faire du droit""
Sa trajectoire … [+3651 chars]",,fr,'Léa Salamé'
https://www.lalibre.be/culture/cinema/festivals/mostra-venise/2026/09/13/qui-est-john-malkovich-lacteur-singulier-a-la-carriere-eclectique-qui-a-enfin-remporte-une-distinction-a-la-mostra-de-venise-3FRUMNIZHRHAHJDXVIDOXGZYWQ/,https://www.lalibre.be/culture/cinema/festivals/mostra-venise/2026/09/13/qui-est-john-malkovich-lacteur-singulier-a-la-carriere-eclectique-qui-a-enfin-remporte-une-distinction-a-la-mostra-de-venise-3FRUMNIZHRHAHJDXVIDOXGZYWQ/,0,www.lalibre.be,"Qui est John Malkovich, l'acteur singulier à la carrière éclectique, qui a enfin remporté une distinction à la Mostra de Venise ?","Alternant cinéma d'auteur, blockbusters et théâtre, l'acteur américain John Malkovich s'est forgé une carrière singulière dans le cinéma américain, en marge du star system mais parvenant à s'imposer comme une figure connue du grand public. ...",https://www.lalibre.be/resizer/v2/VENTF4HK3BFY7HV66BPBQUKQDA.jpg?auth=9c24c021b6bcac51f817424819b6901bf56e4a20f72cf345ad15d692f9d9baa8&width=1200&height=630&quality=85&focal=4128%2C2752,2026-09-13T17:03:19Z,,"""Je fais et j'ai toujours fait ce que j'aime depuis toujours, et j'ai bien l'intention de continuer"", a déclaré Malkovich devant les journalistes à la Mostra de Venise, rejetant toute intention de pr… [+2702 chars]",,fr,'nan nan'
https://www.frandroid.com/marques/openai/3245901_aucune-pression-concurrentielle-americaine-ne-devrait-justifier-limprudence-sam-altman-veut-ralentir-lia-la-maison-blanche-prefere-la-course-avec-la-chine,https://www.frandroid.com/marques/openai/3245901_aucune-pression-concurrentielle-americaine-ne-devrait-justifier-limprudence-sam-altman-veut-ralentir-lia-la-maison-blanche-prefere-la-course-avec-la-chine,0,www.frandroid.com,"« Aucune pression concurrentielle américaine ne devrait justifier l’imprudence » : Sam Altman veut ralentir l’IA, la Maison Blanche préfère la course avec la Chine","Deux jours après avoir approuvé l'appel de Dario Amodei à ralentir, Sam Altman précise ce qu'OpenAI change. Il glisse au passage qu'il n'attendra ni loi ni feu vert antitrust. Un message autant destiné à Washington qu'à ses concurrents.","https://img.frandroid.com/images.frandroid.com/wp-content/uploads/2024/10/altman-dev-day-8-scaled.jpg?resize=1600,900&key=e5f6b484",2026-09-14T04:36:42Z,,"Deux jours après avoir approuvé l’appel de Dario Amodei à ralentir, Sam Altman précise ce qu’OpenAI change. Il glisse au passage qu’il n’attendra ni loi ni feu vert antitrust. Un message autant desti… [+6646 chars]",,fr,'Sam Altman'
https://www.courrierinternational.com/article/interview-presidentielle-2027-en-france-la-russie-cherche-a-saturer-le-debat-public_269922,https://www.courrierinternational.com/article/interview-presidentielle-2027-en-france-la-russie-cherche-a-saturer-le-debat-public_269922,0,www.courrierinternational.com,Présidentielle 2027 en France : la Russie cherche à “saturer le débat public”,"Plusieurs prétendants à l’Élysée ont été la cible, durant l’été, de désinformation russe. Mihail Ivanov, correspondant bulgare à Paris, relève des méthodes semblables à celles utilisées en Bulgarie, pays particulièrement visé par ces ingérences. Les attaques …",https://focus.courrierinternational.com/2026/09/11/207/132/3885/2590/1200/630/60/0/5c422c2_upload-1-n1awvvhwnjoj-lauzan-2019-12-12-1455.jpg,2026-09-14T07:18:45Z,,"Au cours des mois de juillet et daoût, des campagnes de désinformation en provenance de Russie et visant Édouard Philippe, Gabriel Attal et Raphaël Glucksmann ont été révélées. Ce nest pas une surpri… [+1083 chars]",,fr,'nan nan'
https://www.ledauphine.com/societe/2026/09/14/lui-aussi-il-en-a-fait-des-compromis-lea-salame-reagit-a-son-retrait-du-jt-de-france-2,https://www.ledauphine.com/societe/2026/09/14/lui-aussi-il-en-a-fait-des-compromis-lea-salame-reagit-a-son-retrait-du-jt-de-france-2,0,www.ledauphine.com,"Télévision. « Lui aussi, il en a fait des compromis » : Léa Salamé réagit à son retrait du JT de France 2","Léa Salamé a réagi ce lundi pour la première fois à son retrait du 20 heures de France 2 après l’annonce de la candidature de son compagnon à l’élection présidentielle, Raphaël Glucksmann.",https://cdn-s-www.ledauphine.com/images/9E0BEAB3-F392-4BF4-A917-FB1CC234E127/FB1200/photo-1750430887.jpg,2026-09-14T07:23:00Z,http://web.archive.org/web/20260915013112/https://www.ledauphine.com/societe/2026/09/14/lui-aussi-il-en-a-fait-des-compromis-lea-salame-reagit-a-son-retrait-du-jt-de-france-2,"C’était sa première prise de parole depuis son retrait du 20 heures de France 2 après l’annonce de la candidature de son compagnon à l’élection présidentielle, Raphaël Glucksmann.
Léa Salamé était f… [+1968 chars]",,fr,'Raphaël Glucksmann'
https://www.huffingtonpost.fr/divertissement/article/lea-salame-evoque-un-compromis-avec-raphael-glucksmann-autour-de-son-retrait-du-20-heures_324066.html,https://www.huffingtonpost.fr/divertissement/article/lea-salame-evoque-un-compromis-avec-raphael-glucksmann-autour-de-son-retrait-du-20-heures_324066.html,0,www.huffingtonpost.fr,Léa Salamé évoque un « compromis » avec Raphaël Glucksmann autour de son retrait du « 20 heures »,"La présentatrice est revenue sur son retrait du journal télévisé de France 2, dans le contexte de la campagne présidentielle de son conjoint.",https://focus.huffingtonpost.fr/2026/09/14/40/0/553/311/1820/1023/75/0/57dd759_upload-1-tjlj2x4gkugm-capture-d-ecran-2026-09-14-091937.png,2026-09-14T08:21:42Z,,"Elle sexprime pour « dire toute la vérité ». Ce lundi 14 septembre, Léa Salamé était sur RTL pour parler de sa décision de se retirer de la présentation du journal de 20 heures de France 2 à la suite… [+2905 chars]",,fr,'Raphaël Glucksmann'
https://www.huffingtonpost.fr/international/article/cette-enquete-de-60-minutes-sur-les-dealers-de-graces-dans-l-amerique-de-trump-est-edifiante_324062.html,https://www.huffingtonpost.fr/international/article/cette-enquete-de-60-minutes-sur-les-dealers-de-graces-dans-l-amerique-de-trump-est-edifiante_324062.html,0,www.huffingtonpost.fr,Cette enquête de « 60 Minutes » sur les « dealers de grâces » dans l’Amérique de Trump est édifiante,"L’émission de CBS a enquêté sur des « négociants » qui proposent, moyennant finance, de faire du lobbying auprès du président américain pour qu’il gracie leurs clients.",https://focus.huffingtonpost.fr/2026/08/18/117/0/5185/2916/1820/1023/75/0/0aa157c_upload-1-t2xl5vqltxkl-afp-20260817-c4vk6y3-v1-highres-776547240.jpg,2026-09-14T08:48:08Z,,"Suffit-il de payer 300 000 dollars pour obtenir une grâce de la part de Donald Trump ? Son administration assure que non, mais pas les « pardon brokers », ces « négociants » ou « dealers de grâces » … [+5959 chars]",,fr,'nan nan'
https://www.journaldunet.com/business/action-publique/1554791-marine-le-pen-en-tete-des-intentions-de-vote-pour-la-presidentielle-2027-selon-l-enquete-ipsos-bva/,https://www.journaldunet.com/business/action-publique/1554791-marine-le-pen-en-tete-des-intentions-de-vote-pour-la-presidentielle-2027-selon-l-enquete-ipsos-bva/,0,www.journaldunet.com,"Marine Le Pen en tête des intentions de vote pour la présidentielle 2027, selon Ipsos-BVA","Jean-Luc Mélenchon accède au second tour dans plusieurs scénarios, mais reste derrière Marine Le Pen dans tous les cas de figure.",https://img-0.journaldunet.com/lNhedcSQh9FJltFJBZJ9dKnHkcM=/1500x/smart/40d2751df54740429689fbc4ce805bc5/ccmcms-jdn/39543668.jpg,2026-09-14T08:56:19Z,http://web.archive.org/web/20260914112303/https://www.journaldunet.com/business/action-publique/1554791-marine-le-pen-en-tete-des-intentions-de-vote-pour-la-presidentielle-2027-selon-l-enquete-ipsos-bva/,"Jean-Luc Mélenchon accède au second tour dans plusieurs scénarios, mais reste derrière Marine Le Pen dans tous les cas de figure.
Je m'abonne aux Infos à ne pas rater
Marine Le Pen recueille entre … [+3603 chars]",,fr,'Jean-Luc Mélenchon'
https://www.lesnumeriques.com/intelligence-artificielle/celui-qui-gagne-sur-l-ia-gagne-tout-donald-trump-ne-veut-pas-ralentir-son-developpement-malgre-des-risques-majeurs-n261806.html,https://www.lesnumeriques.com/intelligence-artificielle/celui-qui-gagne-sur-l-ia-gagne-tout-donald-trump-ne-veut-pas-ralentir-son-developpement-malgre-des-risques-majeurs-n261806.html,0,www.lesnumeriques.com,"Actualité : “Celui qui gagne sur l’IA gagne tout” : Donald Trump ne veut pas ralentir son développement, malgré des risques majeurs","Alors qu’OpenAI, Anthropic et xAI veulent lever le pied sur le développement de l’IA, Donald Trump va à contre-courant pour ne pas perdre cette nouvelle ruée vers l’or face à la Chine.",https://cdn.lesnumeriques.com/optim/news/26/261806/733f8f39-celui-qui-gagne-sur-l-ia-gagne-tout-donald-trump-ne-veut-pas-ralentir-son-developpement-malgre-des-risques-majeurs__1200_678__0-52-3000-1627.jpg,2026-09-14T09:57:00Z,http://web.archive.org/web/20260914144731/https://www.lesnumeriques.com/intelligence-artificielle/celui-qui-gagne-sur-l-ia-gagne-tout-donald-trump-ne-veut-pas-ralentir-son-developpement-malgre-des-risques-majeurs-n261806.html,En bref<ul><li>Les patrons de lIA réclament une pause urgente face aux risques demballement technologique.</li><li>Donald Trump refuse de freiner afin de préserver la suprématie américaine face à la … [+3376 chars],,fr,'Donald Trump'
https://www.presse-citron.net/les-amis-doivent-rester-soudes-le-canada-veut-devenir-un-membre-particulier-de-lue/,https://www.presse-citron.net/les-amis-doivent-rester-soudes-le-canada-veut-devenir-un-membre-particulier-de-lue/,0,www.presse-citron.net,« Les amis doivent rester soudés » : le Canada veut devenir un membre particulier de l’UE,"Face à l'escalade des tensions commerciales avec les États-Unis, le Canada cherche à réduire sa dépendance en se tournant vers le Vieux Continent. Le Premier ministre Mark Carney propose une « alliance unique » avec l'Union européenne : un tournant géopolitiq…",https://www.presse-citron.net/app/uploads/2026/09/canada-ue-1600x900.jpg,2026-09-14T10:30:51Z,,Il sagit dun tournant potentiellement historique dans lhistoire récente. Interrogé sur des révélations du Wall Street Journal qui affirme que le Canada ambitionne de devenir un « membre associé » de … [+4596 chars],,fr,'Premier ministre'
https://www.presse-citron.net/risque-arme-nucleaire-elon-musk-ia-peur-claude-chatgpt-grok-donald-trump/,https://www.presse-citron.net/risque-arme-nucleaire-elon-musk-ia-peur-claude-chatgpt-grok-donald-trump/,0,www.presse-citron.net,"Plus risqué que l’arme nucléaire, selon Elon Musk : l’IA fait peur aux patrons de Claude, ChatGPT et Grok. Mais Donald Trump balaie leur appel au “ralentissement” d’un revers de la main","Les patrons d’Anthropic, OpenAI et SpaceXAI pensent que le développement de l’IA doit être ralenti pour avoir le temps de gérer les risques de sécurité associés aux nouvelles fonctionnalités qui arrivent. Ils estiment aussi que les États-Unis doivent collabor…",https://www.presse-citron.net/app/uploads/2026/09/bombe-nucleaire-IA-ralentissement-risque-securite-2-1600x900.jpg,2026-09-14T11:03:11Z,http://web.archive.org/web/20260914140131/https://www.presse-citron.net/risque-arme-nucleaire-elon-musk-ia-peur-claude-chatgpt-grok-donald-trump/,"Un consensus a été trouvé entre Dario Amodei, patron dAnthropic, Sam Altman, le patron dOpenAI, et Elon Musk, qui dirige SpaceX (dont le laboratoire dIA SpaceXAI). Ces trois patrons américains sont d… [+5741 chars]",,fr,'Elon Musk'
https://www.legorafi.fr/2026/09/14/horoscope-du-14-septembre-2026/,https://www.legorafi.fr/2026/09/14/horoscope-du-14-septembre-2026/,0,www.legorafi.fr,Horoscope du 14 septembre 2026,"Lion : Terreurs nocturnes à répétition, où vous verrez la silhouette de Raphaël Glucksmann qui répète « Il faut un cap clair ».
L’article Horoscope du 14 septembre 2026 est apparu en premier sur Le Gorafi.fr Gorafi News Network.",https://www.legorafi.fr/wp-content/uploads/2022/03/clock-g79d031407_1920-1000x600.jpg,2026-09-14T12:05:43Z,,"Bélier : On vous dira que vous nêtes pas assez « good vibes ». Battez-vous.
Taureau : Vous vous enfermerez dans un colis TEMU pour voyager en soute. Attention.
Gémeaux : Bruno Le Maire dira que vot… [+1517 chars]",,fr,'Raphaël Glucksmann'
https://www.dhnet.be/medias/television/2026/09/14/dans-un-couple-il-faut-des-compromis-lea-salame-se-confie-sur-son-depart-du-jt-et-la-candidature-de-raphael-glucksmann-KEOHJ2B4MJCE3D45C6C7YO3M3A/,https://www.dhnet.be/medias/television/2026/09/14/dans-un-couple-il-faut-des-compromis-lea-salame-se-confie-sur-son-depart-du-jt-et-la-candidature-de-raphael-glucksmann-KEOHJ2B4MJCE3D45C6C7YO3M3A/,0,www.dhnet.be,"”Dans un couple, il faut des compromis” : Léa Salamé se confie sur son départ du JT et la candidature de Raphaël Glucksmann","Après avoir quitté le JT de France 2 suite à la candidature présidentielle de son compagnon Raphaël Glucksmann, la journaliste s’est exprimée pour la première fois. ...",https://www.dhnet.be/resizer/v2/5DNV33UJMBDVPEGO4UTAENHRXY.jpg?auth=b75c147fff8aae7ed1f71189cafd8d89a291c4dfe2f8a5c65ad553a0cbd52aa5&width=1200&height=630&quality=85&focal=3895%2C2590,2026-09-14T13:51:36Z,http://web.archive.org/web/20260914232809/https://www.dhnet.be/medias/television/2026/09/14/dans-un-couple-il-faut-des-compromis-lea-salame-se-confie-sur-son-depart-du-jt-et-la-candidature-de-raphael-glucksmann-KEOHJ2B4MJCE3D45C6C7YO3M3A/,"Glucksmann s'affiche, Léa Salamé s'efface : et si les rôles avaient été inversésUne éthique professionnelle et une réflexion de couple
Interrogée sur l'impact que ce choix pourrait avoir sur sa vie … [+1445 chars]",,fr,'Raphaël Glucksmann'
https://www.lalibre.be/international/europe/2026/09/14/lea-salame-se-confie-sur-son-depart-du-jt-et-la-candidature-de-raphael-glucksmann-ce-nest-pas-forcement-facile-PXB2IIKBNBAIPDVN2KCYK5X2MM/,https://www.lalibre.be/international/europe/2026/09/14/lea-salame-se-confie-sur-son-depart-du-jt-et-la-candidature-de-raphael-glucksmann-ce-nest-pas-forcement-facile-PXB2IIKBNBAIPDVN2KCYK5X2MM/,0,www.lalibre.be,"Léa Salamé se confie sur son départ du JT et la candidature de Raphaël Glucksmann : ""Ce n’est pas forcément facile""","Après avoir quitté le JT de France 2 suite à la candidature présidentielle de son compagnon Raphaël Glucksmann, la journaliste s’est exprimée pour la première fois. ...",https://www.lalibre.be/resizer/v2/UN4IE4GEUBE2HAHCU6JDGMQF7Q.png?auth=c1d6570f0e0ce732ddb1a53239470468f6224b8831f525355c93b3fdc3d4b652&width=1200&height=630&quality=85&focal=384%2C256,2026-09-14T13:54:27Z,http://web.archive.org/web/20260914233641/https://www.lalibre.be/international/europe/2026/09/14/lea-salame-se-confie-sur-son-depart-du-jt-et-la-candidature-de-raphael-glucksmann-ce-nest-pas-forcement-facile-PXB2IIKBNBAIPDVN2KCYK5X2MM/,"Léa Salamé : ""Ma foi m'empêche de péter les plombs""Une éthique professionnelle et une réflexion de couple
Interrogée sur l'impact que ce choix pourrait avoir sur sa vie privée, la présentatrice refu… [+1591 chars]",,fr,'Raphaël Glucksmann'
https://www.20minutes.fr/monde/etats-unis/4245332-20260914-contre-courant-trump-fustige-conspiration-malsaine-contre-ia-vante-qi-eleve,https://www.20minutes.fr/monde/etats-unis/4245332-20260914-contre-courant-trump-fustige-conspiration-malsaine-contre-ia-vante-qi-eleve,0,www.20minutes.fr,"A contre-courant, Trump fustige une « conspiration malsaine » contre l’IA, et vante son QI « élevé »","Le président Donald Trump refuse qu’une législation bride l’intelligence artificielle aux Etats-Unis, évoquant la compétition mondiale dans le domaine",https://img.20mn.fr/9eGZYNjcQnCZpvIdeT7jPyk/1444x920_le-president-donald-trump-s-entretient-avec-des-journalistes-avant-de-monter-a-bord-d-air-force-one-a-l-aeroport-de-shannon-le-dimanche-13-septembre-2026-a-shannon-en-irlande-photo-ap-julia-demaree-nikhinson-jdn143-26257062805146-2609140409,2026-09-14T15:33:03Z,,"Donald Trump s'en est pris vivement ce lundi à ce qu'il qualifie de « conspiration malsaine » visant à freiner lessor de l'intelligence artificielle, s'opposant catégoriquement aux appels à une régul… [+1448 chars]",,fr,'Donald Trump'
https://www.mediapart.fr/journal/international/140926/finance-ia-petrole-l-administration-trump-defiee-sur-tous-les-fronts,https://www.mediapart.fr/journal/international/140926/finance-ia-petrole-l-administration-trump-defiee-sur-tous-les-fronts,0,www.mediapart.fr,"Finance, IA, pétrole… L’administration Trump défiée sur tous les fronts","Ce pourrait être la semaine de tous les dangers pour la Maison-Blanche, qui voit tous les sujets – énergie, intelligence artificielle, politique monétaire – sur lesquels Donald Trump entend imposer ses vues se retrouver sous tension en même temps.",https://static.mediapart.fr/etmagine/og/journal/files/2026/09/14/260914-img-finance-l-administration-trump-defiee-sur-tous-les-fronts.jpg,2026-09-14T18:55:45Z,http://web.archive.org/web/20260915064600/https://www.mediapart.fr/journal/international/140926/finance-ia-petrole-l-administration-trump-defiee-sur-tous-les-fronts,"Les cookies et technologies similaires que nous utilisons sur Mediapart sont de différentes natures et nous permettent de poursuivre différentes finalités. 
Certains sont nécessaires au fonctionneme… [+3291 chars]",,fr,'Donald Trump'
https://www.20minutes.fr/monde/etats-unis/4245403-20260915-etats-unis-donald-trump-enterre-limites-emissions-polluantes-centrales-electriques,https://www.20minutes.fr/monde/etats-unis/4245403-20260915-etats-unis-donald-trump-enterre-limites-emissions-polluantes-centrales-electriques,0,www.20minutes.fr,Etats-Unis : Donald Trump enterre les limites d’émissions polluantes des centrales électriques,"L’administration Trump a annoncé, lundi, la suppression des limites sur les émissions de gaz à effet de serre des centrales électriques, au nom de la déréglementation et du soutien à la production d’énergie",https://img.20mn.fr/sAiPyxT8RduJ9vzNdQe2ICk/1444x920_le-president-donald-trump-s-entretient-avec-des-journalistes-alors-qu-il-etait-en-vol-a-bord-d-air-force-one-entre-shannon-en-irlande-et-la-base-interarmees-andrews-dans-le-maryland-le-dimanche-13-septembre-2026-photo-ap-julia-demaree-nikhinson-dcjn112-26257060809164-2609140355,2026-09-14T23:43:06Z,http://web.archive.org/web/20260914234922/https://www.20minutes.fr/monde/etats-unis/4245403-20260915-etats-unis-donald-trump-enterre-limites-emissions-polluantes-centrales-electriques,"Ladministration de Donald Trump poursuit le démantèlement des réglementations climatiques américaines. Lundi, lAgence de protection de lenvironnement (EPA) a annoncé à Houston, au Texas, la suppressi… [+4103 chars]",,fr,'Donald Trump'
https://www.dhnet.be/actu/belgique/2026/09/15/si-les-belges-pouvaient-voter-a-la-presidentielle-francaise-leur-candidat-favori-serait-marine-le-pen-W25WBSJ33FFGXPZZCIAZ5L5NPY/,https://www.dhnet.be/actu/belgique/2026/09/15/si-les-belges-pouvaient-voter-a-la-presidentielle-francaise-leur-candidat-favori-serait-marine-le-pen-W25WBSJ33FFGXPZZCIAZ5L5NPY/,0,www.dhnet.be,"Si les Belges pouvaient voter à la présidentielle française, leur candidat favori serait… Marine Le Pen",LN24 et l’institut Dedicated Research ont interrogé plus de 1500 Belges sur leurs préférences politiques. Le grand gagnant serait l’abstention. Puis la figure principale de l’extrême droite française. ...,https://www.dhnet.be/resizer/v2/VNYEUPTR7RC7RE2JC5FRNH7Q7Q.jpg?auth=b8aba8f699c52ee6a1b9de40c66fd2587bf95dd3dddefb010d987f3d3cdaa27e&width=1200&height=630&quality=85&focal=4096%2C2732,2026-09-15T04:47:50Z,http://web.archive.org/web/20260916051448/https://www.dhnet.be/actu/belgique/2026/09/15/si-les-belges-pouvaient-voter-a-la-presidentielle-francaise-leur-candidat-favori-serait-marine-le-pen-W25WBSJ33FFGXPZZCIAZ5L5NPY/,Cette grande enquête a été réalisée par l'institut de sondage Dedicated Research. 1 502 Belges âgés de 18 ans et plus ont été interrogés par internet aléatoirement dans le panel de Dedicated entre le… [+4663 chars],,fr,'Marine Le Pen'
https://www.ledauphine.com/elections/2026/09/15/sondages-balladur-strauss-kahn-fillon-favoris-des-sondages-quel-score-au-final,https://www.ledauphine.com/elections/2026/09/15/sondages-balladur-strauss-kahn-fillon-favoris-des-sondages-quel-score-au-final,0,www.ledauphine.com,"Présidentielle 2027. Sondages : Balladur, Strauss-Kahn, Fillon... favoris des sondages, quel score au final ?","Série : Les sondages face à l'épreuve des urnes [2/2] - Les sondages en amont du scrutin donnent-ils vraiment une idée du futur président de la République ? Depuis 1965, les exemples montrent que rien n’est jamais joué d'avance - loin s'en faut.",https://cdn-s-www.ledauphine.com/images/205E1799-1CC0-4416-A013-A8E5C2DAD619/FB1200/photo-1789387981.jpg,2026-09-15T05:00:00Z,,"À six mois dune élection présidentielle, les sondages donnent parfois limpression de dessiner déjà les contours du scrutin. Pourtant, depuis la première présidentielle au suffrage universel direct en… [+9450 chars]",,fr,'président de la République'
https://www.bfmtv.com/international/amerique-nord/etats-unis/donald-trump/le-fils-de-donald-trump-confirme-qu-un-homme-d-affaires-russe-a-finance-des-festivites-liees-a-son-mariage_AD-202609150174.html,https://www.bfmtv.com/international/amerique-nord/etats-unis/donald-trump/le-fils-de-donald-trump-confirme-qu-un-homme-d-affaires-russe-a-finance-des-festivites-liees-a-son-mariage_AD-202609150174.html,0,www.bfmtv.com,Le fils de Donald Trump confirme qu'un homme d'affaires russe a financé des festivités liées à son mariage,"Umar Kremlev a déboursé plusieurs centaines de milliers de dollars pour financer les réceptions de mariage de Donald Trump Jr. et Bettina Trump. Le couple a regretté ""qu'un événement aussi personnel et heureux soit présenté comme quelque chose de politique"".",https://io-fsly-bfmtv.cdn.nextradiotv.com/EzghN3vadKWObMH8zpzQjOitQaY=/0x106:2048x1258/2048x0/images/Donald-Trump-Jr-au-Madison-Square-Garden-de-New-York-le-27-octobre-2024-2028326.jpg,2026-09-15T05:49:52Z,http://web.archive.org/web/20260916024811/https://www.bfmtv.com/international/amerique-nord/etats-unis/donald-trump/le-fils-de-donald-trump-confirme-qu-un-homme-d-affaires-russe-a-finance-des-festivites-liees-a-son-mariage_AD-202609150174.html,"Umar Kremlev a déboursé plusieurs centaines de milliers de dollars pour financer les réceptions de mariage de Donald Trump Jr. et Bettina Trump. Le couple a regretté ""qu'un événement aussi personnel … [+3509 chars]",,fr,'Donald Trump'
https://www.lalibre.be/international/amerique/2026/09/15/un-homme-daffaires-russe-a-finance-le-mariage-du-fils-de-donald-trump-un-cadeau-extraordinairement-genereux-2K7F5P4JIVDWNLXM5PRURGLZLM/,https://www.lalibre.be/international/amerique/2026/09/15/un-homme-daffaires-russe-a-finance-le-mariage-du-fils-de-donald-trump-un-cadeau-extraordinairement-genereux-2K7F5P4JIVDWNLXM5PRURGLZLM/,0,www.lalibre.be,"Un homme d'affaires russe a financé le mariage du fils de Donald Trump : ""Un cadeau extraordinairement généreux""","Un homme d'affaires russe lié au Kremlin a financé les festivités ayant suivi le mariage du fils aîné du président Donald Trump, a confirmé lundi le couple. ...",https://www.lalibre.be/resizer/v2/JWAKFYHAXJA3BKU6WPEQSH7KIA.jpg?auth=32f5497ab34c110681eb5e04ab5c88e1dd7a02e72f6b6d666ebae70881b1de5c&width=1200&height=630&quality=85&focal=256%2C170,2026-09-15T05:54:43Z,http://web.archive.org/web/20260916025015/https://www.lalibre.be/international/amerique/2026/09/15/un-homme-daffaires-russe-a-finance-le-mariage-du-fils-de-donald-trump-un-cadeau-extraordinairement-genereux-2K7F5P4JIVDWNLXM5PRURGLZLM/,"Le président Donald Trump n'a assisté ni à la cérémonie de mariage elle-même ni aux festivités, affirmant qu'il devait rester à Washington en raison de discussions liées à la guerre en Iran.
Umar Kr… [+775 chars]",,fr,'Donald Trump'
https://www.dhnet.be/actu/monde/2026/09/15/le-fils-de-donald-trump-reconnait-lintervention-dun-homme-daffaires-russe-il-sagissait-dun-cadeau-de-mariage-extraordinairement-genereux-5N4C63RSQFBHBGHTO3SM66AZGM/,https://www.dhnet.be/actu/monde/2026/09/15/le-fils-de-donald-trump-reconnait-lintervention-dun-homme-daffaires-russe-il-sagissait-dun-cadeau-de-mariage-extraordinairement-genereux-5N4C63RSQFBHBGHTO3SM66AZGM/,0,www.dhnet.be,"Le fils de Donald Trump reconnaît l'intervention d'un homme d'affaires russe: ""Il s'agissait d'un cadeau de mariage extraordinairement généreux""","Un homme d'affaires russe lié au Kremlin a financé les festivités ayant suivi le mariage du fils aîné du président Donald Trump, a confirmé lundi le couple. ...",https://www.dhnet.be/resizer/v2/UHAIFCQ2PBBILGFNTQ4AEA7YBA.jpg?auth=d7d25a3f68bc44bdf6116fae6087c9dc374602d43d255def386a12507003bcae&width=1200&height=630&quality=85&focal=4128%2C2752,2026-09-15T06:35:11Z,http://web.archive.org/web/20260916044753/https://www.dhnet.be/actu/monde/2026/09/15/le-fils-de-donald-trump-reconnait-lintervention-dun-homme-daffaires-russe-il-sagissait-dun-cadeau-de-mariage-extraordinairement-genereux-5N4C63RSQFBHBGHTO3SM66AZGM/,"Le président Donald Trump n'a assisté ni à la cérémonie de mariage elle-même ni aux festivités, affirmant qu'il devait rester à Washington en raison de discussions liées à la guerre en Iran.
Umar Kr… [+892 chars]",,fr,'nan nan'
https://www.nouvelobs.com/politique/20260915.OBS118250/presidentielle-2027-francois-ruffin-rejete-de-la-primaire-socialiste-et-toujours-plus-isole-continue-de-rever-a-l-union-de-la-gauche.html,https://www.nouvelobs.com/politique/20260915.OBS118250/presidentielle-2027-francois-ruffin-rejete-de-la-primaire-socialiste-et-toujours-plus-isole-continue-de-rever-a-l-union-de-la-gauche.html,0,www.nouvelobs.com,"Présidentielle 2027 : François Ruffin, rejeté de la primaire socialiste et toujours plus isolé, continue de rêver à l’union de la gauche","Accusant Raphaël Glucksmann de lui refuser l’entrée de la primaire socialiste, le fondateur du parti Debout ! rêve de rebondir et de rallier des personnalités de gauche au-delà de leurs partis. Pour le moment, ses chances semblent minces…",https://focus.nouvelobs.com/2026/09/11/0/0/4950/3300/1200/800/0/0/1fac775_ftp-1-ztvaecfxhusk-afp-c7zz7yc.jpg,2026-09-15T07:20:24Z,,"François Ruffin, candidat à la présidentielle, à la la Fête de lHuma, en région parisienne, le 11 septembre 2026. SIMON WOHLFAHRT/AFP
Pour aller plus loin
 Deux ans ont passé depuis la dissolution … [+979 chars]",,fr,'Raphaël Glucksmann'
https://www.frandroid.com/marques/nvidia/3247561_cest-un-canular-trump-appelle-le-patron-nvidia-en-pleine-conference-pour-balayer-les-craintes-sur-lia,https://www.frandroid.com/marques/nvidia/3247561_cest-un-canular-trump-appelle-le-patron-nvidia-en-pleine-conference-pour-balayer-les-craintes-sur-lia,0,www.frandroid.com,« C’est un canular » : Donald Trump appelle le patron de Nvidia en pleine conférence pour balayer les craintes sur l’IA,"Nvidia peut compter sur un soutien politique de taille. En pleine intervention lors du dernier All-In Summit, Jensen Huang, dirigeant du groupe, a reçu ce lundi 14 septembre un appel en direct du président Donald Trump. Les deux hommes sont résolus à ne pas l…","https://img.frandroid.com/images.frandroid.com/wp-content/uploads/2026/03/25-years-after-geforce-3-with-jensen-huang-4-28-screenshot.jpg?resize=1600,900&key=2bd8a638",2026-09-15T09:05:05Z,,"Nvidia peut compter sur un soutien politique de taille. En pleine intervention lors du dernier All-In Summit, Jensen Huang, dirigeant du groupe, a reçu ce lundi 14 septembre un appel en direct du pré… [+5055 chars]",,fr,'Donald Trump'
https://www.bfmtv.com/politique/elections/presidentielle/faites-vous-discrets-et-respectez-nous-segolene-royal-appelle-ceux-qui-ne-participent-pas-a-la-primaire-socialiste-a-se-taire_AN-202609150397.html,https://www.bfmtv.com/politique/elections/presidentielle/faites-vous-discrets-et-respectez-nous-segolene-royal-appelle-ceux-qui-ne-participent-pas-a-la-primaire-socialiste-a-se-taire_AN-202609150397.html,0,www.bfmtv.com,"""Faites-vous discrets et respectez nous"": Ségolène Royal appelle ""ceux qui ne participent pas à la primaire"" socialiste à ""se taire""","La candidate à la présidentielle via la primaire du Parti socialiste-Place publique s'est adressée directement aux autres candidats de gauche, ou qui songent à l'être, les appelant à être ""discrets"" et de se taire en attendant le résultat du scrutin.",https://io-fsly-bfmtv.cdn.nextradiotv.com/kcxVcooAbyZC9uk8gOTmCaEcC20=/0x106:2048x1258/2048x0/images/Segolene-Royal-a-Blois-aux-universites-d-ete-du-Parti-socialiste-PS-le-28-aout-2026-2348286.jpg,2026-09-15T09:33:46Z,,"La candidate à la présidentielle via la primaire du Parti socialiste-Place publique s'est adressée directement aux autres candidats de gauche, ou qui songent à l'être, les appelant à être ""discrets"" … [+3526 chars]",,fr,'Ségolène Royal'
https://www.20minutes.fr/monde/russie/4245482-20260915-russie-umar-kremlev-russe-regle-note-mariage-fils-aine-donald-trump,https://www.20minutes.fr/monde/russie/4245482-20260915-russie-umar-kremlev-russe-regle-note-mariage-fils-aine-donald-trump,0,www.20minutes.fr,"Russie : Qui est Umar Kremlev, le Russe qui a réglé la note de mariage du fils aîné de Donald Trump ?","Donald Trump Jr. et Bettina Trump ont confirmé que leurs festivités de mariage avaient été financées par Umar Kremlev. Mais qui est cet homme d’affaires russe, proche de Vladimir Poutine ?",https://img.20mn.fr/NB7o82ZqTnK2pXKK7amwMCk/1444x920_russie-moscou-22-avril-2026-le-president-de-l-association-internationale-de-boxe-iba-umar-kremlev-avant-une-rencontre-entre-le-president-russe-poutine-et-des-athletes-et-des-representants-de-la-federation-russe-de-boxe-au-kremlin-image-de-credit-artyom-geodakyan-tass-via-zuma-press-20260422-zaa-t113-798-zeus-2604231226tm,2026-09-15T10:25:04Z,http://web.archive.org/web/20260915143236/https://www.20minutes.fr/monde/russie/4245482-20260915-russie-umar-kremlev-russe-regle-note-mariage-fils-aine-donald-trump,"Un mariage, deux soirées de fête et plusieurs centaines de milliers de dollars déboursés Lundi, Donald Trump Jr. et Bettina Trump ont confirmé que leurs festivités post-mariage avaient été financées … [+4059 chars]",,fr,'nan nan'
https://www.dhnet.be/medias/television/2026/09/15/je-ne-suis-pas-du-tout-sa-coach-lea-salame-reagit-sur-son-role-dans-la-campagne-electorale-de-raphael-glucksmann-video-PPSJYIORNZAB3KQGWFEN7QHADM/,https://www.dhnet.be/medias/television/2026/09/15/je-ne-suis-pas-du-tout-sa-coach-lea-salame-reagit-sur-son-role-dans-la-campagne-electorale-de-raphael-glucksmann-video-PPSJYIORNZAB3KQGWFEN7QHADM/,0,www.dhnet.be,”Je ne suis pas du tout sa coach” : Léa Salamé réagit sur son rôle dans la campagne électorale de Raphaël Glucksmann (VIDÉO),La journaliste et compagne de Raphaël Glucksmann est revenue dans l’émission Quotidien sur son rôle dans la campagne électorale. ...,https://www.dhnet.be/resizer/v2/LFPUDNNSE5DHZKW2EG63UOEYP4.jpg?auth=f690e2443f8c5a1ed31e8be8074733e6821f33e2375f6c07a1de20e25e10b767&width=1200&height=630&quality=85&focal=442%2C250,2026-09-15T12:43:42Z,,"""Dans un couple, il faut des compromis"" : Léa Salamé se confie sur son départ du JT et la candidature de Raphaël Glucksmann""Non je ne décortique pas tous les soirs toutes les images de campagne avec … [+862 chars]",,fr,'Raphaël Glucksmann'
https://theconversation.com/alliance-ou-rupture-avec-melenchon-lequation-insoluble-de-la-gauche-291854,https://theconversation.com/alliance-ou-rupture-avec-melenchon-lequation-insoluble-de-la-gauche-291854,0,theconversation.com,Alliance ou rupture avec Mélenchon : l’équation insoluble de la gauche,"La gauche ne peut pas accéder au second tour de la présidentielle sans les électeurs insoumis, mais Jean-Luc Mélenchon est donné très loin derrière Marine Le Pen en cas de duel, dans les sondages. Quelle stratégie adopter pour le PS, Les Écologistes ou le PCF…",https://images.theconversation.com/files/759645/original/file-20260914-50-h2w5oe.jpg?ixlib=rb-4.1.1&rect=0%2C500%2C6000%2C3000&q=45&auto=format&w=1356&h=668&fit=crop,2026-09-15T15:40:33Z,http://web.archive.org/web/20260915234816/https://theconversation.com/alliance-ou-rupture-avec-melenchon-lequation-insoluble-de-la-gauche-291854,"L’ESSENTIEL

<ul>
<li>La gauche a besoin des électeurs insoumis pour se qualifier au second tour de la présidentielle. En même temps, Jean-Luc Mélenchon serait le plus mal placé pour affronter Marine… [+8957 chars]",,fr,'Boris Vallaud'
https://www.lexpress.fr/economie/politique-economique/dette-francaise-le-scenario-noir-dune-tempete-financiere-raconte-de-linterieur-7VRG4SWBDVEKTBWB45BRMXPOT4/,https://www.lexpress.fr/economie/politique-economique/dette-francaise-le-scenario-noir-dune-tempete-financiere-raconte-de-linterieur-7VRG4SWBDVEKTBWB45BRMXPOT4/,0,www.lexpress.fr,Dette française : le scénario noir d’une tempête financière raconté de l'intérieur,"Pour matérialiser la menace qui plane sur le pays, L’Express a interrogé une trentaine d’économistes, banquiers, hauts fonctionnaires et acteurs des marchés pour écrire le scénario d’une France rattrapée par l'envolée des taux. Un récit fictif… pas si chiméri…",https://www.lexpress.fr/resizer/v2/ME2OYHVXB5AX7ADOL4T5YWYULY.jpg?auth=893f7311f7986220b7ec4c1cb588780fb507e94d811090d5ac83224336e3b452&width=1200&height=630&quality=85&smart=true,2026-09-15T16:00:00Z,,"Le décor ? L'Assemblée nationale et un hémicycle plein à craquer ce mardi 13 octobre 2026. La veille, les débats sur le projet de loi de finances pour 2027 ont débuté, laissant à Sébastien Lecornu un… [+1359 chars]",,fr,'Boris Vallaud'
https://www.lalibre.be/international/2026/09/15/en-france-sept-candidats-et-beaucoup-dabsents-a-la-primaire-de-gauche-pour-la-presidentielle-il-leur-faudra-aussi-gerer-le-cas-francois-hollande-4KCNNEZPPFHONOIK4XQ33KV2I4/,https://www.lalibre.be/international/2026/09/15/en-france-sept-candidats-et-beaucoup-dabsents-a-la-primaire-de-gauche-pour-la-presidentielle-il-leur-faudra-aussi-gerer-le-cas-francois-hollande-4KCNNEZPPFHONOIK4XQ33KV2I4/,0,www.lalibre.be,"En France, sept candidats et beaucoup d’absents à la primaire de gauche pour la présidentielle : “Il leur faudra aussi gérer le cas François Hollande”",Sept candidats espèrent porter les couleurs de la gauche sociale-démocrate lors de la prochaine présidentielle. Une primaire censée créer une dynamique. Mais la longue liste de ceux qui ont choisi de rester à l’écart en limite déjà la portée. ...,https://www.lalibre.be/resizer/v2/AX2GE3FLVBDMNJ3JDCOX6GMWHE.jpg?auth=59ab0eb782ff16a3e9786c7b8945d593bbb6e480de67441613ac40683bce63de&width=1200&height=630&quality=85&focal=3000%2C2000,2026-09-15T16:52:46Z,http://web.archive.org/web/20260916000547/https://www.lalibre.be/international/2026/09/15/en-france-sept-candidats-et-beaucoup-dabsents-a-la-primaire-de-gauche-pour-la-presidentielle-il-leur-faudra-aussi-gerer-le-cas-francois-hollande-4KCNNEZPPFHONOIK4XQ33KV2I4/,"""Nous sommes le seul rempart face à l'extrême"" : le RN et LFI rêvent d'un face-à-face pour l'Élysée en 2027Deux favoris
Sept candidats sont sur les rangs (ils avaient jusqu'au 15 septembre pour se d… [+3909 chars]",,fr,'François Hollande'
https://www.lalibre.be/international/europe/2026/09/15/les-eurodeputes-attendent-tout-et-son-contraire-du-discours-sur-letat-de-lunion-dursula-von-der-leyen-qui-doit-marquer-une-prise-de-conscience-RGHV6SCN6RDL5ECKRCMSGEPZEA/,https://www.lalibre.be/international/europe/2026/09/15/les-eurodeputes-attendent-tout-et-son-contraire-du-discours-sur-letat-de-lunion-dursula-von-der-leyen-qui-doit-marquer-une-prise-de-conscience-RGHV6SCN6RDL5ECKRCMSGEPZEA/,0,www.lalibre.be,"Les eurodéputés attendent tout et son contraire du discours sur l’état de l’Union d’Ursula von der Leyen, qui doit marquer “une prise de conscience”","La présidente de la Commission doit convaincre, à gauche et à droite, que le cap fixé est le bon et qu’il sera tenu. ...",https://www.lalibre.be/resizer/v2/36KO2MC2LZHIPIZKVMAH7P6GDU.jpg?auth=1b3e50e3ff21ec810b5097131a2d4a1fc36472997d482244c93deace20716a13&width=1200&height=630&quality=85&focal=3000%2C2000,2026-09-15T17:33:56Z,,"Les Européens doutent de la capacité de l'Union à prendre son futur en main : ""L'hypocrisie de l'Europe, c'est aussi sa faiblesse""Contexte défavorable
Longue est en effet la liste des sérieux problè… [+5896 chars]",,fr,'Raphaël Glucksmann'
https://www.mediapart.fr/journal/international/150926/le-cadeau-de-mariage-d-un-oligarque-russe-au-fils-trump-vire-au-probleme-de-securite-nationale,https://www.mediapart.fr/journal/international/150926/le-cadeau-de-mariage-d-un-oligarque-russe-au-fils-trump-vire-au-probleme-de-securite-nationale,0,www.mediapart.fr,Le «cadeau de mariage» d’un oligarque russe au fils Trump vire au problème de sécurité nationale,"Umar Kremlev, un homme d’affaires qui a fait fortune dans le giron du Kremlin, a déboursé des centaines de milliers de dollars pour financer les noces de Donald Trump Junior et Bettina Anderson, en mai, aux Bahamas. Le marié y voit une preuve d’amitié ; le re…",https://static.mediapart.fr/etmagine/og/journal/files/2026/09/15/260915-img-le-cadeau-de-mariage-d-un-oligarque-russe-au-fils-trump-vire-au-probleme-de-securite-nationale.jpg,2026-09-15T17:56:24Z,http://web.archive.org/web/20260916094145/https://www.mediapart.fr/journal/international/150926/le-cadeau-de-mariage-d-un-oligarque-russe-au-fils-trump-vire-au-probleme-de-securite-nationale,"Les cookies et technologies similaires que nous utilisons sur Mediapart sont de différentes natures et nous permettent de poursuivre différentes finalités. 
Certains sont nécessaires au fonctionneme… [+3291 chars]",,fr,'Donald Trump'
https://www.huffingtonpost.fr/international/article/les-enfants-de-harry-et-meghan-ont-deja-change-d-ecole-deux-jours-apres-la-rentree-en-angleterre_325052.html,https://www.huffingtonpost.fr/international/article/les-enfants-de-harry-et-meghan-ont-deja-change-d-ecole-deux-jours-apres-la-rentree-en-angleterre_325052.html,0,www.huffingtonpost.fr,"Les enfants de Harry et Meghan ont déjà changé d’école, deux jours après la rentrée en Angleterre","Pour leur retour au Royaume-Uni, le prince et son épouse se seraient installés dans les Cotswolds, région bucolique du centre de l’Angleterre prisée des célébrités.",https://focus.huffingtonpost.fr/2026/09/15/773/0/7886/4435/1820/1023/75/0/281ca0f_upload-1-nj9sef6ohdr3-afp-20260216-aa-16022026-2653745-v1-highres-nbaallstar2026celebrities.jpg,2026-09-15T18:11:03Z,,"Ils viennent tout juste de se réinstaller en Angleterre mais font déjà parler deux. Le prince Harry et son épouse Meghan ont changé leurs enfants décole pour des raisons de sécurité, quelques jours s… [+2057 chars]",,fr,'Charles III'
https://www.ledauphine.com/elections/2026/09/15/primaire-socialiste-quatre-candidats-assurent-avoir-les-parrainages-ils-sont-six-sur-la-ligne-de-depart,https://www.ledauphine.com/elections/2026/09/15/primaire-socialiste-quatre-candidats-assurent-avoir-les-parrainages-ils-sont-six-sur-la-ligne-de-depart,0,www.ledauphine.com,Présidentielle 2027. Primaire de la gauche : quatre candidats assurent avoir les parrainages pour y participer,"Olivier Faure, Jérôme Guedj, Ségolène Royal et Philippe Brun rejoigneraient ainsi Raphaël Glucksmann et Emmanuel Maurel pour participer à la primaire de la gauche prévue les 9-10 et 16-17 octobre.",https://cdn-s-www.ledauphine.com/images/90DDFF34-72D5-4A60-A5B7-973F81C03BDA/FB1200/photo-1789497070.jpg,2026-09-15T18:31:00Z,,"Quatre socialistes affirment avoir obtenu les parrainages nécessaires pour participer à la primaire de la gauche, prévue les 9-10 et 16-17 octobre, ce qui porterait à six le nombre de concurrents, av… [+2506 chars]",,fr,'Olivier Faure'
https://www.franceinfo.fr/politique/ps/primaire-a-gauche/apres-olivier-faure-et-segolene-royal-les-deputes-jerome-guedj-et-philippe-brun-affirment-pouvoir-participer-a-la-primaire-socialiste_8194187.html,https://www.franceinfo.fr/politique/ps/primaire-a-gauche/apres-olivier-faure-et-segolene-royal-les-deputes-jerome-guedj-et-philippe-brun-affirment-pouvoir-participer-a-la-primaire-socialiste_8194187.html,0,www.franceinfo.fr,"Après Olivier Faure et Ségolène Royal, les députés Jérôme Guedj et Philippe Brun affirment pouvoir participer à la primaire socialiste","Si les parrainages sont validés par la commission d'organisation de la primaire mercredi, les quatre candidats socialistes rejoindront sur la liste de départ Raphaël Glucksmann et Emmanuel Maurel.",https://www.franceinfo.fr/pictures/oOYUcU-LftHDfD5tjz_Z6NbcsLY/0x39:7200x4089/1500x843/2026/09/15/6aa98f3b0c2b0973336876.jpg,2026-09-15T18:34:45Z,,"Les députés Philippe Brun et Jérôme Guedj ont déclaré, mardi 15 septembre, avoir obtenu leurs parrainages nécessaires pour participer à la primaire PS-Place publique prévue les 9-10 et 16-17 octobre.… [+1390 chars]",,fr,'Raphaël Glucksmann'
https://www.franceinfo.fr/politique/agressions-russes-contre-l-europe-le-ministre-jean-noel-barrot-denonce-des-actes-irresponsables-et-une-agressivite-qui-s-accelere_8194340.html,https://www.franceinfo.fr/politique/agressions-russes-contre-l-europe-le-ministre-jean-noel-barrot-denonce-des-actes-irresponsables-et-une-agressivite-qui-s-accelere_8194340.html,0,www.franceinfo.fr,"Agressions russes contre l'Europe : le ministre Jean-Noël Barrot dénonce des ""actes irresponsables"" et une agressivité ""qui s'accélère""","À l'heure où les tensions et les provocations de la Russie se multiplient, quelle réponse la France peut-elle apporter ? Pour en parler, Jean-Noël Barrot, le ministre de l'Europe et des Affaires étrangères, est l'invité du ""20 Heures"", mardi 15 septembre.",https://www.franceinfo.fr/pictures/Epbt70-24Dmm7C8ZYgKYwGHqCqg/0x0:1226x690/1500x843/2026/09/15/6aa9aa85a46c2925818151.jpg,2026-09-15T20:29:42Z,http://web.archive.org/web/20260915232234/https://www.franceinfo.fr/politique/agressions-russes-contre-l-europe-le-ministre-jean-noel-barrot-denonce-des-actes-irresponsables-et-une-agressivite-qui-s-accelere_8194340.html,"À l'heure où les tensions et les provocations de la Russie se multiplient, quelle réponse la France peut-elle apporter ? Pour en parler, Jean-Noël Barrot, le ministre de l'Europe et des Affaires étra… [+4112 chars]",,fr,'Noël Barrot'
https://www.bfmtv.com/politique/elections/presidentielle/quels-candidats-pour-la-primaire-de-la-gauche-olivier-faure-jerome-guedj-segolene-royal-et-philippe-brun-affirment-avoir-les-parrainages-necessaires_AD-202609160109.html,https://www.bfmtv.com/politique/elections/presidentielle/quels-candidats-pour-la-primaire-de-la-gauche-olivier-faure-jerome-guedj-segolene-royal-et-philippe-brun-affirment-avoir-les-parrainages-necessaires_AD-202609160109.html,0,www.bfmtv.com,"Quels candidats pour la primaire de la gauche? Olivier Faure, Jérôme Guedj, Ségolène Royal et Philippe Brun affirment avoir les parrainages nécessaires","Le patron du PS Olivier Faure, l'ex-candidate à la présidentielle Ségolène Royal, le député Philippe Brun et le député Jérôme Guedj ont été les derniers, ce mardi 15 septembre dans la soirée, à indiquer avoir leurs parrainages pour la primaire PS-Place publiq…",https://io-fsly-bfmtv.cdn.nextradiotv.com/ynKB3Tx1YPmgUtdpqZuOTjuOLuU=/0x0:1920x1080/1920x0/images/Olivier-Faure-Emmanuel-Maurel-Segolene-Royal-Jerome-Guedj-Philippe-Brun-et-Raphael-Glucksmann-les-six-candidats-a-la-primaire-socialiste-image-d-illustration-2348733.jpg,2026-09-16T04:50:32Z,http://web.archive.org/web/20260916053021/https://www.bfmtv.com/politique/elections/presidentielle/quels-candidats-pour-la-primaire-de-la-gauche-olivier-faure-jerome-guedj-segolene-royal-et-philippe-brun-affirment-avoir-les-parrainages-necessaires_AD-202609160109.html,"Le patron du PS Olivier Faure, l'ex-candidate à la présidentielle Ségolène Royal, le député Philippe Brun et le député Jérôme Guedj ont été les derniers, ce mardi 15 septembre dans la soirée, à indiq… [+3034 chars]",,fr,'Olivier Faure'
https://www.nouvelobs.com/politique/20260916.OBS118283/olivier-faure-je-ne-suis-pas-un-sous-marin-insoumis.html,https://www.nouvelobs.com/politique/20260916.OBS118283/olivier-faure-je-ne-suis-pas-un-sous-marin-insoumis.html,0,www.nouvelobs.com,Olivier Faure : « Je ne suis pas un sous-marin insoumis »,"Candidat à la primaire sociale-démocrate, le Premier secrétaire du PS, qui publie « la Loi du plus juste », dévoile son projet. Et lâche ses premiers coups.",https://focus.nouvelobs.com/2026/09/15/817/0/3667/2444/1200/800/0/0/09b506b_upload-1-qdond0t6yoki-ad050-o-faure-dsc03103.jpg,2026-09-16T05:30:14Z,,"Olivier Faure, premier secrétaire du Parti socialiste, et candidat à la primaire socialiste pour la présidentielle 2027 à Paris, le 15 septembre 2026. AGNÈS DHERBEYS POUR « LE NOUVEL OBS »
Pour alle… [+540 chars]",,fr,'Olivier Faure'
https://www.huffingtonpost.fr/politique/article/les-candidats-a-la-primaire-du-parti-socialiste-sont-desormais-connus_325415.html,https://www.huffingtonpost.fr/politique/article/les-candidats-a-la-primaire-du-parti-socialiste-sont-desormais-connus_325415.html,0,www.huffingtonpost.fr,Les candidats à la primaire du Parti socialiste sont désormais connus,Le parti à la rose a officialisé ce mercredi la liste des candidats autorisés à concourir. Philippe Brun a été écarté in extremis du processus.,https://focus.huffingtonpost.fr/2026/09/16/0/0/5946/3344/1820/1023/75/0/19ba337_upload-1-nffkfot51ys3-afp-20250614-62d62h7-v2-highres-francepoliticspartiespscongress.jpg,2026-09-16T08:24:06Z,,"Lofficialisation, dans la douleur. Ce mercredi 16 septembre, les candidats à la primaire du Parti socialiste, ou plutôt de l« espace social-démocrate », ont été officiellement désignés. La compétitio… [+2395 chars]",,fr,'Ségolène Royal'
https://www.nouvelobs.com/politique/20260916.OBS118289/primaire-de-la-gauche-le-depute-philippe-brun-exclu-en-raison-d-accusations-de-violence.html,https://www.nouvelobs.com/politique/20260916.OBS118289/primaire-de-la-gauche-le-depute-philippe-brun-exclu-en-raison-d-accusations-de-violence.html,0,www.nouvelobs.com,Primaire de la gauche : le député Philippe Brun exclu « en raison d’accusations de violence »,"Le député Philippe Brun a été suspendu “en raison d’accusations de violence”, a fait savoir un responsable PS ce mercredi. Le socialiste affirme ignorer ce qui lui est “reproché”.",https://focus.nouvelobs.com/2026/09/08/0/0/5930/3953/1200/800/0/0/88a4f29_upload-1-qij38gqrpqo5-000-b4mq2r8.jpg,2026-09-16T08:30:52Z,,"Le député socialiste Philippe Brun à lAssemblée nationale, le 1er juin 2026  LUDOVIC MARIN/AFP
Ils ne seront finalement que cinq candidats à la primaire de la gauche, malgré les six dossiers déposés… [+1588 chars]",,fr,'Ségolène Royal'
https://www.bfmtv.com/politique/parti-socialiste/le-depute-philippe-brun-suspendu-du-parti-socialiste-apres-des-accusations-de-violences-et-ecarte-de-la-primaire-de-la-gauche_AN-202609160361.html,https://www.bfmtv.com/politique/parti-socialiste/le-depute-philippe-brun-suspendu-du-parti-socialiste-apres-des-accusations-de-violences-et-ecarte-de-la-primaire-de-la-gauche_AN-202609160361.html,0,www.bfmtv.com,"Le député Philippe Brun suspendu du Parti socialiste après des ""accusations de violences"" et écarté de la primaire de la gauche","Alors qu'il avait déclaré être candidat à la primaire à gauche, le socialiste Philippe Brun a été suspendu du Parti socialiste, a déclaré la commission d'organisation de la primaire ce mercredi 16 septembre. Cette suspension a été actée ""en raison d'accusatio…",https://io-fsly-bfmtv.cdn.nextradiotv.com/lFxBLJK7lX3lNDWoOkqi0fqUTyU=/0x106:2048x1258/2048x0/images/Philippe-Brun-2348214.jpg,2026-09-16T08:31:49Z,,"Alors qu'il avait déclaré être candidat à la primaire à gauche, le socialiste Philippe Brun a été suspendu du Parti socialiste, a déclaré la commission d'organisation de la primaire ce mercredi 16 se… [+2511 chars]",,fr,'Philippe Brun'
https://www.huffingtonpost.fr/politique/article/philippe-brun-exclu-de-la-primaire-du-parti-socialiste-apres-des-accusations-de-violences_325550.html,https://www.huffingtonpost.fr/politique/article/philippe-brun-exclu-de-la-primaire-du-parti-socialiste-apres-des-accusations-de-violences_325550.html,0,www.huffingtonpost.fr,Philippe Brun exclu de la primaire du Parti socialiste après des accusations de violences,"Accusé de « faits graves susceptibles de relever du pénal », le député de l’Eure est également suspendu du PS.",https://focus.huffingtonpost.fr/2026/09/16/62/0/5184/2916/1820/1023/75/0/311d3f2_upload-1-tzfvi09p2gp6-afp-20260827-hl-bohier-3265028-v1-highres-francepoliticseconomylabourref2026med.jpg,2026-09-16T08:36:01Z,,"Une réunion interne au PS a été convoquée dans lurgence ce mercredi 16 septembre. Au moment de révéler la liste officielle des candidats à la primaire du Parti socialiste et de Place publique, il man… [+741 chars]",,fr,'Philippe Brun'
https://www.franceinfo.fr/elections/presidentielle/cinq-candidats-participeront-a-la-primaire-de-la-gauche-pour-la-presidentielle-le-depute-philippe-brun-exclu-apres-des-accusations-de-violences_8194955.html,https://www.franceinfo.fr/elections/presidentielle/cinq-candidats-participeront-a-la-primaire-de-la-gauche-pour-la-presidentielle-le-depute-philippe-brun-exclu-apres-des-accusations-de-violences_8194955.html,0,www.franceinfo.fr,"Cinq candidats participeront à la primaire à gauche pour la présidentielle, le député Philippe Brun exclu après des accusations de violences","Olivier Faure, Raphaël Glucksmann, Jérôme Guedj, Emmanuel Maurel et Ségolène Royal seront départagés les 9-10 et 16-17 octobre.",https://www.franceinfo.fr/pictures/ZILKxZ9D5puxxISd0X5KOUU_QkI/0x0:1024x576/1500x843/2026/09/16/6aaa54e66240d467743313.jpg,2026-09-16T08:38:59Z,http://web.archive.org/web/20260917063754/https://www.franceinfo.fr/elections/presidentielle/cinq-candidats-participeront-a-la-primaire-de-la-gauche-pour-la-presidentielle-le-depute-philippe-brun-exclu-apres-des-accusations-de-violences_8194955.html,"Ils seront finalement cinq sur la ligne de départ. Olivier Faure, Raphaël Glucksmann, Jérôme Guedj, Emmanuel Maurel et Ségolène Royal participeront à la primaire de la gauche pour la présidentielle 2… [+1456 chars]",,fr,'Raphaël Glucksmann'
https://www.ledauphine.com/politique/2026/09/16/accusations-de-violence-le-depute-philippe-brun-suspendu-du-ps,https://www.ledauphine.com/politique/2026/09/16/accusations-de-violence-le-depute-philippe-brun-suspendu-du-ps,0,www.ledauphine.com,Politique. « Accusations de violence » : le député Philippe Brun suspendu du PS,"De son côté, le député dit avoir appris sa suspension ce mercredi avec « stupeur » et ignorer ce qui lui est « reproché ».",https://cdn-s-www.ledauphine.com/images/7148A1DB-F916-4A37-A6CD-FCF554F3462B/FB1200/photo-1789548631.jpg,2026-09-16T08:51:00Z,,"Le député Philippe Brun a été suspendu du Parti socialiste (PS) « en raison d'accusations de violence », a annoncé un responsable ce mercredi, et son nom ne figure pas parmi la liste des cinq candida… [+1243 chars]",,fr,'Ségolène Royal'
https://www.franceinfo.fr/elections/presidentielle/le-depute-socialiste-philippe-brun-exclu-de-la-primaire-de-la-gauche-apres-des-accusations-de-violence-l-interesse-evoque-sa-stupeur_8195156.html,https://www.franceinfo.fr/elections/presidentielle/le-depute-socialiste-philippe-brun-exclu-de-la-primaire-de-la-gauche-apres-des-accusations-de-violence-l-interesse-evoque-sa-stupeur_8195156.html,0,www.franceinfo.fr,"Le député Philippe Brun exclu de la primaire du PS et de ses alliés après des accusations de ""violence"", l'intéressé évoque sa ""stupeur""","Le député de l'Eure a par ailleurs été ""suspendu à titre conservatoire"" du parti à la rose. ""J'ignore ce qui m'est reproché"", a-t-il réagi.",https://www.franceinfo.fr/pictures/X0ePVQqrpneIx25jEtejNA14W84/0x106:1024x682/1500x843/2026/09/16/6aaa5bcdbe4a7529055243.jpg,2026-09-16T09:11:20Z,http://web.archive.org/web/20260917042939/https://www.franceinfo.fr/elections/presidentielle/le-depute-socialiste-philippe-brun-exclu-de-la-primaire-de-la-gauche-apres-des-accusations-de-violence-l-interesse-evoque-sa-stupeur_8195156.html,"Il ne sera pas le candidat de la gauche social-démocrate pour la présidentielle 2027. Le député socialiste de l'Eure Philippe Brun a été ""suspendu à titre conservatoire"" du Parti socialiste à la suit… [+1282 chars]",,fr,'Philippe Brun'
https://www.bfmtv.com/politique/parti-socialiste/raphael-glucksmann-olivier-faure-segolene-royal-mais-pas-philippe-brun-qui-sont-les-candidats-de-la-primaire-a-gauche_AN-202609160398.html,https://www.bfmtv.com/politique/parti-socialiste/raphael-glucksmann-olivier-faure-segolene-royal-mais-pas-philippe-brun-qui-sont-les-candidats-de-la-primaire-a-gauche_AN-202609160398.html,0,www.bfmtv.com,"Raphaël Glucksmann, Olivier Faure, Ségolène Royal, mais pas Philippe Brun: qui sont les candidats de la primaire à gauche?","À moins d'un mois de la primaire organisée par le Parti socialiste et Place publique, cinq candidats remplissent les conditions pour y participer. Surprise de dernière minute: le député PS Philippe Brun ne pourra finalement pas concourir, suspendu par son mou…",https://io-fsly-bfmtv.cdn.nextradiotv.com/ynKB3Tx1YPmgUtdpqZuOTjuOLuU=/0x0:1920x1080/1920x0/images/Olivier-Faure-Emmanuel-Maurel-Segolene-Royal-Jerome-Guedj-Philippe-Brun-et-Raphael-Glucksmann-les-six-candidats-a-la-primaire-socialiste-image-d-illustration-2348733.jpg,2026-09-16T09:19:24Z,http://web.archive.org/web/20260917101018/https://www.bfmtv.com/politique/parti-socialiste/raphael-glucksmann-olivier-faure-segolene-royal-mais-pas-philippe-brun-qui-sont-les-candidats-de-la-primaire-a-gauche_AN-202609160398.html,"À moins d'un mois de la primaire organisée par le Parti socialiste et Place publique, cinq candidats remplissent les conditions pour y participer. Surprise de dernière minute: le député PS Philippe B… [+5218 chars]",,fr,'Olivier Faure'
https://www.20minutes.fr/politique/4245788-20260916-presidentielle-2027-cinq-candidats-primaire-ps-desormais-connus-philippe-brun-ecarte,https://www.20minutes.fr/politique/4245788-20260916-presidentielle-2027-cinq-candidats-primaire-ps-desormais-connus-philippe-brun-ecarte,0,www.20minutes.fr,"Présidentielle 2027 : Les cinq candidats à la primaire du PS sont désormais connus, Philippe Brun écarté","Le député socialiste a été accusé de « violence », il affirme ne pas savoir ce qui lui est reproché",https://img.20mn.fr/TRBWtfLGS5CPw4zCbqjllik/1444x920_philippe-brun-depute-du-groupe-socialistes-et-apparentes-et-candidat-a-la-primaire-du-parti-socialiste-pour-la-presidentielle-2027-seance-hebdomadaire-des-questions-au-gouvernement-avec-les-ministres-et-les-deputes-le-15-juillet-2026-a-l-assemblee-nationale-a-paris-paris-france-16-juillet-2026-philippe-brun-depute-du-groupe-socialistes-et-apparentes-et-candidat-a-la-primaire-du-parti-socialiste-pour-les-elections-presidentielles-francaises-de-2027-session-hebdomadaire-des-questions-du-gouvernement-avec-les-ministres-et-les-deputes-le-15-juillet-2026-a-l-assemblee-nationale-paris-france-16-07-2026-harsin-qagassembleenationale039-credit-isa-harsin-sipa-2607161158,2026-09-16T09:28:31Z,http://web.archive.org/web/20260916205703/https://www.20minutes.fr/politique/4245788-20260916-presidentielle-2027-cinq-candidats-primaire-ps-desormais-connus-philippe-brun-ecarte,"Philippe Brun a réagi avec « stupeur ». Le député a été suspendu du Parti socialiste « en raison daccusations de violence », a annoncé un responsable ce mercredi. En parallèle, son nom ne figure pas … [+1935 chars]",,fr,'Philippe Brun'
https://www.20minutes.fr/politique/4245886-20260916-presidentielle-2027-pourquoi-depute-philippe-brun-ecarte-ps-primaire,https://www.20minutes.fr/politique/4245886-20260916-presidentielle-2027-pourquoi-depute-philippe-brun-ecarte-ps-primaire,0,www.20minutes.fr,Présidentielle 2027 : Pourquoi le député Philippe Brun a-t-il été écarté par le PS de la primaire ?,"Avant la tenue de la primaire de l’espace social-démocrate pour la présidentielle, le Parti socialiste a suspendu à titre conservatoire le député Philippe Brun, visé par des accusations de harcèlement et de violences physiques",https://img.20mn.fr/iUiVrjtsQk-GaoPUy5aOgCk/1444x920_philippe-brun-derniere-rencontre-du-maire-de-rouen-nicolas-mayer-rossignol-et-candidat-au-poste-de-premier-secretaire-du-parti-socialiste-face-a-olivier-faure-a-4-jours-du-premier-tour-du-congres-du-parti-socialiste-en-presence-de-la-maire-de-vaulx-en-velin-helene-geoffroy-les-deputes-philippe-brun-et-jerome-guedj-la-presidente-d-occitanie-carole-delga-le-maire-de-saint-ouen-karim-bouamrane-et-le-senateur-patrick-kanner-au-gymnase-la-bidassoa-a-paris-le-24-mai-2025-paris-france-25-mai-2025-philippe-brun-derniere-rencontre-du-maire-de-rouen-nicolas-mayer-rossignol-et-candidat-au-poste-de-premier-secretaire-du-parti-socialiste-face-a-olivier-faure-a-4-jours-du-premier-tour-du-congres-du-parti-socialiste-en-presence-de-la-maire-de-vaulx-en-velin-helene-geoffroy-des-deputes-philippe-brun-et-jerome-guedj-de-la-presidente-d-occitanie-carole-delga-du-maire-de-saint-ouen-karim-bouamrane-et-le-senateur-patrick-kanner-au-gymnase-la-bidassoa-a-paris-le-24-mai-2025-paris-france-25-05-2025-04-harsin-meeting-nmayer-rossignol-candidat-ps058-credit-isa-harsin-sipa-2505251057,2026-09-16T12:47:29Z,,"Coup de tonnerre au lancement de la primaire de la gauche démocratique et sociale. Alors que le processus de départage pour lélection présidentielle démarre ce mercredi, le député de lEure Philippe B… [+2455 chars]",,fr,'Ségolène Royal'
https://www.bfmtv.com/politique/elections/presidentielle/ce-que-l-on-sait-des-accusations-de-violence-qui-visent-le-depute-ps-philippe-brun-ecarte-de-la-primaire-socialiste_AD-202609160537.html,https://www.bfmtv.com/politique/elections/presidentielle/ce-que-l-on-sait-des-accusations-de-violence-qui-visent-le-depute-ps-philippe-brun-ecarte-de-la-primaire-socialiste_AD-202609160537.html,0,www.bfmtv.com,"Ce que l'on sait des ""accusations de violence"" qui visent le député PS Philippe Brun, écarté de la primaire socialiste","Le député Philippe Brun a été écarté ce mercredi 16 septembre de la primaire de l'espace social-démocrate pour la présidentielle après sa suspension par le Parti socialiste pour des ""accusations de violence"".",https://io-fsly-bfmtv.cdn.nextradiotv.com/J6C__HBtWxe8yfQHggOtUWtiTA0=/0x0:1920x1080/1920x0/images/Philippe-Brun-depute-du-groupe-Socialistes-et-apparentes-lors-d-un-debat-le-premier-jour-de-La-REF-2026-au-stade-Roland-Garros-a-Paris-le-26-aout-2026-2349054.jpg,2026-09-16T12:50:05Z,http://web.archive.org/web/20260916153142/https://www.bfmtv.com/politique/elections/presidentielle/ce-que-l-on-sait-des-accusations-de-violence-qui-visent-le-depute-ps-philippe-brun-ecarte-de-la-primaire-socialiste_AD-202609160537.html,"Le député Philippe Brun a été écarté ce mercredi 16 septembre de la primaire de l'espace social-démocrate pour la présidentielle après sa suspension par le Parti socialiste pour des ""accusations de v… [+4925 chars]",,fr,'Philippe Brun'
https://www.nouvelobs.com/politique/20260916.OBS118298/qui-sont-les-cinq-candidats-a-la-primaire-de-la-gauche-apres-la-suspension-inattendue-de-philippe-brun.html,https://www.nouvelobs.com/politique/20260916.OBS118298/qui-sont-les-cinq-candidats-a-la-primaire-de-la-gauche-apres-la-suspension-inattendue-de-philippe-brun.html,0,www.nouvelobs.com,"Qui sont les cinq candidats à la primaire de la gauche, après la suspension inattendue de Philippe Brun",Le PS a suspendu Philippe Brun de la primaire de la gauche « en raison d’accusations de violence ». Cinq candidats sont donc en lice pour tenter de porter une candidature commune à la présidentielle de 2027.,https://focus.nouvelobs.com/2026/09/16/216/0/5184/3456/1200/800/0/0/ac842aa_upload-1-j6v0mmtsdpq9-080-hl-bohier-3265028.jpg,2026-09-16T13:30:06Z,,"Le député socialiste Philippe Brun, lors de luniversité dété du Medef à Roland-Garros, le 26 août 2026. BASTIEN OHIER/HANS LUCAS VIA AFP
Pour aller plus loin
 Coup de tonnerre. Ils seront finalemen… [+5279 chars]",,fr,'Philippe Brun'
https://www.20minutes.fr/politique/4245885-20260916-primaire-gauche-glucksmann-faure-royal-fiches-candidats-sauce-fortnite,https://www.20minutes.fr/politique/4245885-20260916-primaire-gauche-glucksmann-faure-royal-fiches-candidats-sauce-fortnite,0,www.20minutes.fr,"Primaire de la gauche : Glucksmann, Faure, Royal… Les fiches des candidats à la sauce « Fortnite »","Cinq candidats, trois débats et une qualification pour 2027. Pour comprendre avec quelles armes Raphaël Glucksmann, Olivier Faure, Ségolène Royal, Jérôme Guedj et Emmanuel Maurel entrent dans l’arène, on étudie leurs fiches façon Fortnite",https://img.20mn.fr/vX4NvqWKTU6pbJmGPKvcFyk/1444x920_emmanuel-maurel-segolene-royal-raphael-glucksmann-olivier-faure-et-jerome-guedj-sont-lances-dans-la-bataille,2026-09-16T15:23:17Z,http://web.archive.org/web/20260917030603/https://www.20minutes.fr/politique/4245885-20260916-primaire-gauche-glucksmann-faure-royal-fiches-candidats-sauce-fortnite,"Bienvenue dans le lobby. Dans Fortnite, cest la salle dattente où les joueurs se retrouvent avant que la partie ne commence. Celui de la primaire de la gauche démocratique et social compte ce mercred… [+7014 chars]",,fr,'Raphaël Glucksmann'
https://www.franceinfo.fr/societe/justice/exclu-du-parti-socialiste-et-de-la-primaire-pour-la-presidentielle-philippe-brun-denonce-des-fausses-accusations-de-violences-et-annonce-deposer-plainte_8194358.html,https://www.franceinfo.fr/societe/justice/exclu-du-parti-socialiste-et-de-la-primaire-pour-la-presidentielle-philippe-brun-denonce-des-fausses-accusations-de-violences-et-annonce-deposer-plainte_8194358.html,0,www.franceinfo.fr,"Exclu du Parti socialiste et de la primaire pour la présidentielle, Philippe Brun dénonce ""des fausses accusations"" de violences et annonce déposer plainte","Le député socialiste Philippe Brun dit avoir appris sa suspension avec ""stupeur"" et ignorer ce qui lui est ""reproché"".",https://www.franceinfo.fr/pictures/_1J8KhV-CR6C-cVawaoNw7F3oGE/0x0:1024x576/1500x843/2026/09/16/6aaac2eb4721a027984317.jpg,2026-09-16T16:34:32Z,http://web.archive.org/web/20260917003419/https://www.franceinfo.fr/societe/justice/exclu-du-parti-socialiste-et-de-la-primaire-pour-la-presidentielle-philippe-brun-denonce-des-fausses-accusations-de-violences-et-annonce-deposer-plainte_8194358.html,"Philippe Brun a déclaré, mercredi 16 septembre, déposer plainte lors d'une conférence de presse ""afin que la justice puisse établir les faits"". Dans la matinée, le député de l'Eure, candidat à la pri… [+954 chars]",,fr,'Philippe Brun'
https://www.ledauphine.com/politique/2026/09/16/cinq-candidats-polemique-philippe-brun-ce-qu-il-faut-savoir-sur-la-primaire-socialiste,https://www.ledauphine.com/politique/2026/09/16/cinq-candidats-polemique-philippe-brun-ce-qu-il-faut-savoir-sur-la-primaire-socialiste,0,www.ledauphine.com,"Présidentielle 2027. Cinq candidats, polémique Philippe Brun... ce qu'il faut savoir sur la primaire socialiste","Le député Philippe Brun a été suspendu du PS après des accusations de violence et ne participera pas à la primaire de la gauche lancée officiellement ce mercredi. Cinq candidats sont en lice dont le favori, Raphaël Glucksmann.",https://cdn-s-www.ledauphine.com/images/8AFAF51B-D5E3-4445-B061-8F50163A0526/FB1200/photo-1789578197.jpg,2026-09-16T17:05:00Z,,"La primaire social-démocrate est officiellement lancée, avec déjà une première surprise ! Cinq candidats et non six, comme attendu, y participeront : au dernier moment, le député de lEure Philippe Br… [+3796 chars]",,fr,'Raphaël Glucksmann'
https://www.bfmtv.com/politique/elections/presidentielle/philippe-brun-ecarte-de-la-primaire-socialiste-pour-olivier-faure-la-decision-de-suspendre-le-depute-ps-etait-la-seule-possible_AV-202609160792.html,https://www.bfmtv.com/politique/elections/presidentielle/philippe-brun-ecarte-de-la-primaire-socialiste-pour-olivier-faure-la-decision-de-suspendre-le-depute-ps-etait-la-seule-possible_AV-202609160792.html,0,www.bfmtv.com,"Philippe Brun écarté de la primaire socialiste: pour Olivier Faure, la décision de suspendre le député PS était ""la seule possible""","Dans un entretien accordé à BFMTV, Olivier Faure s'est exprimé au sujet des sanctions prononcées contre Philippe Brun, écarté de la primaire de la gauche socio-démocrate sur décision du Bureau national.",https://io-fsly-bfmtv.cdn.nextradiotv.com/JokuSkRQVmKZwAJ8bEFJZ90mk20=/0x0:1920x1080/1920x0/images/Olivier-Faure-2349262.jpg,2026-09-16T17:24:38Z,http://web.archive.org/web/20260916192712/https://www.bfmtv.com/politique/elections/presidentielle/philippe-brun-ecarte-de-la-primaire-socialiste-pour-olivier-faure-la-decision-de-suspendre-le-depute-ps-etait-la-seule-possible_AV-202609160792.html,"Dans un entretien accordé à BFMTV, Olivier Faure s'est exprimé au sujet des sanctions prononcées contre Philippe Brun, écarté de la primaire de la gauche socio-démocrate sur décision du Bureau nation… [+1944 chars]",,fr,'Olivier Faure'
https://www.nouvelobs.com/edito/20260916.OBS118313/la-gauche-doit-retrouver-le-souffle-de-la-jeunesse.html,https://www.nouvelobs.com/edito/20260916.OBS118313/la-gauche-doit-retrouver-le-souffle-de-la-jeunesse.html,0,www.nouvelobs.com,La gauche doit retrouver le souffle de la jeunesse,"A sept mois du premier tour, près d’un jeune sur deux envisage de voter Mélenchon à la présidentielle. Pour sa survie, la gauche hors LFI n’a d’autre choix que de retrouver le souffle des origines, et prouver aux moins de 30 ans qu’elle peut être radicale dan…",https://focus.nouvelobs.com/2026/09/16/0/0/1620/1080/1200/800/0/0/e8ef8ae_upload-1-7o16iwl9edhm-lno.jpg,2026-09-16T17:30:02Z,,"Pour aller plus loin
 Un candidat vieux qui séduit les jeunes (Mélenchon) ou un candidat jeune qui plaît aux vieux (Glucksmann) ? Cest, résumé en une pirouette, létonnante équation de la gauche en c… [+3990 chars]",,fr,'Zohran Mamdani'
https://www.20minutes.fr/politique/4245992-20260916-primaire-gauche-exclu-philippe-brun-evoque-conflit-instrumentalise-ps-tuer-politiquement,https://www.20minutes.fr/politique/4245992-20260916-primaire-gauche-exclu-philippe-brun-evoque-conflit-instrumentalise-ps-tuer-politiquement,0,www.20minutes.fr,"Primaire à gauche : Exclu, Philippe Brun évoque un conflit « instrumentalisé » par le PS pour le « tuer politiquement »","Suspendu du Parti socialiste et écarté de la primaire à la suite de graves accusations, Philippe Brun dénonce une exécution politique orchestrée par son parti pour lui nuire politiquement",https://img.20mn.fr/UZMH3R1KT6SoZd-1CpErNyk/1444x920_le-depute-de-socialistes-et-apparents-philippe-brun-s-exprime-lors-d-une-seance-de-questions-au-gouvernement-consacree-a-un-projet-de-loi-special-visant-a-sortir-de-l-impasse-budgetaire-suite-a-l-echec-de-la-revision-parlementaire-du-budget-de-l-etat-a-l-assemblee-nationale-a-paris-le-23-decembre-2025-a-stephane-lemouton-sipa-lemouton-stephane-251223b014-credit-stephane-lemouton-sipa-2512240231,2026-09-16T17:47:44Z,http://web.archive.org/web/20260917000611/https://www.20minutes.fr/politique/4245992-20260916-primaire-gauche-exclu-philippe-brun-evoque-conflit-instrumentalise-ps-tuer-politiquement,"Ecarté de la primaire de la gauche démocratique et sociale le jour même de lofficialisation des candidatures, le député PS Philippe Brun, 34 ans, sest défendu lors dune conférence de presse à lAssemb… [+2280 chars]",,fr,'Philippe Brun'
https://www.mediapart.fr/journal/politique/160926/philippe-brun-ecarte-de-la-primaire-socialiste-le-ps-dans-l-embarras,https://www.mediapart.fr/journal/politique/160926/philippe-brun-ecarte-de-la-primaire-socialiste-le-ps-dans-l-embarras,0,www.mediapart.fr,Philippe Brun écarté de la primaire socialiste: le PS dans l’embarras,La candidature du député de l’Eure a été retoquée in extremis après un signalement pour harcèlement et violences émanant de son ex-assistante parlementaire. « Mediapart » retrace les dessous de cette affaire peu banale.,https://static.mediapart.fr/etmagine/og/journal/files/2026/09/16/260916-img-philippe-brun.jpg,2026-09-16T19:44:53Z,http://web.archive.org/web/20260917075900/https://www.mediapart.fr/journal/politique/160926/philippe-brun-ecarte-de-la-primaire-socialiste-le-ps-dans-l-embarras,"Les cookies et technologies similaires que nous utilisons sur Mediapart sont de différentes natures et nous permettent de poursuivre différentes finalités. 
Certains sont nécessaires au fonctionneme… [+3291 chars]",,fr,'nan nan'
https://www.bfmtv.com/politique/front-national/moi-je-ne-m-interdis-rien-a-l-approche-de-l-examen-du-budget-marine-le-pen-n-exclut-pas-de-voter-une-eventuelle-motion-de-censure_AN-202609160908.html,https://www.bfmtv.com/politique/front-national/moi-je-ne-m-interdis-rien-a-l-approche-de-l-examen-du-budget-marine-le-pen-n-exclut-pas-de-voter-une-eventuelle-motion-de-censure_AN-202609160908.html,0,www.bfmtv.com,"""Moi je ne m'interdis rien"": à l'approche de l'examen du budget, Marine Le Pen n'exclut pas de voter une éventuelle motion de censure","Invitée sur LCI ce mercredi 16 septembre, Marine Le Pen a indiqué qu'elle ne ""s'interdisait rien"" concernant le budget 2027, y compris de voter une éventuelle motion de censure contre le gouvernement. Elle a d'ailleurs affirmé qu'il y avait ""de grandes chance…",https://io-fsly-bfmtv.cdn.nextradiotv.com/jUQiOaNG-RnZOb01cOC-MFOgIoY=/0x32:2032x1175/2032x0/images/La-leader-du-Rassemblement-national-Marine-Le-Pen-le-1er-juillet-2026-2313676.jpg,2026-09-16T20:54:19Z,http://web.archive.org/web/20260916231130/https://www.bfmtv.com/politique/front-national/moi-je-ne-m-interdis-rien-a-l-approche-de-l-examen-du-budget-marine-le-pen-n-exclut-pas-de-voter-une-eventuelle-motion-de-censure_AN-202609160908.html,"Invitée sur LCI ce mercredi 16 septembre, Marine Le Pen a indiqué qu'elle ne ""s'interdisait rien"" concernant le budget 2027, y compris de voter une éventuelle motion de censure contre le gouvernement… [+3732 chars]",,fr,'nan nan'
https://www.franceinfo.fr/replay-radio/l-edito-politique/le-risque-d-une-victoire-a-la-pyrrhus-pour-le-vainqueur-de-la-primaire-du-pole-sociale-democrate_8174585.html,https://www.franceinfo.fr/replay-radio/l-edito-politique/le-risque-d-une-victoire-a-la-pyrrhus-pour-le-vainqueur-de-la-primaire-du-pole-sociale-democrate_8174585.html,0,www.franceinfo.fr,Le risque d'une victoire à la Pyrrhus pour le vainqueur de la primaire du pôle sociale-démocrate,"Cinq candidats s’affronteront en octobre lors de la primaire du pôle social-démocrate, avec Raphaël Glucksmann en position de force dans les sondages. Mais entre rivalités internes et stratégies divergentes pour 2027, cette compétition pourrait surtout fragil…",https://www.franceinfo.fr/pictures/nIdN8j5VJeg-4_IHU_sIjNhaieQ/0x53:1024x629/1500x843/2026/09/17/6aab5eb08dff3574600641.jpg,2026-09-17T06:10:02Z,,"Cinq candidats saffronteront en octobre lors de la primaire du pôle social-démocrate, avec Raphaël Glucksmann en position de force dans les sondages. Mais entre rivalités internes et stratégies diver… [+2725 chars]",,fr,'Raphaël Glucksmann'
https://www.nouvelobs.com/opinions/20260917.OBS118320/marine-le-pen-n-est-pas-fasciste-mais-ce-n-est-pas-pour-ca-qu-elle-n-est-pas-dangereuse.html,https://www.nouvelobs.com/opinions/20260917.OBS118320/marine-le-pen-n-est-pas-fasciste-mais-ce-n-est-pas-pour-ca-qu-elle-n-est-pas-dangereuse.html,0,www.nouvelobs.com,Marine Le Pen n’est pas fasciste mais ce n’est pas pour ça qu’elle n’est pas dangereuse,Le contexte dans lequel l’extrême droite monte n’a pas grand-chose à voir avec celui  de l’entre-deux-guerres. Mais ce n’est pas pour cela qu’il faut minimiser les risques que ferait courir le Rassemblement national à la France et à l’Europe.,https://focus.nouvelobs.com/2026/09/16/3/0/5200/3466/1200/800/0/0/1e160b9_upload-1-3lmglp2va2cs-sipa-01281898-000004.jpg,2026-09-17T07:00:09Z,,"Face à la situation très difficile que connaît aujourdhui la gauche française, on observe une tentation croissante à la résignation. Nombreux sont celles et ceux qui commencent à se dire que lélectio… [+7230 chars]",,fr,'Marine Le Pen'
https://www.lalibre.be/economie/conjoncture/2026/09/17/le-roi-charles-iii-reunit-les-geants-de-la-tech-ce-jeudi-cest-intrigant-et-profondement-preoccupant-7Q4OBJSRLJEXPA3ENHDPTI4IS4/,https://www.lalibre.be/economie/conjoncture/2026/09/17/le-roi-charles-iii-reunit-les-geants-de-la-tech-ce-jeudi-cest-intrigant-et-profondement-preoccupant-7Q4OBJSRLJEXPA3ENHDPTI4IS4/,0,www.lalibre.be,"Le roi Charles III réunit les géants de la tech ce jeudi : ""C'est intrigant et profondément préoccupant""","Ce sommet, dont la date avait été gardée secrète jusqu'au dernier moment, se tient au domaine de Dumfries House, qui abrite le siège de la King's Foundation, dans la campagne écossaise. ...",https://www.lalibre.be/resizer/v2/NGM4L3PYRRAA3JVCZQSC6F3Q3I.jpg?auth=d0c3f8516b786aee3d3656b99b049cb34b5742f09427a734dc87c9c9dcd340da&width=1200&height=630&quality=85&focal=2707%2C1830,2026-09-17T07:08:04Z,,"""La tâche qui vous incombe ne consiste donc pas seulement à faire progresser la technologie, mais à veiller à ce qu'elle demeure fermement au service de l'humanité, des communautés et de la nature"", … [+3271 chars]",,fr,'Charles III'
https://www.franceinfo.fr/replay-radio/8h30-fauvelle-dely/exclusion-de-philippe-brun-primaire-budget-le-8h30-franceinfo-d-olivier-faure_8174597.html,https://www.franceinfo.fr/replay-radio/8h30-fauvelle-dely/exclusion-de-philippe-brun-primaire-budget-le-8h30-franceinfo-d-olivier-faure_8174597.html,0,www.franceinfo.fr,"Exclusion de Philippe Brun, primaire, budget...le ""8h30 franceinfo"" d'Olivier Faure","Olivier Faure, premier secrétaire du Parti Socialiste, candidat à la primaire PS place publique",https://www.franceinfo.fr/pictures/CbJbBcOMmeYrcp07hv1Uh1FQB94/190x0:1166x549/1500x843/2026/09/17/6aab8bf3d0c5c846598296.jpg,2026-09-17T07:10:02Z,,"Olivier Faure, premier secrétaire du Parti Socialiste, candidat à la primaire PS place publique
lire plus tard
:Fermer la fenêtre de présentation
commenter
Olivier Faure répond sur lexclusion de … [+446 chars]",,fr,'Raphaël Glucksmann'
https://www.presse-citron.net/un-acte-hostile-donald-trump-furieux-de-la-venue-du-canada-dans-lunion-europeenne-il-prepare-une-contre-attaque/,https://www.presse-citron.net/un-acte-hostile-donald-trump-furieux-de-la-venue-du-canada-dans-lunion-europeenne-il-prepare-une-contre-attaque/,0,www.presse-citron.net,"« Un acte hostile » : Donald Trump furieux de la venue du Canada dans l’Union européenne, il prépare une contre-attaque","Furieux de la main tendue par l'Union européenne au Canada, Donald Trump tape du poing sur la table et menace Bruxelles de lourdes sanctions économiques. Ambiance.",https://www.presse-citron.net/app/uploads/2025/06/trump-revenge-tax-1600x900.jpg,2026-09-17T07:30:47Z,,"Il fallait sy attendre. Le rapprochement historique entre lUnion européenne (UE) et le Canada na pas tardé à faire réagir le président des États-Unis. Depuis la Caroline du Nord, Donald Trump a laiss… [+3160 chars]",,fr,'Donald Trump'
https://www.lavenir.net/actu/monde/2026/09/17/diana-sera-oubliee-bien-assez-tot-apres-son-deces-buckingham-conteste-des-accusations-du-frere-de-la-princesse-visant-le-roi-charles-iii-ZMRSYQJ46JAOBLKH5XKYTIHZVQ/,https://www.lavenir.net/actu/monde/2026/09/17/diana-sera-oubliee-bien-assez-tot-apres-son-deces-buckingham-conteste-des-accusations-du-frere-de-la-princesse-visant-le-roi-charles-iii-ZMRSYQJ46JAOBLKH5XKYTIHZVQ/,0,www.lavenir.net,"Diana sera oubliée ""bien assez tôt"" après son décès: Buckingham conteste des accusations du frère de la princesse visant le roi Charles III","Le palais de Buckingham a vivement contesté les affirmations de Charles Spencer, frère de la princesse Diana, selon lesquelles le roi Charles III lui aurait déclaré qu'elle serait oubliée ""bien assez tôt"", quelques jours après la mort de son ex-épouse en 1997…",https://www.lavenir.net/resizer/v2/3SM5NHO4WFDZLK4T2INX23JVOM.jpg?auth=1439aaf808f4030444700ddae9a2119a4dbace176694f236d54e44b9b5b30eb1&width=1200&height=630&quality=85&focal=1000%2C587,2026-09-17T07:53:07Z,,"Selon lui, Charles se serait emporté lors d'une discussion sur la participation des princes William et Harry, alors âgés respectivement de 15 et 12 ans, au cortège funèbre derrière le cercueil de leu… [+1447 chars]",,fr,'Charles III'
https://www.journaldunet.com/business/action-publique/1554981-le-parti-socialiste-suspend-philippe-brun-et-l-ecarte-de-la-primaire-presidentielle-2027-apres-des-accusations-d-une-ex-collaboratrice/,https://www.journaldunet.com/business/action-publique/1554981-le-parti-socialiste-suspend-philippe-brun-et-l-ecarte-de-la-primaire-presidentielle-2027-apres-des-accusations-d-une-ex-collaboratrice/,0,www.journaldunet.com,Le bureau national du Parti socialiste écarte Philippe Brun de la primaire,"Le PS écarte Philippe Brun de la primaire présidentielle 2027, après des accusations graves d'une ex-collaboratrice, pour préserver le scrutin de toute polémique.",https://img-0.journaldunet.com/auP3IoVI62Dmjve9E9h2EjIFPl0=/1500x/smart/e579c30145794c58b362014bcfe375ec/ccmcms-jdn/39543847.jpg,2026-09-17T10:17:51Z,,"Le PS écarte Philippe Brun de la primaire présidentielle 2027, après des accusations graves d'une ex-collaboratrice, pour préserver le scrutin de toute polémique.
Je m'abonne aux Infos à ne pas rate… [+3438 chars]",,fr,'Philippe Brun'
https://www.bfmtv.com/politique/parti-socialiste/philippe-brun-ecarte-de-la-primaire-socialiste-comment-l-annonce-des-candidats-a-vire-au-coup-de-theatre_AN-202609170468.html,https://www.bfmtv.com/politique/parti-socialiste/philippe-brun-ecarte-de-la-primaire-socialiste-comment-l-annonce-des-candidats-a-vire-au-coup-de-theatre_AN-202609170468.html,0,www.bfmtv.com,Philippe Brun écarté de la primaire socialiste: comment l'annonce des candidats a viré au coup de théâtre,"Ce mercredi, le député socialiste a été écarté de la primaire co-organisée par son parti politique ""en raison d'accusations de violence"". En retour, il évoque un conflit ""instrumentalisé"" par le PS pour le ""tuer politiquement"".",https://io-fsly-bfmtv.cdn.nextradiotv.com/9aER-PNcZTAnNxVvlr_uYlLbOzE=/0x106:2048x1258/2048x0/images/Le-depute-socialiste-Philippe-Brun-le-16-septembre-2026-a-l-Assemblee-nationale-2349598.jpg,2026-09-17T10:52:06Z,,"Ce mercredi, le député socialiste a été écarté de la primaire co-organisée par son parti politique ""en raison d'accusations de violence"". En retour, il évoque un conflit ""instrumentalisé"" par le PS p… [+9046 chars]",,fr,'Philippe Brun'
https://www.huffingtonpost.fr/politique/article/sous-pression-macron-va-recevoir-les-partis-pour-discuter-notamment-de-la-flambee-des-prix_326314.html,https://www.huffingtonpost.fr/politique/article/sous-pression-macron-va-recevoir-les-partis-pour-discuter-notamment-de-la-flambee-des-prix_326314.html,0,www.huffingtonpost.fr,"Sous pression, Macron va recevoir les partis pour discuter (notamment) de la flambée des prix","Le président de la République reçoit les partis, ou leurs candidats à l’élection présidentielle, pour évoquer la « dégradation rapide » de la situation internationale et ses « conséquences en France ».",https://focus.huffingtonpost.fr/2026/03/06/188/0/1800/1012/1820/1023/75/0/20ea528_upload-1-dyswurvxr4qc-afp-20260228-99cr6yb-v2-midres-franceiranuspoliticsconflict-1.jpg,2026-09-17T11:03:01Z,,"Une réunion pour faire retomber la pression ? Emmanuel Macron convie les chefs des partis représentés au Parlement français, ou leur candidat à la présidentielle, pour une réunion vendredi 18 septemb… [+4081 chars]",,fr,'Raphaël Glucksmann'
https://www.20minutes.fr/monde/canada/4246155-20260917-face-critiques-donald-trump-ue-canada-defendent-rapprochement,https://www.20minutes.fr/monde/canada/4246155-20260917-face-critiques-donald-trump-ue-canada-defendent-rapprochement,0,www.20minutes.fr,"Face aux critiques de Donald Trump, l’UE et le Canada défendent leur rapprochement","La présidente de la Commission européenne Ursula von der Leyen a proposé que le Canada devienne le premier pays « membre associé » de l’UE, une initiative saluée par le Premier ministre canadien, mais moins apprécié par Donald Trump",https://img.20mn.fr/to2fm1EmSj2ar_ezDdp7jSk/1444x920_le-premier-ministre-canadien-mark-carney-a-gauche-et-la-presidente-du-parlement-europeen-roberta-metsola-posent-avant-un-discours-au-parlement-europeen-a-strasbourg-dans-l-est-de-la-france-le-jeudi-17-septembre-2026-ap-photo-pascal-bastien-ena139-26260385006650-2609171247,2026-09-17T11:23:32Z,http://web.archive.org/web/20260917120106/https://www.20minutes.fr/monde/canada/4246155-20260917-face-critiques-donald-trump-ue-canada-defendent-rapprochement,"Une Europe qui va jusquà Vancouver ? Le projet dassociation entre lUnion européenne et le Canada semble enthousiasmé les parties prenantes, mais beaucoup moins Washington. « La proposition de renforc… [+2131 chars]",,fr,'Donald Trump'
https://www.franceinfo.fr/politique/ps/primaire-socialiste/la-primaire-commence-mal-l-affaire-philippe-brun-peut-elle-polluer-le-scrutin-organise-pour-designer-le-candidat-du-ps-a-la-presidentielle_8196653.html,https://www.franceinfo.fr/politique/ps/primaire-socialiste/la-primaire-commence-mal-l-affaire-philippe-brun-peut-elle-polluer-le-scrutin-organise-pour-designer-le-candidat-du-ps-a-la-presidentielle_8196653.html,0,www.franceinfo.fr,"""La primaire commence mal"" : l'affaire Philippe Brun peut-elle polluer le scrutin organisé pour désigner le candidat du PS à la présidentielle ?","Invité de franceinfo, le premier secrétaire du parti et candidat à la primaire, Olivier Faure, a déclaré que ""le PS aurait pu se passer de cette affaire"", dans laquelle le député Philippe Brun est accusé de violence par une ancienne collaboratrice. Les autres…",https://www.franceinfo.fr/pictures/3KWnWc7rOQsGbndw-UZma-G_rLI/0x153:6050x3556/1500x843/2026/09/17/6aabb10b818ac068651087.jpg,2026-09-17T11:24:58Z,,"La primaire socialiste aurait pu rêver meilleure rampe de lancement. L'affaire Philippe Brun, évincé du scrutin, mercredi 16 septembre, en raison des accusations de violence portées par une ancienne … [+3685 chars]",,fr,'Olivier Faure'
https://www.20minutes.fr/arts-stars/people/4246163-20260917-lea-salame-cyril-feraud-lachent-concert-celine-dion-plenitude-arena,https://www.20minutes.fr/arts-stars/people/4246163-20260917-lea-salame-cyril-feraud-lachent-concert-celine-dion-plenitude-arena,0,www.20minutes.fr,Léa Salamé et Cyril Féraud se lâchent au concert de Céline Dion à la Plénitude Arena,La diva compte de nombreuses stars parmi ses fans,https://img.20mn.fr/id0LAXBsSIOxf4xWsWhmCCk/1444x920_lea-salame-journaliste-et-cyril-feraud-animateur-de-television,2026-09-17T11:57:34Z,,"Michelle Obama, Thomas Pesquet, Aya Nakamura, Hélène Ségara, Michel Drucker, Ycare, François Damiens ou encore Muriel Robin Parmi les happy few qui ont pu dégoter un ticket pour les concerts de Célin… [+1126 chars]",,fr,'Léa Salamé'
https://www.dhnet.be/lifestyle/people/2026/09/17/rififi-au-sein-de-la-monarchie-britannique-le-frere-de-la-princesse-diana-accuse-charles-iii-le-palais-riposte-UGLDQOOFTVFFXIC2COT3PDBGYY/,https://www.dhnet.be/lifestyle/people/2026/09/17/rififi-au-sein-de-la-monarchie-britannique-le-frere-de-la-princesse-diana-accuse-charles-iii-le-palais-riposte-UGLDQOOFTVFFXIC2COT3PDBGYY/,0,www.dhnet.be,"Rififi au sein de la monarchie britannique: le frère de la princesse Diana accuse Charles III, le palais riposte","La mort de la princesse Diana revient hanter la monarchie britannique: son frère, Charles Spencer, accuse son ex-époux le roi Charles III d'avoir affirmé peu après le drame qu'elle serait vite oubliée, ce que le palais s'est empressé de démentir. ...",https://www.dhnet.be/resizer/v2/VVVS3CFE6JFOPHEIGH2YA2YP4I.jpg?auth=218cb01b9c4b6d92af75dee45f60d731f678113323a25d9cde6374d6658fc936&width=1200&height=630&quality=85&focal=2611%2C1748,2026-09-17T12:27:20Z,,"Ces accusations faisaient jeudi la Une de nombreux journaux britanniques, le jour où le roi réunit en Ecosse des acteurs majeurs de l'IA.
Le frère de Diana affirme avoir eu un échange téléphonique t… [+3404 chars]",,fr,'Charles III'
https://www.lalibre.be/lifestyle/people/2026/09/17/charles-iii-accuse-par-le-frere-de-la-princesse-diana-il-aurait-declare-quelle-serait-oubliee-bien-assez-tot-le-palais-dement-OCIU4DY6U5FE3I432TFMR2T7DU/,https://www.lalibre.be/lifestyle/people/2026/09/17/charles-iii-accuse-par-le-frere-de-la-princesse-diana-il-aurait-declare-quelle-serait-oubliee-bien-assez-tot-le-palais-dement-OCIU4DY6U5FE3I432TFMR2T7DU/,0,www.lalibre.be,"Charles III accusé par le frère de la princesse Diana : Il aurait déclaré qu'elle serait oubliée ""bien assez tôt"", le palais dément","La mort de la princesse Diana revient hanter la monarchie britannique: son frère, Charles Spencer, accuse son ex-époux le roi Charles III d'avoir affirmé peu après le drame qu'elle serait vite oubliée, ce que le palais s'est empressé de démentir. ...",https://www.lalibre.be/resizer/v2/ZB4XEEBSCBDSRAEGTC6EZTELSQ.jpg?auth=2ccf228a89e2437a3caeddaa03ae386532a299d3f14c26457bd2d79304db2014&width=1200&height=630&quality=85&focal=1499%2C995,2026-09-17T12:27:48Z,,"Ces accusations faisaient jeudi la Une de nombreux journaux britanniques, le jour où le roi réunit en Ecosse des acteurs majeurs de l'IA.
Le frère de Diana affirme avoir eu un échange téléphonique t… [+3245 chars]",,fr,'Charles III'
https://www.courrierinternational.com/une/une-du-jour-ne-t-inquiete-pas-on-l-aura-vite-oubliee-la-phrase-choc-qu-aurait-prononcee-charles-iii-a-propos-de-diana_272044,https://www.courrierinternational.com/une/une-du-jour-ne-t-inquiete-pas-on-l-aura-vite-oubliee-la-phrase-choc-qu-aurait-prononcee-charles-iii-a-propos-de-diana_272044,0,www.courrierinternational.com,"“Ne t’inquiète pas, on l’aura vite oubliée” : la phrase choc qu’aurait prononcée Charles III à propos de Diana","Dans ses Mémoires à paraître, Charles Spencer affirme que l’actuel roi d’Angleterre lui aurait lancé que la princesse de Galles serait “vite oubliée”, peu après sa mort dans un accident à Paris. Le “Daily Mail”, qui en révèle des extraits, relaie aussi la rép…",https://focus.courrierinternational.com/2026/09/17/250/0/792/528/1200/630/60/0/ad8e947_upload-1-46ioclbfkghd-capture-d-e-cran-2026-09-17-a-11-08-40.png,2026-09-17T12:33:47Z,,"Ne tinquiète pas, on laura vite oubliée. La citation, en grosses lettres noires, occupe la majeure partie de la une du Daily Mail, ce 17 septembre. En exclusivité, le tabloïd britannique révèle une f… [+2482 chars]",,fr,'Charles III'
https://www.huffingtonpost.fr/international/article/a-cause-de-cet-extrait-choc-d-un-livre-sur-diana-charles-iii-et-buckingham-palace-sortent-de-leur-reserve_326323.html,https://www.huffingtonpost.fr/international/article/a-cause-de-cet-extrait-choc-d-un-livre-sur-diana-charles-iii-et-buckingham-palace-sortent-de-leur-reserve_326323.html,0,www.huffingtonpost.fr,"À cause de cet extrait choc d’un livre sur Diana, Charles III et Buckingham Palace sortent de leur réserve",Le souverain est accusé par le frère de la princesse Diana d’avoir tenu des propos déplacés à l’égard de Lady Di juste après sa brutale disparition en 1997.,https://focus.huffingtonpost.fr/2025/12/12/0/0/5400/3037/1820/1023/75/0/32148f5_upload-1-hazmzm5wuohw-afp-20251210-aa-10122025-2556305-v1-highres-kingcharlesiiiattendsadventservicea.jpg,2026-09-17T13:37:38Z,,"La mort de la princesse Diana revient hanter la monarchie britannique. À moins dune semaine de la sortie dun livre de Charles Spencer, frère de la défunte princesse Diana, les accusations contenues d… [+2419 chars]",,fr,'Charles III'
https://www.ledauphine.com/societe/2026/09/17/lady-di-sera-oubliee-bien-assez-tot-le-frere-de-la-princesse-accuse-le-roi-charles-iii,https://www.ledauphine.com/societe/2026/09/17/lady-di-sera-oubliee-bien-assez-tot-le-frere-de-la-princesse-accuse-le-roi-charles-iii,0,www.ledauphine.com,Royaume-Uni. Lady Di sera oubliée « bien assez tôt » : le frère de la princesse accuse le roi Charles III,"Dans un livre à paraître mardi, Charles Spencer relate un échange tendu avec celui qui était alors prince héritier au sujet des funérailles de sa soeur.",https://cdn-s-www.ledauphine.com/images/17548868-336E-47F8-8227-DBF424FA84F5/FB1200/photo-1789652658.jpg,2026-09-17T13:45:00Z,http://web.archive.org/web/20260917170204/https://www.ledauphine.com/societe/2026/09/17/lady-di-sera-oubliee-bien-assez-tot-le-frere-de-la-princesse-accuse-le-roi-charles-iii,"La mort de la princesse Diana revient hanter la monarchie britannique : son frère, Charles Spencer, accuse son ex-époux, le roi Charles III, d'avoir affirmé peu après le drame qu'elle serait vite oub… [+4885 chars]",,fr,'Charles III'
https://www.presse-citron.net/la-guerre-menace-la-securite-et-lenergie-de-la-france-emmanuel-macron-va-sadresser-aux-candidats-a-la-presidentielle-pour-leur-transmettre-ce-quil-sait/,https://www.presse-citron.net/la-guerre-menace-la-securite-et-lenergie-de-la-france-emmanuel-macron-va-sadresser-aux-candidats-a-la-presidentielle-pour-leur-transmettre-ce-quil-sait/,0,www.presse-citron.net,La guerre menace la sécurité et l’énergie de la France : Emmanuel Macron va s’adresser aux candidats à la présidentielle pour leur transmettre ce qu’il sait,Le président de la République Emmanuel Macron organise vendredi des discussions à l'Élysée sur les conflits internationaux et leur impact sur la sécurité et l'énergie en France. Il invoque une « dégradation rapide de la situation internationale » qui mérite u…,https://www.presse-citron.net/app/uploads/2026/09/emmanuel-macron-elysee-2026-1600x900.jpg,2026-09-17T14:19:55Z,,"LÉlysée vient dannoncer, jeudi 17 septembre, la venue d’une réunion ce vendredi avec les chefs des partis représentés au Parlement français, ou leur candidat à la présidentielle, pour parler de « la … [+2752 chars]",,fr,'Emmanuel Macron'
https://www.telerama.fr/television/aurelie-casse-devient-joker-de-jean-baptiste-marteau-au-20h-de-france-2-7032935.php,https://www.telerama.fr/television/aurelie-casse-devient-joker-de-jean-baptiste-marteau-au-20h-de-france-2-7032935.php,0,www.telerama.fr,Aurélie Casse devient joker de Jean-Baptiste Marteau au 20h de France 2,"INFO TÉLÉRAMA — Ce jeudi, la rédaction de France Télévisions a appris la nomination d’Aurélie Casse au 20 heures, comme joker de Jean-Baptiste Marteau, lui-même joker de Léa Salamé.",https://focus.telerama.fr/2026/09/17/0/0/4092/2728/1200/800/60/0/dddc652_upload-1-wf6lyr3dridm-aurc389liecasse-studio.jpg,2026-09-17T14:51:49Z,,"Pour soutenir le travail de toute une rédaction, abonnez-vousPourquoi voyez-vous ce message ?
 Vous avez choisi de ne pas accepter le dépôt de ""cookies"" sur votre navigateur, qui permettent notammen… [+616 chars]",,fr,'Léa Salamé'
https://www.nouvelobs.com/monde/20260917.OBS118340/dans-le-sillage-de-zohran-mamdani-et-d-alexandria-ocasio-cortez-le-reveil-de-la-gauche-americaine.html,https://www.nouvelobs.com/monde/20260917.OBS118340/dans-le-sillage-de-zohran-mamdani-et-d-alexandria-ocasio-cortez-le-reveil-de-la-gauche-americaine.html,0,www.nouvelobs.com,"Dans le sillage de Zohran Mamdani et d’Alexandria Ocasio-Cortez, le réveil de la gauche américaine","Portés par une série inédite de victoires, les socialistes américains prennent d’assaut le Parti démocrate et le forcent à revoir ses basiques. Au point que leur égérie, « AOC », envisage de se lancer dans la course à la présidentielle.",https://focus.nouvelobs.com/2026/09/14/0/0/6000/4000/1200/800/0/0/bc21a29_upload-1-eb1b4mznrije-sipa-sipausa30560786-000031.jpg,2026-09-17T16:00:12Z,,"Alexandria Ocasio-Cortez dans un rassemblement en faveur du candidat au Sénat Abdul El-Sayed, à Lansing dans le Michigan, le 19 juillet 2026. ANDREW ROTH/SIPA USA/SIPA 
Cest la question du moment. L… [+1140 chars]",,fr,'Zohran Mamdani'
https://www.courrierinternational.com/article/vu-de-l-etranger-primaire-a-gauche-glucksmann-ou-un-autre-rien-ne-sera-gagne-pour-l-heureux-elu_272061,https://www.courrierinternational.com/article/vu-de-l-etranger-primaire-a-gauche-glucksmann-ou-un-autre-rien-ne-sera-gagne-pour-l-heureux-elu_272061,0,www.courrierinternational.com,"Primaire à gauche : Glucksmann ou un autre, “rien ne sera gagné pour l’heureux élu”","La liste des candidats à la primaire organisée par le Parti socialiste, Place publique et la Gauche républicaine et socialiste a été officialisée le mercredi 16 septembre. Parmi les concurrents, Raphaël Glucksmann fait figure de favori aux yeux de la presse i…",https://focus.courrierinternational.com/2026/08/27/0/0/6000/4000/1200/630/60/0/b5a33f6_ftp-1-nokpawzrqkrd-2026-08-27t151353z-526836572-rc237naius23-rtrmadp-3-france-business-politics.JPG,2026-09-17T16:41:54Z,,"Jérôme Guedj, Emmanuel Maurel, Raphaël Glucksmann, Olivier Faure et Ségolène Royal : les noms étaient déjà connus depuis des semaines, mais la liste est désormais officielle et définitive. Dans la so… [+2750 chars]",,fr,'Raphaël Glucksmann'
https://www.franceinfo.fr/economie/automobile/essence/direct-crise-energetique-emmanuel-macron-va-recevoir-les-principaux-responsables-politiques-pour-evoquer-les-conflits-internationaux-et-leurs-consequences-en-france_8198486.html,https://www.franceinfo.fr/economie/automobile/essence/direct-crise-energetique-emmanuel-macron-va-recevoir-les-principaux-responsables-politiques-pour-evoquer-les-conflits-internationaux-et-leurs-consequences-en-france_8198486.html,0,www.franceinfo.fr,"DIRECT. Crise énergétique: Emmanuel Macron va recevoir les principaux responsables politiques pour évoquer les conflits internationaux ""et leurs conséquences en France""","Cette réunion autour du chef de l'Etat, en présence uniquement du Premier ministre, Sébastien Lecornu, et des responsables militaires et du renseignement, est prévue vendredi à 10h30 à l'Elysée.",https://www.franceinfo.fr/pictures/7t7LXJK8iQeC20ZGKsGynqvmwpE/0x25:1024x601/1500x843/2026/09/18/6aacc1a12ba81097643929.jpg,2026-09-18T04:48:44Z,http://web.archive.org/web/20260919023139/https://www.franceinfo.fr/economie/automobile/essence/direct-crise-energetique-emmanuel-macron-va-recevoir-les-principaux-responsables-politiques-pour-evoquer-les-conflits-internationaux-et-leurs-consequences-en-france_8198486.html,"Face à la ""dégradation rapide"" de la situation internationale et les ""conséquences en France sur la sécurité et l'énergie"", Emmanuel Macron reçoit, vendredi 18 septembre, les principaux candidats à l… [+1745 chars]",,fr,'Raphaël Glucksmann'
https://www.ledauphine.com/politique/2026/09/18/carburants-face-a-des-prix-insupportables-une-reunion-d-urgence-a-l-elysee-ce-vendredi,https://www.ledauphine.com/politique/2026/09/18/carburants-face-a-des-prix-insupportables-une-reunion-d-urgence-a-l-elysee-ce-vendredi,0,www.ledauphine.com,"Politique. Carburants : face à des prix « insupportables », une réunion d'urgence à l'Élysée ce vendredi","Emmanuel Macron et Sébastien Lecornu reçoivent ce vendredi matin à l'Élysée les chefs des partis représentés au Parlement, ou leur candidat à la présidentielle, pour faire le point sur les difficultés actuelles auxquelles font face les Français, dont l'envolé…",https://cdn-s-www.ledauphine.com/images/A3264F1B-76DD-4146-B3CF-6E1548D571EB/FB1200/photo-1789655025.jpg,2026-09-18T05:17:00Z,http://web.archive.org/web/20260919012801/https://www.ledauphine.com/politique/2026/09/18/carburants-face-a-des-prix-insupportables-une-reunion-d-urgence-a-l-elysee-ce-vendredi,"Comment régler la crise actuelle ? Les Français font plus que jamais face à de nombreuses difficultés au quotidien, dont la hausse des prix des carburants, qui flirtent parfois avec les trois euros l… [+929 chars]",,fr,'Sébastien Lecornu'
https://www.challenges.fr/politique/le-retour-calcule-de-marion-marechal-francois-hollande-attend-le-retrait-de-gabriel-attal-les-indiscretions-politiques-de-challenges_645828,https://www.challenges.fr/politique/le-retour-calcule-de-marion-marechal-francois-hollande-attend-le-retrait-de-gabriel-attal-les-indiscretions-politiques-de-challenges_645828,0,www.challenges.fr,"Le retour calculé de Marion Maréchal, François Hollande attend le retrait de Gabriel Attal… les indiscrétions politiques de Challenges","Dans les indiscrétions politiques de Challenges cette semaine, retrouvez aussi Jean-Christophe Cambadélis, moine-soldat de la « reconquête » progressiste ou encore Édouard Philippe qui finalise sa réforme des retraites pour 2027.",https://www.challenges.fr/_ipx/f_jpg&enlarge_true&s_1200x630/cha/static/2026-09/61392.HR_0.jpeg%3FVersionId=C1sQ3QS4pTFDhRkaCZ7QV_iZh6T4ujXb,2026-09-18T06:30:00Z,http://web.archive.org/web/20260918122203/https://www.challenges.fr/politique/le-retour-calcule-de-marion-marechal-francois-hollande-attend-le-retrait-de-gabriel-attal-les-indiscretions-politiques-de-challenges_645828,"Dans la collection Tracts de Gallimard, cest un des opuscules qui se vend bien : Le Discrédit écologique ou comment sortir du backlash. Corinne Lepage, son auteur et ex-ministre de lEnvironnement, ne… [+3365 chars]",,fr,'François Hollande'
https://www.franceinfo.fr/economie/automobile/essence/baisse-des-taxes-blocage-des-prix-hausse-des-aides-ciblees-face-a-la-nouvelle-flambee-des-carburants-que-proposent-les-candidats-a-la-presidentielle_8198603.html,https://www.franceinfo.fr/economie/automobile/essence/baisse-des-taxes-blocage-des-prix-hausse-des-aides-ciblees-face-a-la-nouvelle-flambee-des-carburants-que-proposent-les-candidats-a-la-presidentielle_8198603.html,0,www.franceinfo.fr,"Baisse des taxes, blocage des prix, hausse des aides ciblées… Face à la nouvelle flambée des carburants, que proposent les candidats à la présidentielle ?","Emmanuel Macron a reçu, vendredi à l'Elysée, les principaux candidats à la présidentielle ou leur bras droit pour une réunion sur la ""dégradation rapide"" de la situation internationale et ses ""conséquences en France sur la sécurité et l'énergie"".",https://www.franceinfo.fr/pictures/y4bP7n3KCa1B2evFae5MKyxjnmw/0x106:1024x682/1500x843/2026/09/18/6aacf99c11e25738942963.jpg,2026-09-18T10:48:22Z,,"Une réunion face à une colère sociale croissante. Emmanuel Macron a reçu, vendredi 18 septembre, les principaux candidats à la présidentielle ou leur bras droit pour une réunion sur la ""dégradation r… [+9221 chars]",,fr,'Emmanuel Macron'
https://www.telerama.fr/television/lea-salame-dans-quotidien-vanite-bien-ordonnee-commence-par-soi-meme-7032948.php,https://www.telerama.fr/television/lea-salame-dans-quotidien-vanite-bien-ordonnee-commence-par-soi-meme-7032948.php,0,www.telerama.fr,Léa Salamé dans “Quotidien” : vanité bien ordonnée commence par soi-même,"“EN LÉGER DIFFÉRÉ” – Entre-soi, complaisance et autocélébration : le passage de Léa Salamé chez Yann Barthès a produit un grand moment de gênance. Sauf pour “les Français” : la journaliste prétend entretenir avec eux des liens privilégiés.",https://focus.telerama.fr/2026/09/17/18/87/813/542/1200/800/60/0/c00ae9e_upload-1-yn1ozf8ygmkk-capture-d-e-cran-2026-09-16-a-14-31-11.png,2026-09-18T11:02:01Z,,"Pour soutenir le travail de toute une rédaction, abonnez-vousPourquoi voyez-vous ce message ?
 Vous avez choisi de ne pas accepter le dépôt de ""cookies"" sur votre navigateur, qui permettent notammen… [+616 chars]",,fr,'nan nan'
https://www.bfmtv.com/politique/faire-des-aides-d-urgence-ca-ne-suffit-pas-les-dirigeants-politiques-mecontents-a-la-sortie-de-leur-reunion-avec-emmanuel-macron_AD-202609180522.html,https://www.bfmtv.com/politique/faire-des-aides-d-urgence-ca-ne-suffit-pas-les-dirigeants-politiques-mecontents-a-la-sortie-de-leur-reunion-avec-emmanuel-macron_AD-202609180522.html,0,www.bfmtv.com,"""Faire des aides d'urgence, ça ne suffit pas"": les dirigeants politiques mécontents à la sortie de leur réunion avec Emmanuel Macron","De Manuel Bompard à Édouard Philippe en passant par Marine Tondelier et Jordan Bardella, les candidats à la présidentielle et les chefs de partis reçus par Emmanuel Macron à l'Élysée ce vendredi estiment que l'exécutif n'agit pas suffisamment pour contrer la …",https://io-fsly-bfmtv.cdn.nextradiotv.com/vU1FILzVhNUk7Li-G_JUx6C82Ds=/0x106:2048x1258/2048x0/images/Emmanuel-Macron-recoit-les-candidats-a-l-election-presidentielle-de-2027-et-les-dirigeants-des-partis-politiques-pour-discuter-de-la-situation-geopolitique-et-de-ses-consequences-a-l-Elysee-a-Paris-le-18-septembre-2026-2350470.jpg,2026-09-18T12:54:53Z,http://web.archive.org/web/20260919023109/https://www.bfmtv.com/politique/faire-des-aides-d-urgence-ca-ne-suffit-pas-les-dirigeants-politiques-mecontents-a-la-sortie-de-leur-reunion-avec-emmanuel-macron_AD-202609180522.html,"De Manuel Bompard à Édouard Philippe en passant par Marine Tondelier et Jordan Bardella, les candidats à la présidentielle et les chefs de partis reçus par Emmanuel Macron à l'Élysée ce vendredi esti… [+2572 chars]",,fr,'Édouard Philippe'
https://www.presse-citron.net/fort-trump-nouvelle-base-americaine-europe-prepare-effigie-president/,https://www.presse-citron.net/fort-trump-nouvelle-base-americaine-europe-prepare-effigie-president/,0,www.presse-citron.net,« Fort Trump » : une nouvelle base américaine en Europe se prépare à l’effigie du président,"Alors que le Pentagone planche sur un retrait massif de troupes américaines d'Europe de l'Ouest, Donald Trump annonce en parallèle des avancées concrètes vers l'installation d'une base permanente en Pologne. Un projet vieux de plusieurs années, qui pourrait e…",https://www.presse-citron.net/app/uploads/2026/08/donald-trump-1-1600x900.jpg,2026-09-18T13:05:29Z,http://web.archive.org/web/20260918172017/https://www.presse-citron.net/fort-trump-nouvelle-base-americaine-europe-prepare-effigie-president/,"L’idée n’est pas nouvelle, mais elle n’avait jamais été aussi proche de se concrétiser. Depuis 2018, la Pologne souhaite accueillir une base militaire américaine permanente sur son sol. Un projet bap… [+5804 chars]",,fr,'Donald Trump'
https://www.20minutes.fr/arts-stars/television/4246664-20260918-france-2-pourquoi-journaliste-caroline-roux-refuse-20-heures,https://www.20minutes.fr/arts-stars/television/4246664-20260918-france-2-pourquoi-journaliste-caroline-roux-refuse-20-heures,0,www.20minutes.fr,France 2 : Pourquoi la journaliste Caroline Roux a-t-elle refusé le « 20 Heures » ?,"Avant l’arrivée de Léa Salamé, Caroline Roux a assuré à « TV Magazine » qu’elle avait refusé de prendre la tête du « 20 Heures » de France 2",https://img.20mn.fr/aYFrLQIETESV5cTeVE9fmCk/1444x920_caroline-roux-a-refuse-la-presentation-du-20-heures-de-france-2,2026-09-18T16:11:45Z,,"«Sûre quand jai refusé ». A la rentrée 2025, avant que le journal télévisé ne soit proposé à Léa Salamé, Caroline Roux a refusé la présentation du grand rendez-vous de linformation de France 2. La jo… [+1450 chars]",,fr,'Léa Salamé'
https://www.franceinfo.fr/societe/justice/info-radio-france-ecarte-du-ps-philippe-brun-tente-de-rassembler-des-preuves-de-violences-de-la-part-de-son-ancienne-collaboratrice_8199776.html,https://www.franceinfo.fr/societe/justice/info-radio-france-ecarte-du-ps-philippe-brun-tente-de-rassembler-des-preuves-de-violences-de-la-part-de-son-ancienne-collaboratrice_8199776.html,0,www.franceinfo.fr,"Écarté du PS, Philippe Brun tente de ""rassembler des preuves de violences de la part de son ancienne collaboratrice""","Le député socialiste, qui s'apprêtait à être candidat à la primaire de l'espace social-démocrate, a été écarté de son parti mercredi, à cause d'accusations de ""violences"".",https://www.franceinfo.fr/pictures/MPF3MMbBmUXjdbqEPHTSCSF7KJg/1500x843/2026/09/16/6aaa588d34c98365091941.jpg,2026-09-18T19:08:48Z,http://web.archive.org/web/20260918202246/https://www.franceinfo.fr/societe/justice/info-radio-france-ecarte-du-ps-philippe-brun-tente-de-rassembler-des-preuves-de-violences-de-la-part-de-son-ancienne-collaboratrice_8199776.html,"Le député de l'Eure Philippe Brun, écarté du PS, tente de ""rassembler des preuves de violence"" afin d'étayer une plainte contre son ex-collaboratrice, selon les informations de France Inter vendredi … [+1407 chars]",,fr,'Philippe Brun'
https://www.franceinfo.fr/elections/presidentielle/raphael-glucksmann-promet-que-la-gauche-peut-transformer-la-vie-des-francais_8199911.html,https://www.franceinfo.fr/elections/presidentielle/raphael-glucksmann-promet-que-la-gauche-peut-transformer-la-vie-des-francais_8199911.html,0,www.franceinfo.fr,"Raphaël Glucksmann promet que la gauche peut ""transformer la vie des Français""","En déplacement à Montpellier, le candidat a décrit ""une situation sociale catastrophique"", notamment du fait de l'explosion du prix des carburants qui ""va empirer"".",https://www.franceinfo.fr/pictures/vmYXidj2F9WV_cfAZQPPluvqoBA/0x0:1024x576/1500x843/2026/09/18/6aada7a555e97138485902.jpg,2026-09-18T21:17:55Z,http://web.archive.org/web/20260918233532/https://www.franceinfo.fr/elections/presidentielle/raphael-glucksmann-promet-que-la-gauche-peut-transformer-la-vie-des-francais_8199911.html,"""Un président de gauche, un gouvernement de gauche, pour transformer la vie des Français"", a martelé à la presse Raphaël Glucksmann, en lice pour la primaire de la gauche social-démocrate, vendredi 1… [+880 chars]",,fr,'Raphaël Glucksmann'
https://www.bfmtv.com/politique/elections/presidentielle/direct-fabien-roussel-attendu-sur-une-manifestation-contre-la-vie-chere-a-senlis-jordan-bardella-en-deplacement-dans-l-oise_LN-202609190094.html,https://www.bfmtv.com/politique/elections/presidentielle/direct-fabien-roussel-attendu-sur-une-manifestation-contre-la-vie-chere-a-senlis-jordan-bardella-en-deplacement-dans-l-oise_LN-202609190094.html,0,www.bfmtv.com,"DIRECT. Fabien Roussel attendu sur une manifestation contre la vie chère à Senlis, Jordan Bardella en déplacement dans l'Oise","Jordan Bardella se rend ce samedi 19 septembre dans l'Oise, à Breteuil-sur-Noye, pour participer à la ""rentrée picarde"" du Rassemblement national. Les Rencontres de la gauche s'ouvrent à Bram, dans l'Aude, avec notamment Raphaël Glucksmann et Jérôme Guedj. De…",https://io-fsly-bfmtv.cdn.nextradiotv.com/gRSiJ9LcO8Yj3Geh2VsGfs6e7pE=/0x106:2048x1258/2048x0/images/Fabien-Roussel-candidat-communiste-a-la-presidentielle-a-la-Fete-de-l-Humanite-le-11-septembre-2026-2346619.jpg,2026-09-19T05:47:48Z,http://web.archive.org/web/20260920012715/https://www.bfmtv.com/politique/elections/presidentielle/direct-fabien-roussel-attendu-sur-une-manifestation-contre-la-vie-chere-a-senlis-jordan-bardella-en-deplacement-dans-l-oise_LN-202609190094.html,"Ce contenu ne peut pas être affiché
Ce contenu ne peut pas être affiché sans votre consentement car il implique lutilisation de cookies déposés par son fournisseur. Ces cookies peuvent notamment per… [+578 chars]",,fr,'Fabien Roussel'
https://www.franceinfo.fr/elections/presidentielle/direct-politique-jean-louis-borloo-est-l-invite-d-honneur-des-universites-d-ete-du-modem-a-la-recherche-de-mecanos-de-la-republique_8199446.html,https://www.franceinfo.fr/elections/presidentielle/direct-politique-jean-louis-borloo-est-l-invite-d-honneur-des-universites-d-ete-du-modem-a-la-recherche-de-mecanos-de-la-republique_8199446.html,0,www.franceinfo.fr,"Politique: Jean-Louis Borloo est l'invité d'honneur des universités d'été du MoDem, à la recherche de ""mécanos de la République""",François Bayrou réunit ses troupes mais n'a toujours pas choisi le candidat que son mouvement allait soutenir.,https://www.franceinfo.fr/pictures/hK8-BK3CZrhBYFjUqN4BW9jj1Tc/0x0:1024x576/1500x843/2026/09/18/6aad64d82e736577729817.jpg,2026-09-19T07:14:55Z,http://web.archive.org/web/20260919103741/https://www.franceinfo.fr/elections/presidentielle/direct-politique-jean-louis-borloo-est-l-invite-d-honneur-des-universites-d-ete-du-modem-a-la-recherche-de-mecanos-de-la-republique_8199446.html,"Un nouveau week-end de campagne présidentielle bat son plein. Le MoDem poursuit, samedi 19 septembre ses universités d'été. La présidente PS de la région Occitanie, Carole Delga, rassemble la gauche … [+1167 chars]",,fr,'François Bayrou'
https://www.franceinfo.fr/elections/presidentielle/les-avocats-de-philippe-brun-annoncent-leur-intention-de-porter-plainte-pour-denonciation-calomnieuse_8200673.html,https://www.franceinfo.fr/elections/presidentielle/les-avocats-de-philippe-brun-annoncent-leur-intention-de-porter-plainte-pour-denonciation-calomnieuse_8200673.html,0,www.franceinfo.fr,Les avocats de Philippe Brun annoncent leur intention de porter plainte pour dénonciation calomnieuse,"Les conseils de l'ancien candidat à la primaire du PS considèrent qu'il est victime ""de rivalités internes"" au sein de son parti.",https://www.franceinfo.fr/pictures/485hs9qpi71_gBIfyORDe0pkCi0/0x309:5930x3644/1500x843/2026/09/19/6aae73aa7c22c819743655.jpg,2026-09-19T11:36:15Z,,"Après la défense politique, la contre-attaque judiciaire. Les avocats de Philippe Brun, évincé de la primaire organisé par le PS en raison des accusations de violence portées par une de ses anciennes… [+1335 chars]",,fr,'Philippe Brun'
https://www.monde-diplomatique.fr/2026/09/HALIMI/69831,https://www.monde-diplomatique.fr/2026/09/HALIMI/69831,0,www.monde-diplomatique.fr,Donald Trump contre le péril rouge,"La percée de candidats de gauche aux États-Unis a conduit M. Donald Trump à faire de la lutte contre le communisme un de ses thèmes de mobilisation. Le ton est fascisant, et les anciens attentats d’extrême droite passés sous silence. Ignorant ce contexte, tou…",https://www.monde-diplomatique.fr/IMG/logo/img012ok_1_.jpg,2026-09-19T16:32:06Z,,"Andres Serrano. « Flag Face Circa 1890 American Flag » (Visage grimé en drapeau américain vers 1890), de la série « Infamous » (Tristement célèbre), 2019 
© Andres Serrano - Galerie Nathalie Obadia,… [+1955 chars]",,fr,'Zohran Mamdani'
https://www.ledauphine.com/elections/2026/09/19/accuse-de-violences-philippe-brun-veut-reintegrer-la-primaire-de-la-gauche,https://www.ledauphine.com/elections/2026/09/19/accuse-de-violences-philippe-brun-veut-reintegrer-la-primaire-de-la-gauche,0,www.ledauphine.com,"Présidentielle 2027. Accusé de violences, Philippe Brun veut réintégrer la primaire de la gauche","Philippe Brun demande à Olivier Faure de le « réintégrer à la primaire de la gauche ». « On a parlé d'une plainte pénale, or cette plainte n'existe pas », a-t-il indiqué samedi.",https://cdn-s-www.ledauphine.com/images/2FAC1B40-86A3-4B91-B873-C80315B6FDC1/FB1200/photo-1789841391.jpg,2026-09-19T18:09:00Z,,"Le député Philippe Brun, exclu mercredi de la primaire de la gauche après des accusations de violence, a réclamé samedi d'être réintégré dans ce processus de départage et de pouvoir participer au pre… [+1470 chars]",,fr,'Olivier Faure'
https://www.20minutes.fr/politique/4247000-20260920-presidentielle-2027-exclu-primaire-gauche-philippe-brun-reclame-etre-reintegre,https://www.20minutes.fr/politique/4247000-20260920-presidentielle-2027-exclu-primaire-gauche-philippe-brun-reclame-etre-reintegre,0,www.20minutes.fr,"Présidentielle 2027 : Exclu de la primaire de la gauche, Philippe Brun réclame d’être réintégré",Le député socialiste Philippe Brun a été exclu de la primaire de la gauche pour la présidentielle après des accusations de violence,https://img.20mn.fr/PD8iq4ELSdinJDRif9mELik/1444x920_le-depute-de-socialistes-et-apparents-philippe-brun-reagit-lors-d-une-seance-de-questions-au-gouvernement-a-l-assemblee-nationale-la-chambre-basse-de-la-france-a-paris-france-le-23-12-2025-jee-qagbudg-43-credit-j-e-e-sipa-2601060057,2026-09-20T05:59:55Z,,Philippe Brun compte bien gagner son bras de fer contre le Parti socialiste et faire entendre sa voix dans la campagne présidentielle. Exclu mercredi dernier de la primaire de la gauche après des acc… [+1563 chars],,fr,'Philippe Brun'
https://www.bfmtv.com/politique/parti-socialiste/extremement-violent-jerome-guedj-estime-que-le-ps-est-alle-vite-en-besogne-en-ecartant-philippe-brun-de-la-primaire-socialiste_AD-202609200101.html,https://www.bfmtv.com/politique/parti-socialiste/extremement-violent-jerome-guedj-estime-que-le-ps-est-alle-vite-en-besogne-en-ecartant-philippe-brun-de-la-primaire-socialiste_AD-202609200101.html,0,www.bfmtv.com,"""Extrêmement violent"": Jérôme Guedj estime que le PS est allé ""vite en besogne"" en écartant Philippe Brun de la primaire socialiste","Le député socialiste et candidat à la primaire social-démocrate Jérôme Guedj a déclaré ce dimanche 20 septembre que le PS était, selon lui, allé ""vite en besogne"" en suspendant à titre conservatoire Philippe Brun, qui aspirait à être lui aussi candidat, avant…",https://io-fsly-bfmtv.cdn.nextradiotv.com/hW87SaeBDdX-ov9C4JjpfyICvx8=/0x212:2048x1364/2048x0/images/Le-depute-socialiste-Jerome-Guedj-a-l-Assemblee-nationale-le-10-fevrier-2025-2076828.jpg,2026-09-20T06:47:56Z,http://web.archive.org/web/20260920085504/https://www.bfmtv.com/politique/parti-socialiste/extremement-violent-jerome-guedj-estime-que-le-ps-est-alle-vite-en-besogne-en-ecartant-philippe-brun-de-la-primaire-socialiste_AD-202609200101.html,"Le député socialiste et candidat à la primaire social-démocrate Jérôme Guedj a déclaré ce dimanche 20 septembre que le PS était, selon lui, allé ""vite en besogne"" en suspendant à titre conservatoire … [+2525 chars]",,fr,'Jérôme Guedj'
https://www.franceinfo.fr/elections/presidentielle/direct-presidentielle-jerome-guedj-juge-que-le-ps-est-alle-vite-en-besogne-en-suspendant-philippe-brun-de-la-primaire_8201483.html,https://www.franceinfo.fr/elections/presidentielle/direct-presidentielle-jerome-guedj-juge-que-le-ps-est-alle-vite-en-besogne-en-suspendant-philippe-brun-de-la-primaire_8201483.html,0,www.franceinfo.fr,"Présidentielle : Jérome Guedj juge que le PS ""est allé vite en besogne"" en suspendant Philippe Brun de la primaire","Candidat à la primaire social-démocrate, le député de l'Essonne au jugé ""extrêmement violent"", la mise à l'écart de l'élu, accusé de violence par une ancienne collaboratrice.",https://www.franceinfo.fr/pictures/VuXJhfL3ONtZz4S1PNxBDSYA--Q/0x0:5184x2916/1500x843/2026/09/20/6aaf868da45ec712336356.jpg,2026-09-20T07:11:18Z,http://web.archive.org/web/20260920183256/https://www.franceinfo.fr/elections/presidentielle/direct-presidentielle-jerome-guedj-juge-que-le-ps-est-alle-vite-en-besogne-en-suspendant-philippe-brun-de-la-primaire_8201483.html,"La campagne présidentielle se poursuit ce dimanche 20 septembre alors que Philippe Brun, entend malgré son éviction, maintenir sa candidature à la primaire sociale-démocrate. François Bayrou va clore… [+1709 chars]",,fr,'Philippe Brun'
https://www.bfmtv.com/politique/elections/presidentielle/direct-il-faut-etre-tres-vigilant-emmanuel-macron-reconnait-que-le-marche-mondial-de-l-energie-est-sous-tension_LN-202609200117.html,https://www.bfmtv.com/politique/elections/presidentielle/direct-il-faut-etre-tres-vigilant-emmanuel-macron-reconnait-que-le-marche-mondial-de-l-energie-est-sous-tension_LN-202609200117.html,0,www.bfmtv.com,"DIRECT. ""Il faut être très vigilant"": Emmanuel Macron reconnaît que le marché mondial de l'énergie est ""sous tension""","Emmanuel Macron est arrivé à Saint-Pierre-et-Miquelon hier soir, où il rencontrera le Premier ministre canadien ce midi avec l'objectif de conclure des accords notamment sur l'énergie. De son côté, Éric Ciotti sera l'invité de BFM Politique à midi, tandis que…",https://io-fsly-bfmtv.cdn.nextradiotv.com/6rYBvv4mPNCmSXjcU_Em56dzUvs=/0x0:1920x1080/1920x0/images/Emmanuel-Macron-a-son-arrivee-a-Saint-Pierre-et-Miquelon-ce-samedi-19-septembre-2026-2351106.jpg,2026-09-20T07:19:00Z,,"Le président Emmanuel Macron a reconnu hier soir depuis Saint-Pierre-et-Miquelon qu'""il y a un marché mondial qui est sous tension"" et qu'il faut ""être très vigilant pour ne pas manquer"".
""Ormuz ces… [+435 chars]",,fr,'Éric Ciotti'
https://www.ledauphine.com/elections/2026/09/20/guedj-juge-que-le-ps-est-alle-vite-en-besogne-en-suspendant-philippe-brun,https://www.ledauphine.com/elections/2026/09/20/guedj-juge-que-le-ps-est-alle-vite-en-besogne-en-suspendant-philippe-brun,0,www.ledauphine.com,Présidentielle 2027. Guedj juge que le PS est allé « vite en besogne » en suspendant Philippe Brun,"Candidat à la primaire social-démocrate, Jérôme Guedj a jugé dimanche « extrêmement violent » la mise à l'écart de Philippe Brun du scrutin et sa suspension du PS, visé par des accusations de violences.",https://cdn-s-www.ledauphine.com/images/EFB68591-2DA5-4561-BC27-3E2D2B9E21F6/FB1200/photo-1789890010.jpg,2026-09-20T07:40:00Z,http://web.archive.org/web/20260921021653/https://www.ledauphine.com/elections/2026/09/20/guedj-juge-que-le-ps-est-alle-vite-en-besogne-en-suspendant-philippe-brun,"Le député Jérôme Guedj, candidat à la primaire social-démocrate pour la présidentielle, a jugé « extrêmement violent » dimanche la mise à l'écart de Philippe Brun de ce scrutin et sa suspension du Pa… [+2394 chars]",,fr,'Jérôme Guedj'
https://www.huffingtonpost.fr/politique/article/l-eviction-de-philippe-brun-de-la-primaire-du-parti-socialiste-ne-fait-pas-l-unanimite-chez-les-candidats_327824.html,https://www.huffingtonpost.fr/politique/article/l-eviction-de-philippe-brun-de-la-primaire-du-parti-socialiste-ne-fait-pas-l-unanimite-chez-les-candidats_327824.html,0,www.huffingtonpost.fr,L’éviction de Philippe Brun de la primaire du Parti socialiste ne fait pas l’unanimité chez les candidats,"Le député Jérôme Guedj, candidat à ce scrutin interne, juge la décision de la direction du PS « extrêmement violente. »",https://focus.huffingtonpost.fr/2026/01/07/25/0/5184/2916/1820/1023/75/0/8ac5e3e_upload-1-a0zjtxujrv9s-afp-20251102-hl-bohier-2938873-v1-highres-franceplfpoliticsnationalassemblypari.jpg,2026-09-20T09:18:22Z,,"La décision continue dalimenter les discussions. Le député Jérôme Guedj, candidat à la primaire sociale-démocrate pour la présidentielle, a jugé « extrêmement violent » ce dimanche 20 septembre la mi… [+2232 chars]",,fr,'Jérôme Guedj'
https://www.nouvelobs.com/politique/20260920.OBS118421/primaire-de-la-gauche-la-suspension-de-philippe-brun-jugee-extremement-violente-par-jerome-guedj.html,https://www.nouvelobs.com/politique/20260920.OBS118421/primaire-de-la-gauche-la-suspension-de-philippe-brun-jugee-extremement-violente-par-jerome-guedj.html,0,www.nouvelobs.com,Primaire de la gauche : la suspension de Philippe Brun jugée « extrêmement violente » par Jérôme Guedj,"Alors que le député de l’Eure a été mis à l’écart de la primaire social-démocrate, son rival Jérôme Guedj monte au créneau pour le défendre.",https://focus.nouvelobs.com/2026/09/16/0/0/5656/3771/1200/800/0/0/199904b_ftp-1-sd6sommjwcjf-afp-c8hm47l.jpg,2026-09-20T11:35:11Z,,"Le député du groupe Socialistes et apparentés Philippe Brun sexprime devant les médias lors dune conférence de presse à lAssemblée nationale, à Paris, le 16 septembre 2026. SIMON WOHLFAHRT / AFP
Les… [+3093 chars]",,fr,'Philippe Brun'
https://www.ledauphine.com/elections/2026/09/20/royal-n-epargne-pas-glucksmann-vous-ne-mettez-pas-un-stagiaire-a-la-tete-d-une-entreprise,https://www.ledauphine.com/elections/2026/09/20/royal-n-epargne-pas-glucksmann-vous-ne-mettez-pas-un-stagiaire-a-la-tete-d-une-entreprise,0,www.ledauphine.com,Présidentielle 2027. Royal n'épargne pas Glucksmann : « Vous ne mettez pas un stagiaire à la tête d'une entreprise »,"Dans une interview à Libération, Ségolène Royal estime qu'élire Raphaël Glucksmann président reviendrait à mettre « un stagiaire à la tête d'une entreprise ».",https://cdn-s-www.ledauphine.com/images/85D15B51-16F8-42B2-AAE4-3A34620CE714/FB1200/photo-1789913593.jpg,2026-09-20T14:12:00Z,,Ségolène Royal est à l'offensive. La candidate à la primaire sociale-démocrate a épinglé dimanche la supposée inexpérience et « méconnaissance du peuple » de son adversaire à la primaire Raphaël Gluc… [+2236 chars],,fr,'Ségolène Royal'
https://www.huffingtonpost.fr/divertissement/article/pour-sa-premiere-dans-quelle-epoque-jesse-n-a-pas-epargne-lea-salame_327890.html,https://www.huffingtonpost.fr/divertissement/article/pour-sa-premiere-dans-quelle-epoque-jesse-n-a-pas-epargne-lea-salame_327890.html,0,www.huffingtonpost.fr,"Pour sa première dans « Quelle Époque ! », Jessé n’a pas épargné Léa Salamé","L’humoriste de France Inter, qui prend la place de Paul de Saint Sernin cette saison dans l’émission de France 2, s’est montré particulièrement piquant pour ses débuts.",https://focus.huffingtonpost.fr/2026/09/20/0/0/1258/707/1820/1023/75/0/a7e2f10_upload-1-igiu32mfxwfd-e.jpg,2026-09-20T14:14:25Z,,"Léa Salamé a fait sa rentrée, samedi 19 septembre, à la présentation de Quelle Époque ! sur France 2. La journaliste, qui sest retirée du 20 heures de la chaîne publique le 24 août en raison de la ca… [+3092 chars]",,fr,'Léa Salamé'
https://www.20minutes.fr/politique/4247064-20260920-presidentielle-mettez-stagiaire-tete-entreprise-segolene-royal-dezingue-glucksmann,https://www.20minutes.fr/politique/4247064-20260920-presidentielle-mettez-stagiaire-tete-entreprise-segolene-royal-dezingue-glucksmann,0,www.20minutes.fr,Présidentielle : « Vous ne mettez pas un stagiaire à la tête d’une entreprise »… Royal dézingue Glucksmann,"À trois semaines du premier tour de la primaire social-démocrate, Ségolène Royal tacle Raphaël Glucksmann dans « Libération », qu’elle juge trop inexpérimenté pour diriger le pays",https://img.20mn.fr/frHYWvinRTKFM3i4R0Fqhyk/1444x920_a-alger-en-algerie-le-29-janvier-2026-segolene-royal-presidente-de-l-association-france-algerie-a-participe-a-une-reunion-visant-a-renforcer-les-liens-culturels-et-diplomatiques-entre-les-deux-pays-pp-agency-sipa-09728-credit-fateh-guidoum-pp-agency-sipa-2601301300,2026-09-20T14:53:02Z,http://web.archive.org/web/20260921025500/https://www.20minutes.fr/politique/4247064-20260920-presidentielle-mettez-stagiaire-tete-entreprise-segolene-royal-dezingue-glucksmann,"Ségolène Royal ny est pas allée de main morte. Dans une interview donnée à Libération, ce dimanche, elle épingle la supposée inexpérience et « méconnaissance du peuple » de son adversaire à la primai… [+2251 chars]",,fr,'Ségolène Royal'
https://www.franceinfo.fr/politique/ps/primaire-a-gauche/vous-ne-mettez-pas-un-stagiaire-a-la-tete-d-une-entreprise-estime-segolene-royal-a-propos-de-la-candidature-de-raphael-glucksmann-a-la-presidentielle_8201996.html,https://www.franceinfo.fr/politique/ps/primaire-a-gauche/vous-ne-mettez-pas-un-stagiaire-a-la-tete-d-une-entreprise-estime-segolene-royal-a-propos-de-la-candidature-de-raphael-glucksmann-a-la-presidentielle_8201996.html,0,www.franceinfo.fr,"""Vous ne mettez pas un stagiaire à la tête d'une entreprise"", estime Ségolène Royal à propos de la candidature de Raphaël Glucksmann à la présidentielle","L'ancienne ministre socialiste épingle la supposée inexpérience et la ""méconnaissance du peuple"" de son adversaire à la primaire sociale-démocrate, dans une interview au quotidien ""Libération"".",https://www.franceinfo.fr/pictures/u9dkxIZyHWnHaWw2O1Uz-kvaVJY/0x452:6922x4346/1500x843/2026/09/20/6aaffe4a39407265546768.jpg,2026-09-20T15:51:10Z,,"L'élire président reviendrait à mettre ""un stagiaire à la tête d'une entreprise"", selon elle. Ségolène Royal juge sévèrement son adversaire à la primaire sociale-démocrate Raphaël Glucksmann, dimanch… [+979 chars]",,fr,'Ségolène Royal'
https://www.huffingtonpost.fr/politique/article/segolene-royal-lache-ses-coups-contre-raphael-glucksmann-un-stagiaire-qui-veut-s-allier-a-la-macronie_328055.html,https://www.huffingtonpost.fr/politique/article/segolene-royal-lache-ses-coups-contre-raphael-glucksmann-un-stagiaire-qui-veut-s-allier-a-la-macronie_328055.html,0,www.huffingtonpost.fr,"Ségolène Royal lâche ses coups contre Raphaël Glucksmann, un « stagiaire » qui veut s’allier à la macronie","Alors que le premier tour de la primaire social-démocrate aura lieu les 9 et 10 octobre, la candidate socialiste y est allée d’une sortie médiatique remarquée ce dimanche.",https://focus.huffingtonpost.fr/2026/09/20/0/0/4724/2657/1820/1023/75/0/cb59247_upload-1-nihvgucgzmcn-afp-20260829-hl-fpetry-3268944-v1-highres-francesocialistcampus2026inblois.jpg,2026-09-20T16:02:03Z,,La sortie est particulièrement incisive. Ségolène Royal a épinglé ce dimanche 20 septembre la supposée inexpérience et « méconnaissance du peuple » de son adversaire à la primaire social-démocrate Ra… [+2329 chars],,fr,'Ségolène Royal'
https://www.bfmtv.com/politique/elections/presidentielle/il-est-stagiaire-en-politique-segolene-royal-etrille-raphael-glucksmann-qui-n-a-jamais-gere-quoi-que-ce-soit_AP-202609200329.html,https://www.bfmtv.com/politique/elections/presidentielle/il-est-stagiaire-en-politique-segolene-royal-etrille-raphael-glucksmann-qui-n-a-jamais-gere-quoi-que-ce-soit_AP-202609200329.html,0,www.bfmtv.com,"""Il est stagiaire en politique"": Ségolène Royal étrille Raphaël Glucksmann, qui ""n'a jamais géré quoi que ce soit""","Invitée du Grand Oral de BFMTV, la candidate à la primaire social-démocrate a étrillé son rival Raphaël Glucksmann, pointant son inexpérience en politique.",https://io-fsly-bfmtv.cdn.nextradiotv.com/Z7g-xtvibldg6wnQhKUY26fc6bg=/0x0:1920x1080/1920x0/images/Segolene-Royal-le-20-septembre-2026-sur-le-plateau-de-BFMTV-2351329.jpg,2026-09-20T17:52:46Z,http://web.archive.org/web/20260921061321/https://www.bfmtv.com/politique/elections/presidentielle/il-est-stagiaire-en-politique-segolene-royal-etrille-raphael-glucksmann-qui-n-a-jamais-gere-quoi-que-ce-soit_AP-202609200329.html,"Invitée du Grand Oral de BFMTV, la candidate à la primaire social-démocrate a étrillé son rival Raphaël Glucksmann, pointant son inexpérience en politique.
""La situation est telle que les Français v… [+1827 chars]",,fr,'Ségolène Royal'
https://www.lalibre.be/international/amerique/2026/09/20/trump-rencontre-lundi-a-new-york-le-maire-de-la-ville-mamdani-LMSNOEMCFZDW3H63QSGN3WOO3E/,https://www.lalibre.be/international/amerique/2026/09/20/trump-rencontre-lundi-a-new-york-le-maire-de-la-ville-mamdani-LMSNOEMCFZDW3H63QSGN3WOO3E/,0,www.lalibre.be,Trump rencontre lundi à New York le maire de la ville Mamdani,"Donald Trump rencontrera lundi à New York le maire de la ville, Zohran Mamdani, jeune élu issu de la gauche du Parti démocrate et opposant résolu à la politique du président américain, a annoncé dimanche la mairie. ...",https://www.lalibre.be/resizer/v2/AERBG6CQV5BCFJYPQSE64L43O4.jpg?auth=20024b0e8be5a124eebd2ca4896ae3df50e39e10ab643583eb8cd9b17e9d2941&width=1200&height=630&quality=85&focal=2070%2C1380,2026-09-20T20:25:35Z,http://web.archive.org/web/20260921000455/https://www.lalibre.be/international/amerique/2026/09/20/trump-rencontre-lundi-a-new-york-le-maire-de-la-ville-mamdani-LMSNOEMCFZDW3H63QSGN3WOO3E/,"À New York, le maire Zohran Mamdani impose ses trois candidats aux primaires démocratesDurant la campagne municipale, Donald Trump, 80 ans, avait soutenu son principal adversaire Andrew Cuomo, ex-gou… [+1066 chars]",,fr,'Zohran Mamdani'
https://www.franceinfo.fr/elections/presidentielle/presidentielle-2027-j-ai-le-sentiment-que-bien-des-programmes-sont-un-peu-courts-sur-pattes-estime-dominique-de-villepin-ancien-premier-ministre_8202191.html,https://www.franceinfo.fr/elections/presidentielle/presidentielle-2027-j-ai-le-sentiment-que-bien-des-programmes-sont-un-peu-courts-sur-pattes-estime-dominique-de-villepin-ancien-premier-ministre_8202191.html,0,www.franceinfo.fr,"Présidentielle 2027 : ""J'ai le sentiment que bien des programmes sont un peu courts sur pattes"", estime Dominique de Villepin, ancien Premier ministre","Dominique de Villepin, ancien Premier ministre, était l’invité du Grand Enjeu sur franceinfo ce dimanche 20 septembre. Il a, au cours de l’entretien, évoqué les candidats à la présidentielle 2027 et leur programme.",https://www.franceinfo.fr/pictures/D-VcjfsNx2O3Wq2SI4pWeLU7nCM/0x0:1920x1080/1500x843/2026/09/20/6ab0407e837ef929731938.jpg,2026-09-20T20:33:37Z,,"Dominique de Villepin, ancien Premier ministre, était linvité du Grand Enjeu sur franceinfo ce dimanche 20 septembre. Il a, au cours de lentretien, évoqué les candidats à la présidentielle 2027 et le… [+4385 chars]",,fr,'Premier ministre'
https://www.20minutes.fr/politique/4247102-20260920-presidentielle-2027-royal-etrille-glucksmann-peau-banane-ciotti-retailleau,https://www.20minutes.fr/politique/4247102-20260920-presidentielle-2027-royal-etrille-glucksmann-peau-banane-ciotti-retailleau,0,www.20minutes.fr,"Présidentielle 2027 : Royal étrille Glucksmann, la peau de banane de Ciotti à Retailleau","D’ici à l’élection présidentielle en avril, « 20 Minutes » vous livre le dimanche soir les dernières informations de la campagne. Aujourd’hui, Ségolène Royal a régalé avec une punchline acide à l’égard de Raphaël Glucksmann",https://img.20mn.fr/1w-biFGDR9q1JNeQzQnjcyk/1444x920_francia-valence-01-10-2023-bruno-retailleau-et-eric-ciotti-sur-scene-lors-de-la-cloture-de-la-deuxieme-journee-du-campus-jeunesse-lr-les-republicains-photographie-de-nicolas-guyonnet-hans-lucas-francia-valence-01-10-2023-bruno-retailleau-et-eric-ciotti-sur-scene-lors-de-la-cloture-de-la-deuxieme-journee-du-campus-des-jeunes-lr-les-republicains-fotografie-di-nicolas-guyonnet-hans-lucas-photo-de-nicolas-guyonnet-hans-lucas-via-afp,2026-09-20T21:00:30Z,http://web.archive.org/web/20260920234331/https://www.20minutes.fr/politique/4247102-20260920-presidentielle-2027-royal-etrille-glucksmann-peau-banane-ciotti-retailleau,"Vous avez passé un bon dimanche ? On se réjouit pour vous, nous, on a suivi les émissions politiques du jour, lu les pages politique des quotidiens Bref, on a scruté les petites phrases, les faits et… [+2692 chars]",,fr,'Ségolène Royal'
https://www.bfmtv.com/politique/elysee/donald-trump-va-rencontrer-emmanuel-macron-ce-lundi-a-new-york-avant-l-assemblee-generale-des-nations-unies_AD-202609210053.html,https://www.bfmtv.com/politique/elysee/donald-trump-va-rencontrer-emmanuel-macron-ce-lundi-a-new-york-avant-l-assemblee-generale-des-nations-unies_AD-202609210053.html,0,www.bfmtv.com,Donald Trump va rencontrer Emmanuel Macron ce lundi à New York avant l'Assemblée générale des Nations unies,"Un entretien entre le président des États-Unis et le chef de l'État français est prévu en fin de journée ce lundi à New York, où les deux dirigeants se rendent pour participer à l'Assemblée générale des Nations unies.",https://io-fsly-bfmtv.cdn.nextradiotv.com/A9CHsSBRc13-UJt9qhA7YYYDVsQ=/0x12:2048x1164/2048x0/images/Trump-Macron-2205684.jpg,2026-09-21T03:59:04Z,http://web.archive.org/web/20260922001816/https://www.bfmtv.com/politique/elysee/donald-trump-va-rencontrer-emmanuel-macron-ce-lundi-a-new-york-avant-l-assemblee-generale-des-nations-unies_AD-202609210053.html,"Un entretien entre le président des États-Unis et le chef de l'État français est prévu en fin de journée ce lundi à New York, où les deux dirigeants se rendent pour participer à l'Assemblée générale … [+2447 chars]",,fr,'Zohran Mamdani'
https://www.franceinfo.fr/monde/usa/donald-trump-va-rencontrer-emmanuel-macron-a-new-york-lundi-soir-en-marge-de-l-assemblee-generale-des-nations-unies_8202458.html,https://www.franceinfo.fr/monde/usa/donald-trump-va-rencontrer-emmanuel-macron-a-new-york-lundi-soir-en-marge-de-l-assemblee-generale-des-nations-unies_8202458.html,0,www.franceinfo.fr,Donald Trump va rencontrer Emmanuel Macron à New York lundi soir en marge de l'Assemblée générale des Nations Unies,"L'entretien est prévu à 23h35 heure de Paris, selon l'agenda du président américain publié dimanche soir.",https://www.franceinfo.fr/pictures/LG0vdiGECzavm2vSjfSGT2esEu4/0x49:1024x625/1500x843/2026/09/21/6ab0b07eb5218577879174.jpg,2026-09-21T04:22:20Z,http://web.archive.org/web/20260921180051/https://www.franceinfo.fr/monde/usa/donald-trump-va-rencontrer-emmanuel-macron-a-new-york-lundi-soir-en-marge-de-l-assemblee-generale-des-nations-unies_8202458.html,"Donald Trump rencontrera Emmanuel Macron, lundi 21 septembre, dans la soirée à New York, où les deux dirigeants doivent participer cette semaine à l'Assemblée générale des Nations Unies, a annoncé la… [+2090 chars]",,fr,'Emmanuel Macron'
https://www.ledauphine.com/politique/2026/09/21/donald-trump-rencontrera-emmanuel-macron-a-new-york-ce-lundi,https://www.ledauphine.com/politique/2026/09/21/donald-trump-rencontrera-emmanuel-macron-a-new-york-ce-lundi,0,www.ledauphine.com,Politique. Donald Trump rencontrera Emmanuel Macron à New York ce lundi,"L’Assemblée générale des Nations unies commence ce lundi à New York. Donald Trump doit rencontrer Emmanuel Macron après Zohran Mamdani, le maire de New York. Un entretien avec Volodymyr Zelensky est également attendu.",https://cdn-s-www.ledauphine.com/images/14B0FCCC-D856-45E8-98CC-5A1AEB44FB8E/FB1200/photo-1789964949.jpg,2026-09-21T04:33:00Z,http://web.archive.org/web/20260922035142/https://www.ledauphine.com/politique/2026/09/21/donald-trump-rencontrera-emmanuel-macron-a-new-york-ce-lundi,"Donald Trump rencontrera son homologue français Emmanuel Macron ce lundi à New York, où les deux dirigeants doivent participer cette semaine à lAssemblée générale des Nations unies, a annoncé la Mais… [+2192 chars]",,fr,'Volodymyr Zelensky'
https://www.journaldunet.com/business/action-publique/1555135-donald-trump-va-rencontrer-emmanuel-macron-lundi-soir-a-new-york-en-marge-de-l-assemblee-generale-des-nations-unies/,https://www.journaldunet.com/business/action-publique/1555135-donald-trump-va-rencontrer-emmanuel-macron-lundi-soir-a-new-york-en-marge-de-l-assemblee-generale-des-nations-unies/,0,www.journaldunet.com,Donald Trump va rencontrer Emmanuel Macron lundi soir à New York en marge de l'AG des Nations unies,"Les deux présidents se retrouvent dans un contexte de tensions internationales et de débats sur la souveraineté, à l'occasion de l'Assemblée générale de l'ONU.",https://img-0.journaldunet.com/GnXC01nS0M9zXUlgN8Dmk7M2EWg=/1500x/smart/da67842305934a89a1f26b7d65770468/ccmcms-jdn/39543903.jpg,2026-09-21T07:44:44Z,,"Les deux présidents se retrouvent dans un contexte de tensions internationales et de débats sur la souveraineté, à l'occasion de l'Assemblée générale de l'ONU.
Je m'abonne aux Infos à ne pas rater
… [+2516 chars]",,fr,'Zohran Mamdani'
https://www.franceinfo.fr/politique/ps/segolene-royal-rappelee-a-l-ordre-par-la-commission-d-organisation-de-la-primaire-socialiste-apres-avoir-compare-raphael-glucksmann-a-un-stagiaire_8202650.html,https://www.franceinfo.fr/politique/ps/segolene-royal-rappelee-a-l-ordre-par-la-commission-d-organisation-de-la-primaire-socialiste-apres-avoir-compare-raphael-glucksmann-a-un-stagiaire_8202650.html,0,www.franceinfo.fr,"Ségolène Royal rappelée à l'ordre par la commission d'organisation de la primaire socialiste après avoir comparé Raphaël Glucksmann à un ""stagiaire""","""Nous demandons fermement à Ségolène Royal de revenir à une attitude respectueuse à l’égard du processus démocratique de la primaire ainsi qu’à tous à se conformer à un esprit de camaraderie"", a réagi le président de la commission, Patrick Mennucci lundi.",https://www.franceinfo.fr/pictures/IBmUZtObzrehTsmeuVtq8xYW7pk/0x53:1024x629/1500x843/2026/09/21/6ab0e60add28a419163047.jpg,2026-09-21T08:17:44Z,http://web.archive.org/web/20260922000616/https://www.franceinfo.fr/politique/ps/segolene-royal-rappelee-a-l-ordre-par-la-commission-d-organisation-de-la-primaire-socialiste-apres-avoir-compare-raphael-glucksmann-a-un-stagiaire_8202650.html,"Ségolène Royal a été rappelée à l'ordre par la commission dorganisation de la primaire socialiste, lundi 21 septembre, pour avoir critiqué avec vigueur Raphaël Glucksmann. La candidate à la primaire … [+1408 chars]",,fr,'Ségolène Royal'
https://www.bfmtv.com/politique/elections/presidentielle/je-n-ai-pas-quemande-des-poste-depuis-45-ans-raphael-glucksmann-repond-a-segolene-royal-qui-l-a-qualifie-de-stagiaire-en-politique_AN-202609210337.html,https://www.bfmtv.com/politique/elections/presidentielle/je-n-ai-pas-quemande-des-poste-depuis-45-ans-raphael-glucksmann-repond-a-segolene-royal-qui-l-a-qualifie-de-stagiaire-en-politique_AN-202609210337.html,0,www.bfmtv.com,"""Je n'ai pas quémandé des poste depuis 45 ans"": Raphaël Glucksmann répond à Ségolène Royal qui l'a qualifié de ""stagiaire en politique""","Le candidat à la primaire sociale-démocrate Raphaël Glucksmann pointe du doigt les ""méthodes"" de Ségolène Royal qui ""avilissent l'ensemble de la classe politique"".",https://io-fsly-bfmtv.cdn.nextradiotv.com/GqQn9EOXJYXugI6KU-PHucAGvX4=/0x106:2048x1258/2048x0/images/Raphael-Glucksmann-fin-aout-2026-aux-universites-d-ete-du-PS-a-Blois-2343715.jpg,2026-09-21T08:35:49Z,,"Le candidat à la primaire sociale-démocrate Raphaël Glucksmann pointe du doigt les ""méthodes"" de Ségolène Royal qui ""avilissent l'ensemble de la classe politique"".
Le coprésident de Place publique e… [+3132 chars]",,fr,'Ségolène Royal'
https://www.bfmtv.com/politique/elections/presidentielle/un-stagiaire-en-politique-segolene-royal-rappelee-a-l-ordre-par-la-commission-d-organisation-de-la-primaire-a-gauche-apres-son-tacle-contre-raphael-glucksman_AV-202609210343.html,https://www.bfmtv.com/politique/elections/presidentielle/un-stagiaire-en-politique-segolene-royal-rappelee-a-l-ordre-par-la-commission-d-organisation-de-la-primaire-a-gauche-apres-son-tacle-contre-raphael-glucksman_AV-202609210343.html,0,www.bfmtv.com,"""Un stagiaire en politique"": Ségolène Royal rappelée à l’ordre par la commission d'organisation de la primaire à gauche après son tacle contre Raphaël Glucksman","La Commission d’organisation de la primaire sociale-démocrate a rappelé à l'ordre Ségolène Royal pour ses propos jugés inappropriés contre son adversaire Raphaël Glucksmann. Invitée ce dimanche sur BFMTV, la candidate à l'élection présidentielle a qualifié Ra…",https://io-fsly-bfmtv.cdn.nextradiotv.com/tf0twTbZB6dtd-def952v-ZFUsI=/0x0:1920x1080/1920x0/images/Segolene-Royal-le-20-septembre-2026-sur-BFMTV-2351314.jpg,2026-09-21T08:42:38Z,,La Commission dorganisation de la primaire sociale-démocrate a rappelé à l'ordre Ségolène Royal pour ses propos jugés inappropriés contre son adversaire Raphaël Glucksmann. Invitée ce dimanche sur BF… [+3882 chars],,fr,'Raphaël Glucksmann'
https://www.huffingtonpost.fr/politique/article/presidentielle-2027-raphael-glucksmann-n-est-pas-le-seul-a-protester-contre-cette-sortie-de-segolene-royal_328453.html,https://www.huffingtonpost.fr/politique/article/presidentielle-2027-raphael-glucksmann-n-est-pas-le-seul-a-protester-contre-cette-sortie-de-segolene-royal_328453.html,0,www.huffingtonpost.fr,Présidentielle 2027 : Raphaël Glucksmann n’est pas le seul à protester contre cette sortie de Ségolène Royal,"La candidate à la primaire du PS a qualifié son rival de « stagiaire », ce qui lui a valu d’être recadrée par les organisateurs, qui dénoncent des « moqueries inadmissibles ».",https://focus.huffingtonpost.fr/2026/09/21/101/0/5364/3017/1820/1023/75/0/312d05f_upload-1-h6ekxqnchqvp-afp-20260129-app-notitle260129-npwzw-v1-highres-segoleneroyalpresidentofthefran.jpg,2026-09-21T09:20:06Z,,"Ambiance glaciale. À quelques semaines du premier tour de la primaire du Parti socialiste et de Place publique, qui aura lieu les 9 et 10 octobre, les candidats durcissent leurs attaques. Dernier exe… [+2988 chars]",,fr,'Raphaël Glucksmann'
https://www.20minutes.fr/politique/4247318-20260921-presidentielle-2027-traite-stagiaire-glucksmann-rappelle-segolene-royal-periode-reine-neiges,https://www.20minutes.fr/politique/4247318-20260921-presidentielle-2027-traite-stagiaire-glucksmann-rappelle-segolene-royal-periode-reine-neiges,0,www.20minutes.fr,"Présidentielle 2027 : Traité de « stagiaire », Glucksmann rappelle à Ségolène Royal sa période « Reine des neiges »",Le candidat à la primaire social-démocrate estime que les attaques de Ségolène Royal « ce n’est pas au niveau » et regrette être « sa première cible »,https://img.20mn.fr/9SyqnCIYTJOPaplvvZRqwSk/1444x920_raphael-glucksmann-raphael-glucksmann-candidat-aux-primaires-des-partis-socialiste-ps-et-de-centre-gauche-place-publique-pp-avant-l-election-presidentielle-francaise-de-2027-participe-aux-rencontres-de-la-gauche-les-rencontres-de-la-gauche-a-bram-dans-le-sud-de-la-france-le-19-septembre-2026-raphael-glucksmann-co-president-de-place-publique-pp-et-candidat-a-la-primaire-socialiste-ps-participe-aux-rencontres-de-la-gauche-a-bram-le-samedi-19-septembre-2026-alain-robert-1y8a4147-credit-alain-robert-sipa-2609200910,2026-09-21T09:29:36Z,http://web.archive.org/web/20260921180537/https://www.20minutes.fr/politique/4247318-20260921-presidentielle-2027-traite-stagiaire-glucksmann-rappelle-segolene-royal-periode-reine-neiges,"Ça sécharpe encore à gauche. Après avoir été qualifié de « stagiaire » par Ségolène Royal, le candidat à la primaire social-démocrate Raphaël Glucksmann a rétorqué ce lundi affirmant navoir pas « qué… [+2198 chars]",,fr,'Ségolène Royal'
https://www.nouvelobs.com/politique/20260921.OBS118444/glucksmann-en-burn-out-hollande-pathetique-faure-un-peu-retors-segolene-royal-flingue-ses-concurrents.html,https://www.nouvelobs.com/politique/20260921.OBS118444/glucksmann-en-burn-out-hollande-pathetique-faure-un-peu-retors-segolene-royal-flingue-ses-concurrents.html,0,www.nouvelobs.com,"Glucksmann « en burn-out », Hollande « pathétique », Faure « un peu retors » : Ségolène Royal flingue ses concurrents","L’ex-finaliste de la présidentielle de 2007 a su imposer sa candidature dans la primaire du PS et de Place publique. Infatigable prêtresse de « l’ordre juste », « Ségo » n’a peur de personne et se voit déjà au second tour face à Marine Le Pen.",https://focus.nouvelobs.com/2026/09/21/0/0/8256/5504/1200/800/0/0/6100351_upload-1-gb4bh4yx0jn3-andia-abc-1015679-001.jpg,2026-09-21T10:30:11Z,http://web.archive.org/web/20260921105329/https://www.nouvelobs.com/politique/20260921.OBS118444/glucksmann-en-burn-out-hollande-pathetique-faure-un-peu-retors-segolene-royal-flingue-ses-concurrents.html,"Ségolène Royal, candidate à la primaire du pôle socialiste, lors de luniversité dété du PS, le 29 août 2026 à Blois. BLONDET/ABC/ANDIA.FR 
« Oh, regardez, à la fenêtre, les papillons » Ce mardi de s… [+1443 chars]",,fr,'Ségolène Royal'
https://www.franceinfo.fr/politique/ps/primaire-socialiste/raphael-glucksmann-mme-royal-ne-gagnera-absolument-pas-cette-primaire_8202917.html,https://www.franceinfo.fr/politique/ps/primaire-socialiste/raphael-glucksmann-mme-royal-ne-gagnera-absolument-pas-cette-primaire_8202917.html,0,www.franceinfo.fr,"Raphaël Glucksmann : ""Mme Royal ne gagnera absolument pas cette primaire""","Raphaël Glucksmann, candidat à la primaire socialiste",https://www.franceinfo.fr/pictures/KwiEbhYsxlSCYJWf6KTylduyfWw/0x0:900x1600/fit-in/1500x843/filters:upscale():fill(blur)/2026/09/21/6ab10e7f17ca6011124322.jpg,2026-09-21T11:01:54Z,http://web.archive.org/web/20260922002437/https://www.franceinfo.fr/politique/ps/primaire-socialiste/raphael-glucksmann-mme-royal-ne-gagnera-absolument-pas-cette-primaire_8202917.html,"Traité de ""stagiaire"", par Ségolène Royal, Raphaël Glucksmann la tacle sur son expérience politique dans le 8h30 franceinfo. ""Elle a raison de souligner que je ne suis pas, moi, en politique depuis 4… [+562 chars]",,fr,'Raphaël Glucksmann'
https://www.huffingtonpost.fr/politique/article/pour-la-presidentielle-2027-marine-tondelier-reste-la-candidate-des-ecologistes-du-moins-jusqu-a-decembre_328583.html,https://www.huffingtonpost.fr/politique/article/pour-la-presidentielle-2027-marine-tondelier-reste-la-candidate-des-ecologistes-du-moins-jusqu-a-decembre_328583.html,0,www.huffingtonpost.fr,"Pour la présidentielle 2027, Marine Tondelier reste la candidate des Écologistes, du moins jusqu’à décembre","En l’absence de primaire de la gauche pour 2027, les Écologistes ont choisi de repousser la définition de leur stratégie présidentielle à la fin d’année.",https://focus.huffingtonpost.fr/2026/09/08/0/0/9504/5346/1820/1023/75/0/d0e66ce_upload-1-bnwjxvakhwnh-afp-20260908-hl-bandre-3280563-v1-highres-francerallycomprehensivelawparis.jpg,2026-09-21T13:59:04Z,,"Une victoire aux airs de sursis. Désignée en 2025 représentante de son parti pour une primaire de la gauche (hors LFI) qui ne verra finalement jamais le jour, Marine Tondelier reste le choix numéro 1… [+1938 chars]",,fr,'Marine Tondelier'
https://www.20minutes.fr/arts-stars/people/4247445-20260921-dakota-johnson-longtemps-frequente-chris-martin-trouve-musiciens-compliques,https://www.20minutes.fr/arts-stars/people/4247445-20260921-dakota-johnson-longtemps-frequente-chris-martin-trouve-musiciens-compliques,0,www.20minutes.fr,"Dakota Johnson, qui a longtemps fréquenté Chris Martin, trouve que les musiciens sont « compliqués »",L’actrice de « Cinquante Nuances de Grey » s’est aussi confiée sur son désir d’enfant,https://img.20mn.fr/vHtjMaP3TDqUu8OOvcidbCk/1444x920_dakota-johnson-actrice,2026-09-21T14:22:15Z,http://web.archive.org/web/20260921235309/https://www.20minutes.fr/arts-stars/people/4247445-20260921-dakota-johnson-longtemps-frequente-chris-martin-trouve-musiciens-compliques,"Dakota Johnson a un avis bien tranché sur les musiciens en amour. Et lactrice de 36 ans sait de quoi elle parle, puisquelle en a fréquenté quelques-uns au cours des dix dernières années. Pendant huit… [+1940 chars]",,fr,'Dakota Johnson'
https://www.huffingtonpost.fr/politique/article/comment-l-action-internationale-d-emmanuel-macron-oblige-les-candidats-a-la-presidentielle-a-revoir-leur-agenda_328465.html,https://www.huffingtonpost.fr/politique/article/comment-l-action-internationale-d-emmanuel-macron-oblige-les-candidats-a-la-presidentielle-a-revoir-leur-agenda_328465.html,0,www.huffingtonpost.fr,Comment l’action internationale d’Emmanuel Macron oblige les candidats à la présidentielle à revoir leur agenda,"Les crises internationales, sur lesquelles insistent le chef de l’État, perturbent les candidats, sur le fond comme sur la forme.",https://focus.huffingtonpost.fr/2026/09/21/0/0/2942/1654/1820/1023/75/0/e9a6efa_upload-1-1hpp0wgsxb9k-afp-20260918-c8nh6q4-v2-highres-france2027politicsdiplomacywarparties.jpg,2026-09-21T14:57:40Z,,"Il y a des volte-face qui en disent long. Après la réunion convoquée par le chef de lÉtat ce vendredi 18 septembre, Marine Le Pen et Jordan Bardella ont tenté de revoir leur copie internationale, en … [+5170 chars]",,fr,'Emmanuel Macron'
https://www.dhnet.be/medias/television/2026/09/21/france-2-reporte-le-retour-dune-emission-culte-des-annees-80-et-90-FWSYOYE4C5GCNCNEDZ6C2JMAOY/,https://www.dhnet.be/medias/television/2026/09/21/france-2-reporte-le-retour-dune-emission-culte-des-annees-80-et-90-FWSYOYE4C5GCNCNEDZ6C2JMAOY/,0,www.dhnet.be,France 2 reporte le retour d’une émission culte des années 80 et 90,La chaîne française n’a pas eu le choix que de modifier ses programmes. ...,https://www.dhnet.be/resizer/v2/FA6VKOP3U5AUJKLYO6GR6MIDMU.jpg?auth=cc0ddbc02014108358c2933263b32c307de46c19be0033d67bb5c91042a84f7c&width=1200&height=630&quality=85&focal=4128%2C2752,2026-09-21T17:19:12Z,,"Changement de programme sur France 2 : une émission phare se met en mode ""été"" et ne reviendra pas avant le 16 août prochainLa raison ? Emmanuel Macron prendra la parole à 20 heures ce soir-là lors d… [+676 chars]",,fr,'Léa Salamé'
https://www.huffingtonpost.fr/politique/article/presidentielle-2027-segolene-royal-la-candidate-inattendue-qui-dynamite-la-primaire-socialiste_328460.html,https://www.huffingtonpost.fr/politique/article/presidentielle-2027-segolene-royal-la-candidate-inattendue-qui-dynamite-la-primaire-socialiste_328460.html,0,www.huffingtonpost.fr,"Présidentielle 2027 : Ségolène Royal, la candidate inattendue qui dynamite la primaire socialiste","L’ancienne ministre, qui ne mâche pas ses mots, fait un début de campagne très remarqué. Elle tient un meeting ce mardi soir à Alfortville.",https://focus.huffingtonpost.fr/2026/09/21/417/0/4724/2657/1820/1023/75/0/01d6e5b_upload-1-s22m6qq8b9hc-afp-20230402-hl-fpetry-2024112-v1-highres-francenationalbookandwinedays2023insa.jpg,2026-09-22T04:00:10Z,,"Au début, pas grand monde ne la prenait au sérieux. La déclaration de candidature de Ségolène Royal, tombée au beau milieu de lété, sest accompagnée de rires moqueurs et de longs soupirs. « Elle nira… [+5128 chars]",,fr,'Ségolène Royal'
https://www.bfmtv.com/international/amerique-nord/etats-unis/donald-trump-et-zohran-mamdani-affichent-de-nouveau-leur-bonne-entente-a-new-york-et-promettent-un-nouveau-niveau-de-dialogue_AD-202609220194.html,https://www.bfmtv.com/international/amerique-nord/etats-unis/donald-trump-et-zohran-mamdani-affichent-de-nouveau-leur-bonne-entente-a-new-york-et-promettent-un-nouveau-niveau-de-dialogue_AD-202609220194.html,0,www.bfmtv.com,"Donald Trump et Zohran Mamdani affichent de nouveau leur bonne entente à New York et promettent ""un nouveau niveau de dialogue""","Le président américain et le maire de New-York ont eu, ce lundi 21 septembre, une conversation ""productive"". Donald Trump a par ailleurs estimé que Zohran Mamdani avait le ""potentiel"" pour être un ""grand maire"".",https://io-fsly-bfmtv.cdn.nextradiotv.com/786lF1o9v6JEDHNlWYxS0L6W2CQ=/0x107:2048x1259/2048x0/images/Donald-Trump-et-Zohran-Mamdan-le-21-septembre-2026-a-Gracie-Mansion-New-York-2352169.jpg,2026-09-22T06:13:38Z,http://web.archive.org/web/20260923025600/https://www.bfmtv.com/international/amerique-nord/etats-unis/donald-trump-et-zohran-mamdani-affichent-de-nouveau-leur-bonne-entente-a-new-york-et-promettent-un-nouveau-niveau-de-dialogue_AD-202609220194.html,"Le président américain et le maire de New-York ont eu, ce lundi 21 septembre, une conversation ""productive"". Donald Trump a par ailleurs estimé que Zohran Mamdani avait le ""potentiel"" pour être un ""g… [+2507 chars]",,fr,'Zohran Mamdani'
https://www.huffingtonpost.fr/international/article/devant-donald-trump-zohran-mamdani-s-est-fendu-d-une-pique-sur-la-liberte-de-la-presse_328979.html,https://www.huffingtonpost.fr/international/article/devant-donald-trump-zohran-mamdani-s-est-fendu-d-une-pique-sur-la-liberte-de-la-presse_328979.html,0,www.huffingtonpost.fr,"Devant Donald Trump, Zohran Mamdani s’est fendu d’une pique sur la liberté de la presse","Le maire de New York a mis en avant sa capacité à dialoguer avec le président américain, mais il a été cash sur l’exclusion de trois médias de la Maison Blanche par les trumpistes.",https://focus.huffingtonpost.fr/2026/09/22/398/0/8256/4644/1820/1023/75/0/9be54e1_upload-1-02wst9kb5fbg-afp-20260922-c8xr4eb-v1-highres-uspoliticstrumpmamdani.jpg,2026-09-22T06:48:37Z,,À voir aussi sur Le HuffPost La lecture de ce contenu est susceptible dentraîner un dépôt de cookies de la part de lopérateur tiers qui lhéberge. Compte-tenu des choix que vous avez exprimés en matiè… [+4567 chars],,fr,'Donald Trump'
https://www.journaldunet.com/business/action-publique/1555211-referendum-interne-des-ecologistes-sur-la-candidature-de-marine-tondelier-a-la-presidentielle-de-2027/,https://www.journaldunet.com/business/action-publique/1555211-referendum-interne-des-ecologistes-sur-la-candidature-de-marine-tondelier-a-la-presidentielle-de-2027/,0,www.journaldunet.com,Présidentielle : un référendum interne des Ecologistes tranchera la candidature de Marine Tondelier,Le parti Les Ecologistes soumettra en décembre à ses adhérents la décision de maintenir ou non la candidature autonome de Marine Tondelier à l'élection présidentielle.,https://img-0.journaldunet.com/WcltiwbVe-YJHAzEk0bQSBGvTi0=/1500x/smart/3949b2f1b07d478ab0c7f79be33a33aa/ccmcms-jdn/39543943.jpg,2026-09-22T06:52:51Z,,"Le parti Les Ecologistes soumettra en décembre à ses adhérents la décision de maintenir ou non la candidature autonome de Marine Tondelier à l'élection présidentielle.
Je m'abonne aux Infos à ne pas… [+4049 chars]",,fr,'Yannick Jadot'
https://www.huffingtonpost.fr/culture/article/tom-cruise-fait-sur-l-ia-et-l-humain-au-cinema-un-discours-de-6-minutes-longuement-applaudi_329045.html,https://www.huffingtonpost.fr/culture/article/tom-cruise-fait-sur-l-ia-et-l-humain-au-cinema-un-discours-de-6-minutes-longuement-applaudi_329045.html,0,www.huffingtonpost.fr,"Tom Cruise fait, sur l’IA et l’humain au cinéma, un discours de 6 minutes longuement applaudi",Le comédien était l’invité de l’évènement « BAFTA : Life in Pictures ». L’occasion pour la star de « Mission Impossible » d’évoquer l’intelligence artificielle et la menace qu’elle représente.,https://focus.huffingtonpost.fr/2026/09/22/122/0/4953/2786/1820/1023/75/0/297fb94_upload-1-zue0dovjkcsd-gettyimages-2296467248.jpg,2026-09-22T07:23:00Z,,"« Rien ne vaudra jamais un être humain ». Le lundi 21 septembre, Tom Cruise était à Londres à loccasion dun évènement dédié à sa filmographie. Lors de la soirée « BAFTA : Life in Pictures », le coméd… [+3000 chars]",,fr,'Tom Cruise'
https://www.franceinfo.fr/elections/presidentielle/le-depute-philippe-brun-depose-un-refere-pour-etre-reintegre-au-ps-et-a-la-primaire-apres-sa-suspension-pour-violences_8204246.html,https://www.franceinfo.fr/elections/presidentielle/le-depute-philippe-brun-depose-un-refere-pour-etre-reintegre-au-ps-et-a-la-primaire-apres-sa-suspension-pour-violences_8204246.html,0,www.franceinfo.fr,"Le député Philippe Brun dépose un référé pour être réintégré au PS et à la primaire, après sa suspension pour ""violences""","""Je n'ai jamais levé la main sur une femme, je n'ai jamais été violent avec personne"", a-t-il martelé sur RTL, mardi.",https://www.franceinfo.fr/pictures/li2K2V4WgCI8PJtBevCvxdNW7oI/0x0:1024x576/1500x843/2026/09/22/6ab22e2a98db7200165771.jpg,2026-09-22T07:28:59Z,http://web.archive.org/web/20260922082840/https://www.franceinfo.fr/elections/presidentielle/le-depute-philippe-brun-depose-un-refere-pour-etre-reintegre-au-ps-et-a-la-primaire-apres-sa-suspension-pour-violences_8204246.html,"Il ne compte pas en rester là. Invité de RTL, le député de l'Eure Philippe Brun a annoncé, mardi 22 septembre, qu'il déposait un référé pour réintégrer le parti et la primaire socialiste. Selon lui, … [+1019 chars]",,fr,'Philippe Brun'
https://www.huffingtonpost.fr/politique/article/boris-vallaud-se-dit-consterne-par-la-tournure-que-prend-la-primaire-de-son-propre-parti_329112.html,https://www.huffingtonpost.fr/politique/article/boris-vallaud-se-dit-consterne-par-la-tournure-que-prend-la-primaire-de-son-propre-parti_329112.html,0,www.huffingtonpost.fr,Boris Vallaud se dit « consterné » par la tournure que prend la primaire PS,Le patron des députés PS se dit « peiné » par la façon dont se déroule la campagne pour la primaire. Il demande à « chacun de se reprendre ».,https://focus.huffingtonpost.fr/2026/09/22/224/0/5539/3115/1820/1023/75/0/22ade59_upload-1-yf5qgjovlu6y-afp-20260708-hl-xbouzas-3223302-v1-highres-francepoliticsquestionsgovernmentnat.jpg,2026-09-22T09:32:13Z,http://web.archive.org/web/20260923085620/https://www.huffingtonpost.fr/politique/article/boris-vallaud-se-dit-consterne-par-la-tournure-que-prend-la-primaire-de-son-propre-parti_329112.html,"Contrairement à lengagement pris par Olivier Faure fin août, qui avait promis quil ny aurait « pas de sang sur les murs », lambiance au sein de la primaire de la gauche se tend. Dimanche dans Libérat… [+3097 chars]",,fr,'Boris Vallaud'
https://www.konbini.com/popculture/tom-cruise-a-lache-un-monologue-de-6-minutes-contre-lia-pour-sauver-le-cinoche-et-sa-carriere/,https://www.konbini.com/popculture/tom-cruise-a-lache-un-monologue-de-6-minutes-contre-lia-pour-sauver-le-cinoche-et-sa-carriere/,0,www.konbini.com,Tom Cruise a lâché un monologue de 6 minutes contre l&#8217;IA pour sauver le cinoche et sa carrière,"Invité à Londres pour une rétrospective sur sa carrière, la star de Mission : Impossible et du futur Digger a profité d'une question sur les algorithmes pour rappeler à Hollywood qui est le vrai patron...",https://cdn-www.konbini.com/files/2026/06/Tom-Cruise.jpg?width=1200&height=675,2026-09-22T10:30:41Z,,"Invité à Londres pour une rétrospective sur sa carrière, la star de Mission : Impossible et du futur Digger a profité d’une question sur les algorithmes pour rappeler à Hollywood qui est le vrai patr… [+1975 chars]",,fr,'Tom Cruise'
https://www.courrierinternational.com/article/etats-unis-entre-donald-trump-et-zohran-mamdani-une-entente-cordiale-et-contre-nature_273316,https://www.courrierinternational.com/article/etats-unis-entre-donald-trump-et-zohran-mamdani-une-entente-cordiale-et-contre-nature_273316,0,www.courrierinternational.com,"Entre Donald Trump et Zohran Mamdani, une entente cordiale et “contre-nature”","Lors d’une visite officielle à Gracie Mansion, la résidence des maires de la Grosse Pomme, lundi 21 septembre, le locataire de la Maison-Blanche et le maire de New York ont de nouveau affiché leur étonnante relation, chaleureuse et affable, soulignent les méd…",https://focus.courrierinternational.com/2026/09/22/1/0/7742/5161/1200/630/60/0/830e992_ftp-1-jasdoz9n1vbb-2296464341.jpg,2026-09-22T10:54:07Z,,"Le président Donald Trump et le maire socialiste de New York, Zohran Mamdani, se sont de nouveau rencontrés, cette fois-ci derrière les portes closes de Gracie Mansion, résidence des maires de la Gro… [+2248 chars]",,fr,'nan nan'
https://www.20minutes.fr/monde/allemagne/4247659-20260922-allemagne-elif-eralp-probable-future-maire-berlin-tendance-gauche-radicale,https://www.20minutes.fr/monde/allemagne/4247659-20260922-allemagne-elif-eralp-probable-future-maire-berlin-tendance-gauche-radicale,0,www.20minutes.fr,"Allemagne : Qui est Elif Eralp, la probable future maire de Berlin tendance gauche radicale ?","D’origine turque et comparée à Zohran Mamdani, le maire de New York, la tête de liste de Die Linke a remporté les élections municipales à Berlin, dont elle devrait devenir la nouvelle maire",https://img.20mn.fr/-knD9fn-RbGWH8qJTi8TeSk/1444x920_le-principal-candidat-du-parti-de-gauche-aux-elections-nationales-de-berlin-elif-eralp-prend-la-parole-lors-d-une-conference-de-presse-un-jour-apres-les-elections-nationales-a-berlin-et-dans-le-mecklembourg-pomeranie-occidentale-a-berlin-le-21-septembre-2026-photo-de-ralf-hirschberger-afp,2026-09-22T11:28:10Z,,"Berlin sest choisi une nouvelle maire. Après les élections municipales de ce dimanche remportées dans la capitale allemande par le parti de gauche radicale Die Linke, avec 25,7 % des voix, sa tête de… [+2144 chars]",,fr,'Zohran Mamdani'
https://www.lesnumeriques.com/cine-svod/tom-cruise-alerte-sur-l-arrivee-de-l-ia-a-hollywood-rien-ne-vaut-l-humain-n262182.html,https://www.lesnumeriques.com/cine-svod/tom-cruise-alerte-sur-l-arrivee-de-l-ia-a-hollywood-rien-ne-vaut-l-humain-n262182.html,0,www.lesnumeriques.com,Actualité : Tom Cruise alerte sur l'arrivée de l'IA à Hollywood : “Rien ne vaut l'humain”,"L'acteur de Mission: Impossible et Top Gun: Maverick a partagé son avis sur l'arrivée de l'intelligence artificielle dans le cinéma, tout en réaffirmant sa foi dans la création humaine.",https://cdn.lesnumeriques.com/optim/news/26/262182/4fa25f70-tom-cruise-alerte-sur-l-ia-au-cinema-il-n-y-a-rien-de-comparable-a-l-humain_png__1200_678__0-42-2000-1092.jpg,2026-09-22T12:56:00Z,http://web.archive.org/web/20260922185927/https://www.lesnumeriques.com/cine-svod/tom-cruise-alerte-sur-l-arrivee-de-l-ia-a-hollywood-rien-ne-vaut-l-humain-n262182.html,"À l'occasion d'une soirée BAFTA : Life in Pictures qui se déroulait ce lundi, Tom Cruise a réagi à l'incontournable question sur l'intelligence artificielle, et son utilisation au sein d'Hollywood. E… [+2420 chars]",,fr,'Tom Cruise'
https://www.lexpress.fr/politique/primaire-socialiste-segolene-royal-la-politique-spectacle-au-service-de-sa-revanche-PMYG4NLCJZCC5O45FFREMKZ4JU/,https://www.lexpress.fr/politique/primaire-socialiste-segolene-royal-la-politique-spectacle-au-service-de-sa-revanche-PMYG4NLCJZCC5O45FFREMKZ4JU/,0,www.lexpress.fr,"Primaire socialiste : Ségolène Royal, la politique spectacle au service de sa revanche",Les générations se succèdent mais une certitude demeure comme un jour sans fin : la disponibilité de Ségolène Royal est infaillible.,https://www.lexpress.fr/resizer/v2/IUF32DCFE5CYDNNURDARACPBE4.jpg?auth=f95f3aea95cf42248e8638925f1f20d6a968ec9584f02d2460e45294cefe925a&width=1200&height=630&quality=85&smart=true,2026-09-22T14:00:00Z,,"Août 2024 aux universités dété du Parti socialiste. Matignon en ligne de mire, la gauche se recompose sous les auspices de lunité. Cest ainsi que même linsoumis Eric Coquerel, proche parmi les proche… [+1025 chars]",,fr,'Ségolène Royal'
https://www.journaldunet.com/business/action-publique/1555241-philippe-brun-depose-un-refere-pour-etre-reintegre-au-parti-socialiste-et-a-la-primaire-de-la-gauche/,https://www.journaldunet.com/business/action-publique/1555241-philippe-brun-depose-un-refere-pour-etre-reintegre-au-parti-socialiste-et-a-la-primaire-de-la-gauche/,0,www.journaldunet.com,Philippe Brun dépose un référé pour être réintégré au Parti socialiste et à la primaire de la gauche,"Le député de l'Eure, suspendu du PS à la suite d'accusations de violence, saisit la justice en urgence pour contester son exclusion et participer à la primaire.",https://img-0.journaldunet.com/FTSkEis-a7QcFz2nBiiCVr13FXA=/1500x/smart/faaec218c1b34192bfe92082d6d304c1/ccmcms-jdn/39543976.jpg,2026-09-22T14:18:29Z,,"Le député de l'Eure, suspendu du PS à la suite d'accusations de violence, saisit la justice en urgence pour contester son exclusion et participer à la primaire.
Je m'abonne aux Infos à ne pas rater… [+1939 chars]",,fr,'Philippe Brun'
https://www.huffingtonpost.fr/politique/article/edouard-philippe-etrille-le-tres-tres-immature-gabriel-attal-dans-un-livre_329250.html,https://www.huffingtonpost.fr/politique/article/edouard-philippe-etrille-le-tres-tres-immature-gabriel-attal-dans-un-livre_329250.html,0,www.huffingtonpost.fr,"Édouard Philippe étrille le « très, très immature » Gabriel Attal dans un livre","Dans un ouvrage à paraître ce mercredi, l’ancien Premier ministre s’attache à décrédibiliser le parcours de son principal concurrent au sein de l’espace macroniste.",https://focus.huffingtonpost.fr/2026/08/25/83/0/2895/1628/1820/1023/75/0/2c0cad6_upload-1-drkyql9hszre-afp-20260818-c4wk39f-v1-highres-filesfrancepoliticsrussiacybercrimeinvestigatio.jpg,2026-09-22T15:13:10Z,,"Toutes griffes dehors. Après Ségolène Royal, qui a taxé son concurrent Raphaël Glucksmann de « stagiaire », provoquant une vive montée de tensions autour de la primaire sociale-démocrate, cest au tou… [+2773 chars]",,fr,'Gabriel Attal'
https://www.ledauphine.com/elections/2026/09/22/je-parle-aux-francais-en-meeting-segolene-royal-croit-en-ses-chances-a-la-primaire-socialiste,https://www.ledauphine.com/elections/2026/09/22/je-parle-aux-francais-en-meeting-segolene-royal-croit-en-ses-chances-a-la-primaire-socialiste,0,www.ledauphine.com,"Présidentielle 2027. « Je parle aux Français » : en meeting, Ségolène Royal croit en ses chances à la primaire socialiste","Alors que le premier débat de la primaire social-démocrate aura lieu mercredi sur LCI, Ségolène Royal a réuni ses soutiens ce mardi à Alfortville (Val-de-Marne). Une star de la politique en campagne.",https://cdn-s-www.ledauphine.com/images/8FBAA56E-6B79-441A-9643-E4571A66D16B/FB1200/photo-1790104319.jpg,2026-09-22T19:11:00Z,,"Peut-on faire campagne avec de bons sentiments ? Peut-on remporter une primaire en promettant de la tranquillité, de lapaisement et de la sérénité ? Cest le pari de Ségolène Royal qui, à la veille du… [+3665 chars]",,fr,'Ségolène Royal'
https://www.bfmtv.com/politique/elections/presidentielle/pour-sa-premiere-reunion-publique-a-alfortville-segolene-royal-ressuscite-son-ordre-juste-et-en-appelle-a-une-france-tranquille_AD-202609220939.html,https://www.bfmtv.com/politique/elections/presidentielle/pour-sa-premiere-reunion-publique-a-alfortville-segolene-royal-ressuscite-son-ordre-juste-et-en-appelle-a-une-france-tranquille_AD-202609220939.html,0,www.bfmtv.com,"Pour sa première réunion publique à Alfortville, Ségolène Royal ressuscite son ""ordre juste"" et en appelle à ""une France tranquille""","La candidate à la primaire sociale-démocrate a ressuscité, lors de sa première réunion publique de campagne dans le Val-de-Marne, son slogan de la campagne présidentielle de 2007, en ajoutant, pour faire valoir son expérience politique, une référence à peine …",https://www.bfmtv.com/assets/v26/images/BFMTV_cover.41a384252f74806eae01742dfa373bdd.jpg,2026-09-22T21:41:45Z,,"La candidate à la primaire sociale-démocrate a ressuscité, lors de sa première réunion publique de campagne dans le Val-de-Marne, son slogan de la campagne présidentielle de 2007, en ajoutant, pour f… [+2686 chars]",,fr,'Ségolène Royal'
https://www.ledauphine.com/politique/2026/09/23/segolene-royal-tres-professionnelle,https://www.ledauphine.com/politique/2026/09/23/segolene-royal-tres-professionnelle,0,www.ledauphine.com,"Billet. Ségolène Royal, très professionnelle",Ségolène Royal. Toujours cet aplomb. Son passage comme chroniqueuse chez Hanouna aurait même affûté sa langue fourchue.,https://cdn-s-www.ledauphine.com/images/CFA328B4-56DB-4D5D-8C27-F2CAA2563E8C/FB1200/photo-1747759264.jpg,2026-09-23T04:00:00Z,,"Nétait-ce pas elle qui, dans leuphorie de sa défaite honorable de 2007 face à Sarkozy, appelait à la fraternité? Peut-être même à la fraternitude. Aimez-vous les uns les autres quelle scandait dans s… [+1661 chars]",,fr,'Ségolène Royal'
https://www.20minutes.fr/politique/4247918-20260923-primaire-gauche-segolene-royal-fait-vraiment-salle-comble-premier-meeting,https://www.20minutes.fr/politique/4247918-20260923-primaire-gauche-segolene-royal-fait-vraiment-salle-comble-premier-meeting,0,www.20minutes.fr,Primaire de la gauche : Ségolène Royal ne fait pas vraiment salle comble pour son premier meeting,La candidate à la primaire sociale-démocrate a livré quelques orientations sans présenter son programme ce 22 septembre,https://img.20mn.fr/CAuWrDPYT-qcKpU7fUwRvyk/1444x920_meeting-de-segolene-royal-candidate-a-la-primaire-de-gauche-ps-place-publique-pour-les-elections-presidentielles-2027-au-palais-des-sports-d-alfortville-le-22-septembre-2026-alfortville-france-22-09-2026-reunion-de-segolene-royal-candidate-a-la-primaire-de-la-gauche-du-parti-socialiste-place-publique-pour-les-elections-presidentielles-de-2027-au-palais-des-sports-d-alfortville-le-22-septembre-2026-alfortville-france-22-09-2026-harsin-meetings-royal-primaire-gauche-036-credit-isa-harsin-sipa-2609222335,2026-09-23T06:46:11Z,http://web.archive.org/web/20260923202719/https://www.20minutes.fr/politique/4247918-20260923-primaire-gauche-segolene-royal-fait-vraiment-salle-comble-premier-meeting,"Une première un peu boudée. Ce mardi 23 septembre, Ségolène Royal donnait sa première réunion publique de campagne à Alfortville dans le Val-de-Marne. Loccasion pour la candidate à la primaire social… [+2914 chars]",,fr,'Raphaël Glucksmann'
https://www.ledauphine.com/politique/2026/09/23/avec-son-premier-debat-televise-la-primaire-socialiste-se-lance-enfin-ce-mercredi,https://www.ledauphine.com/politique/2026/09/23/avec-son-premier-debat-televise-la-primaire-socialiste-se-lance-enfin-ce-mercredi,0,www.ledauphine.com,"Présidentielle 2027. Avec son premier débat télévisé, la primaire socialiste se lance enfin ce mercredi","Olivier Faure, Jérôme Guedj, Emmanuel Maurel, Raphaël Glucksmann et Ségolène Royal : les cinq candidats participent ce mercredi, à 20h40 sur LCI, au premier débat télévisé de la primaire de l'espace social-démocrate.",https://cdn-s-www.ledauphine.com/images/C90E09BD-70CA-4FC4-A7F2-BBD108B597C2/FB1200/photo-1790146529.jpg,2026-09-23T06:55:00Z,,"Après les invectives par médias interposés et laffaire Philippe Brun, et avant le vote des militants, place au fond : la primaire de lespace social-démocrate commence réellement mercredi avec le prem… [+2633 chars]",,fr,'Jérôme Guedj'
https://atlantico.fr/article/rdv/zohran-mamdani-confronte-au-reel-le-melenchon-new-yorkais-est-il-en-voie-de-hollo-blairisation,https://atlantico.fr/article/rdv/zohran-mamdani-confronte-au-reel-le-melenchon-new-yorkais-est-il-en-voie-de-hollo-blairisation,0,atlantico.fr,"Zohran Mamdani : confronté au réel, le « Mélenchon » new-yorkais est-il en voie de hollo-blairisation ?","Sans stopper le déploiement de mesures socio-économiques au parfum gauche radicale, le maire de la Grosse Pomme veut reprendre à la droite l’exigence d’efficacité de l’action publique, la lutte contre la fraude, et l’amélioration de la qualité de vie.",https://atlantico.codexcdn.net/assets/as78DNhlxBEQkx2Cj.png?width=1600&height=900&quality=75,2026-09-23T07:30:00Z,http://web.archive.org/web/20260924104128/https://atlantico.fr/article/rdv/zohran-mamdani-confronte-au-reel-le-melenchon-new-yorkais-est-il-en-voie-de-hollo-blairisation,"Sans stopper le déploiement de mesures socio-économiques au parfum gauche radicale, le maire de la Grosse Pomme veut reprendre à la droite lexigence defficacité de laction publique, la lutte contre l… [+47 chars]",,fr,'Zohran Mamdani'
https://www.franceinfo.fr/elections/presidentielle/la-justice-rejette-la-demande-de-reintegration-de-philippe-brun-exclu-de-la-primaire-socialiste-apres-des-accusations-de-violences_8206013.html,https://www.franceinfo.fr/elections/presidentielle/la-justice-rejette-la-demande-de-reintegration-de-philippe-brun-exclu-de-la-primaire-socialiste-apres-des-accusations-de-violences_8206013.html,0,www.franceinfo.fr,"La justice rejette la demande de réintégration de Philippe Brun, exclu de la primaire socialiste après des accusations de violences","Selon la direction du PS, une militante l'avait accusé de ""faits susceptibles de relever d'une caractérisation pénale"".",https://www.franceinfo.fr/pictures/Es5MczduKror9_cxyuNMfGtWgqE/0x0:1024x576/1500x843/2026/09/23/6ab38c2b8cbab066632279.jpg,2026-09-23T08:31:22Z,http://web.archive.org/web/20260924012247/https://www.franceinfo.fr/elections/presidentielle/la-justice-rejette-la-demande-de-reintegration-de-philippe-brun-exclu-de-la-primaire-socialiste-apres-des-accusations-de-violences_8206013.html,"Il ne participera pas à la primaire de la gauche. La justice a rejeté, mercredi 23 septembre, la demande de réintégration du député Philippe Brun, qui avait été exclu de ce scrutin et suspendu du Par… [+1061 chars]",,fr,'Philippe Brun'
https://www.huffingtonpost.fr/politique/article/deboute-par-la-justice-philippe-brun-ne-reintegrera-pas-la-primaire-du-ps_329046.html,https://www.huffingtonpost.fr/politique/article/deboute-par-la-justice-philippe-brun-ne-reintegrera-pas-la-primaire-du-ps_329046.html,0,www.huffingtonpost.fr,"Débouté par la justice, Philippe Brun ne réintégrera pas la primaire du PS",Le député de l’Eure est accusé de violences par une ancienne collaboratrice parlementaire. Il estime que son « honneur a été jeté aux chiens ».,https://focus.huffingtonpost.fr/2026/09/22/512/0/9388/5280/1820/1023/75/0/0ba3bcb_upload-1-7oox78hep32g-afp-20260916-hl-xbouzas-3294070-v1-highres-francepoliticsphilippebrunpressconfe.jpg,2026-09-23T08:32:48Z,,"Une semaine après, la déflagration continue. Le député de lEure Philippe Brun en veut à la direction du Parti socialiste de lavoir écarté sans ménagement de la primaire, lui qui conteste « formelleme… [+1604 chars]",,fr,'Philippe Brun'
https://www.journaldunet.com/business/action-publique/1555303-la-france-prete-a-travailler-avec-ses-partenaires-europeens-sur-une-taxe-sur-les-superprofits-de-totalenergies-selon-la-porte-parole-du-gouvernement-maud-bregeon/,https://www.journaldunet.com/business/action-publique/1555303-la-france-prete-a-travailler-avec-ses-partenaires-europeens-sur-une-taxe-sur-les-superprofits-de-totalenergies-selon-la-porte-parole-du-gouvernement-maud-bregeon/,0,www.journaldunet.com,"La France ""prête à travailler avec ses partenaires européens"" sur une taxe sur les superprofits de TotalEnergies, selon la porte-parole du gouvernement Maud Bregeon","Paris affirme ne pas s'opposer à une éventuelle taxe européenne sur les superprofits des groupes pétroliers, alors que la pression politique s'intensifie.",https://img-0.journaldunet.com/F2-ui6NAakSAIGiiDCFJL6acJFo=/1500x/smart/439ccac790894af89291636a9133b283/ccmcms-jdn/39544021.jpg,2026-09-23T09:42:41Z,,"Paris affirme ne pas s'opposer à une éventuelle taxe européenne sur les superprofits des groupes pétroliers, alors que la pression politique s'intensifie.
Je m'abonne aux Infos à ne pas rater
La Fr… [+2603 chars]",,fr,'Raphaël Glucksmann'
https://www.20minutes.fr/arts-stars/people/4248103-20260923-tom-cruise-adorerait-travailler-taylor-swift-importe-projet,https://www.20minutes.fr/arts-stars/people/4248103-20260923-tom-cruise-adorerait-travailler-taylor-swift-importe-projet,0,www.20minutes.fr,Tom Cruise adorerait travailler avec Taylor Swift « sur n’importe quel projet »,L’acteur de « Top Gun » ne tarit pas d’éloges sur la chanteuse de « Shake It Off »,https://img.20mn.fr/ijKwbLmvTo-e0xKWYbmS-Sk/1444x920_tom-cruise-acteur,2026-09-23T15:49:00Z,,"Tom Cruise aurait-il un crush sur Taylor Swift ? Un crush professionnel, évidemment, puisque celui qui a accompagné la chanteuse à un match des Chiefs de Kansas City sait que le cur de la méga star e… [+1827 chars]",,fr,'Jimmy Fallon'
https://www.franceinfo.fr/elections/presidentielle/lors-du-premier-debat-de-la-primaire-socialiste-segolene-royal-mise-en-difficulte-sur-l-ukraine-et-israel_8207075.html,https://www.franceinfo.fr/elections/presidentielle/lors-du-premier-debat-de-la-primaire-socialiste-segolene-royal-mise-en-difficulte-sur-l-ukraine-et-israel_8207075.html,0,www.franceinfo.fr,"Lors du premier débat de la primaire socialiste, Ségolène Royal mise en difficulté sur l'Ukraine et Israël","Elle a fait face à ses concurrents Olivier Faure, Raphaël Glucksmann, Jérôme Guedj et Emmanuel Maurel.",https://www.franceinfo.fr/pictures/DBuKnXlhzOKv379xFRv9BZ9-4O4/0x0:6498x3655/1500x843/2026/09/23/6ab44969c792b391903048.jpg,2026-09-23T21:51:58Z,http://web.archive.org/web/20260924012102/https://www.franceinfo.fr/elections/presidentielle/lors-du-premier-debat-de-la-primaire-socialiste-segolene-royal-mise-en-difficulte-sur-l-ukraine-et-israel_8207075.html,"L'un d'eux sera désigné par les militants, les 9-10 et 16-17 octobre, comme le représentant de la gauche social-démocrate à la présidentielle. Les cinq candidats à la primaire de l'espace social-démo… [+2198 chars]",,fr,'Olivier Faure'
https://www.20minutes.fr/arts-stars/culture/4248224-20260924-etats-unis-dolly-parton-peine-decedee-deja-guerre-heritage,https://www.20minutes.fr/arts-stars/culture/4248224-20260924-etats-unis-dolly-parton-peine-decedee-deja-guerre-heritage,0,www.20minutes.fr,"Etats-Unis : Dolly Parton à peine décédée, déjà une guerre pour son héritage","Estimée à 450 millions de dollars par le site spécialisé Forbes, la fortune de la chanteuse Dolly Parton fait déjà l’objet d’une bataille judiciaire",https://img.20mn.fr/JlUSVCJ0TYurye_S2h2Fiik/1444x920_28-aout-2026-seattle-washington-etats-unis-des-fans-assistent-a-une-veillee-communautaire-et-chantent-pour-dolly-parton-a-seattle-le-vendredi-28-aout-2026-lors-du-rassemblement-dans-le-quartier-de-capitol-hill-au-c-ur-de-la-communaute-lgbtq-de-seattle-l-artiste-est-considere-comme-un-allie-indefectible-et-une-icone-adoree-image-de-credit-paul-christian-gordon-zuma-press-wire-20260828-zap-g235-007-zeus-2608290737,2026-09-24T02:37:44Z,,Il naura pas fallu longtemps pour que la hache de guerre soit déterrée autour de lhéritage de Dolly Parton. Une requête déposée devant un tribunal du Tennessee accuse en effet le neveu de la chanteus… [+2203 chars],,fr,'Dolly Parton'
https://www.mediapart.fr/journal/france/240926/philippe-brun-ecarte-de-la-primaire-de-la-gauche-le-complot-reste-une-theorie,https://www.mediapart.fr/journal/france/240926/philippe-brun-ecarte-de-la-primaire-de-la-gauche-le-complot-reste-une-theorie,0,www.mediapart.fr,Philippe Brun écarté de la primaire de la gauche: le complot reste une théorie,"Après avoir dénoncé depuis une semaine l’existence d’une cabale du PS contre lui, le député mis en cause pour des violences sur son ex-collaboratrice, qui avait fait appel de son éviction de la primaire, a été débouté mercredi soir. « Mediapart » retrace les …",https://static.mediapart.fr/etmagine/og/journal/files/2026/09/23/260923-img-philippe-brun.jpg,2026-09-24T06:44:10Z,,"Les cookies et technologies similaires que nous utilisons sur Mediapart sont de différentes natures et nous permettent de poursuivre différentes finalités. 
Certains sont nécessaires au fonctionneme… [+3291 chars]",,fr,'Philippe Brun'
https://www.bfmtv.com/culture/musique/l-entourage-de-la-star-de-la-country-dolly-parton-se-dispute-deja-son-heritage_AD-202609240253.html,https://www.bfmtv.com/culture/musique/l-entourage-de-la-star-de-la-country-dolly-parton-se-dispute-deja-son-heritage_AD-202609240253.html,0,www.bfmtv.com,L'entourage de la star de la country Dolly Parton se dispute déjà son héritage,"La fortune de l'icône de la country morte en août, estimée à 450 millions de dollars, est au cœur d'un bras de fer, son neveu étant dans le viseur de la justice.",https://io-fsly-bfmtv.cdn.nextradiotv.com/w22sOfNg9m1us2rcgIQPCkH6vPQ=/0x106:2048x1258/2048x0/images/Dolly-Parton-2337312.jpg,2026-09-24T06:44:15Z,,"La fortune de l'icône de la country morte en août, estimée à 450 millions de dollars, est au cur d'un bras de fer, son neveu étant dans le viseur de la justice.
Une requête déposée devant un tribuna… [+2160 chars]",,fr,'Dolly Parton'
https://www.dhnet.be/medias/musique/2026/09/24/lheritage-de-la-star-de-la-country-dolly-parton-au-coeur-dun-bras-de-fer-GFUTADGXNNCQJLNSE6QJNN4ORM/,https://www.dhnet.be/medias/musique/2026/09/24/lheritage-de-la-star-de-la-country-dolly-parton-au-coeur-dun-bras-de-fer-GFUTADGXNNCQJLNSE6QJNN4ORM/,0,www.dhnet.be,L'héritage de la star de la country Dolly Parton au coeur d'un bras de fer,"Une requête déposée devant un tribunal du Tennessee accuse le neveu de la chanteuse Dolly Parton, décédée en août, d'avoir orchestré une campagne de menaces pour s'approprier de l'argent de sa succession, selon plusieurs médias américains. ...",https://www.dhnet.be/resizer/v2/P5OZQKTRV5DV5PSHWZ34ZKGCTM.jpg?auth=f9f9e9370570eb3a554261c9a8ed5529546b1d34f6a625f92a75c14fa9afb708&width=1200&height=630&quality=85&focal=2213%2C1475,2026-09-24T08:27:30Z,,"Si cette demande est acceptée, M. Seaver devra rester à l'écart des propriétés de l'entreprise de sa tante et aura l'interdiction d'entrer en contact avec ses employés et ses partenaires commerciaux.… [+1150 chars]",,fr,'Dolly Parton'
https://www.journaldunet.com/business/action-publique/1555365-segolene-royal-mise-en-difficulte-sur-l-ukraine-et-israel-lors-du-premier-debat-de-la-primaire-socialiste/,https://www.journaldunet.com/business/action-publique/1555365-segolene-royal-mise-en-difficulte-sur-l-ukraine-et-israel-lors-du-premier-debat-de-la-primaire-socialiste/,0,www.journaldunet.com,Ségolène Royal mise à mal sur l'Ukraine et Israël au cours du premier débat de la primaire socialiste,Les positions de Ségolène Royal sur l'Ukraine et le conflit israélo-palestinien ont suscité de vives critiques lors du débat télévisé du 23 septembre.,https://img-0.journaldunet.com/OKwITd_aD71F1DulqbaXfBkrh9s=/1500x/smart/3ec9de07570b4ba7b587b9928baee013/ccmcms-jdn/39544052.jpg,2026-09-24T09:35:27Z,http://web.archive.org/web/20260924185019/https://www.journaldunet.com/business/action-publique/1555365-segolene-royal-mise-en-difficulte-sur-l-ukraine-et-israel-lors-du-premier-debat-de-la-primaire-socialiste/,"Les positions de Ségolène Royal sur l'Ukraine et le conflit israélo-palestinien ont suscité de vives critiques lors du débat télévisé du 23 septembre.
Je m'abonne aux Infos à ne pas rater
Les cinq … [+2296 chars]",,fr,'Ségolène Royal'
https://www.20minutes.fr/arts-stars/people/4248316-20260924-succession-dolly-parton-conflit-neveu-star-country,https://www.20minutes.fr/arts-stars/people/4248316-20260924-succession-dolly-parton-conflit-neveu-star-country,0,www.20minutes.fr,La succession de Dolly Parton est en conflit avec le neveu de la star de la country,"L’équipe chargée d’assurer la succession de la chanteuse après sa mort a obtenu une ordonnance restrictive contre son neveu, qui aurait menacé des employés",https://img.20mn.fr/4U2x9YjsTDy93Pcqu1ahKCk/1444x920_dolly-parton,2026-09-24T11:07:37Z,,"La succession de Dolly Parton, décédée le 25 août dernier à 80 ans, semble être partie sur de mauvaises bases avec un membre de sa famille. Le groupe chargé dassurer lhéritage et le patrimoine de la … [+2041 chars]",,fr,'Dolly Parton'
https://climaxfanzine.fr/articles/taxer-les-riches-a-new-york-une-bonne-mesure-se-reconnait-a-ceux-quelle-enerve,https://climaxfanzine.fr/articles/taxer-les-riches-a-new-york-une-bonne-mesure-se-reconnait-a-ceux-quelle-enerve,0,climaxfanzine.fr,"Taxer les riches : à New York, une bonne mesure se reconnaît à ceux qu'elle énerve","À New York, le maire socialiste Zohran Mamdani vient d'annoncer une surtaxe sur les résidences secondaires de luxe laissées vides. La réaction des concernés, entre panique et indignation, en dit long.",https://cdn.prod.website-files.com/67aa1b4ceb413205a7d11a43/69e8c042e0b7de0465efee9d_Design%20sans%20titre%20(2)%20(1).png,2026-09-24T11:27:37Z,http://web.archive.org/web/20260806083419/https://climaxfanzine.fr/articles/taxer-les-riches-a-new-york-une-bonne-mesure-se-reconnait-a-ceux-quelle-enerve,"Il y a des mesures qui se défendent toutes seules. Pas parce qu'elles sont parfaites, pas parce qu'elles font l'unanimité, mais parce que leurs opposants font un travail de lobbying involontaire et r… [+4824 chars]",,fr,'Zohran Mamdani'
https://www.courrierinternational.com/article/vu-de-l-etranger-primaire-socialiste-segolene-royal-pourrait-affaiblir-raphael-glucksmann_273879,https://www.courrierinternational.com/article/vu-de-l-etranger-primaire-socialiste-segolene-royal-pourrait-affaiblir-raphael-glucksmann_273879,0,www.courrierinternational.com,Primaire socialiste : “Ségolène Royal pourrait affaiblir Raphaël Glucksmann”,"Mercredi 23 septembre avait lieu sur LCI le premier débat entre les cinq candidats à la primaire socialiste. Lors de cet exercice, la presse internationale a surtout remarqué le duel entre Ségolène Royal et Raphaël Glucksmann. De quoi s’interroger sur la stra…",https://focus.courrierinternational.com/2026/09/24/0/0/4999/3333/1200/630/60/0/efb8b87_upload-1-pln40jft8tk3-080-hl-agesquiere-3304234.jpg,2026-09-24T12:54:15Z,,"À trois semaines du vote, la primaire à gauche est en train de se transformer en un jeu de massacre, constate le quotidien italien La Repubblica.Le premier tour qui départagera Jérôme Guedj, Emmanuel… [+3191 chars]",,fr,'Ségolène Royal'
https://www.lalibre.be/culture/musique/2026/09/24/u2-celebre-ses-50-ans-avec-silencio-single-energique-qui-annonce-lalbum-carnaval-de-luz-attendu-pour-le-13-novembre-6Z2VS5DTMFEXZJ63LTYZCXM3E4/,https://www.lalibre.be/culture/musique/2026/09/24/u2-celebre-ses-50-ans-avec-silencio-single-energique-qui-annonce-lalbum-carnaval-de-luz-attendu-pour-le-13-novembre-6Z2VS5DTMFEXZJ63LTYZCXM3E4/,0,www.lalibre.be,Nouveau single de U2 : quelle claque !,Le quatuor irlandais signe un titre court et nerveux où le rock est présenté comme un acte de résistance. L'album accueillera des collaborations avec Rosalia et Dolly Parton. ...,https://www.lalibre.be/resizer/v2/ZCFQGFUNBBF7NEIYMVPYVGCGJA.jpg?auth=17a510401aa9cde48b9039116c11a702d6e1bf24ab02adf28c6c58bf40a53904&width=1200&height=630&quality=85&focal=1664%2C1234,2026-09-24T16:07:25Z,,"Angèle, Teddybear, U2, les Beatles : il y en aura pour tous les goûtsProduit par Jacknife Lee, le disque accueille deux invitées prestigieuses : la regrettée Dolly Parton sur ""Torn"" et Rosalia sur ""T… [+2761 chars]",,fr,'Dolly Parton'
https://veja.abril.com.br/cultura/tom-cruise-quebra-protocolo-real-ao-ajudar-kate-middleton/,https://veja.abril.com.br/cultura/tom-cruise-quebra-protocolo-real-ao-ajudar-kate-middleton/,0,veja.abril.com.br,Tom Cruise quebra protocolo real ao ajudar Kate Middleton,O ator e a princesa se encontraram durante a avant-première de ‘Digger’ em Londres,"https://veja.abril.com.br/wp-content/uploads/2026/09/Captura-de-tela-2026-09-24-130239.jpg?quality=70&strip=info&resize=1200,630&crop=1",2026-09-24T16:09:45Z,http://web.archive.org/web/20260924224848/https://veja.abril.com.br/cultura/tom-cruise-quebra-protocolo-real-ao-ajudar-kate-middleton/,"Pular para o conteúdo
Semana da Democracia: assine o Digital por R$ 1,99/mês e acompanhe análises sobre os rumos do Brasil. Semana da Democracia: assine o Digital por R$ 1,99/mês e acompanhe análise… [+1089 chars]",,fr,'Tom Cruise'
https://www.dhnet.be/medias/musique/2026/09/24/u2-est-de-retour-en-force-le-groupe-vient-de-devoiler-un-nouveau-single-silencio-et-a-devoile-le-titre-et-la-date-de-sortie-de-son-nouvel-album-FQ4WPKGC5NDSPOZMQKXQUAT2OE/,https://www.dhnet.be/medias/musique/2026/09/24/u2-est-de-retour-en-force-le-groupe-vient-de-devoiler-un-nouveau-single-silencio-et-a-devoile-le-titre-et-la-date-de-sortie-de-son-nouvel-album-FQ4WPKGC5NDSPOZMQKXQUAT2OE/,0,www.dhnet.be,"U2 est de retour en force : le groupe vient de dévoiler un nouveau single, “Silencio” et a dévoilé le titre et la date de sortie de son nouvel album",La DH a écouté le nouveau titre de U2 qui préfigure le 15e album du quatuor irlandais. Un disque présenté comme un acte de résistance qui accueillera des collaborations avec Rosalia et Dolly Parton. ...,https://www.dhnet.be/resizer/v2/ZCFQGFUNBBF7NEIYMVPYVGCGJA.jpg?auth=17a510401aa9cde48b9039116c11a702d6e1bf24ab02adf28c6c58bf40a53904&width=1200&height=630&quality=85&focal=1664%2C1234,2026-09-24T16:10:46Z,,"Produit par Jacknife Lee, le disque accueille deux invitées prestigieuses : la regrettée Dolly Parton sur ""Torn"" et Rosalia sur ""The Mirror Maker"". Brian Eno (sur ""Go""), le dj/producteur Martin Garri… [+2816 chars]",,fr,'Dolly Parton'
https://www.franceinfo.fr/culture/musique/mort-de-dolly-parton-l-heritage-de-la-star-de-la-country-au-c-ur-d-un-bras-de-fer_8208056.html,https://www.franceinfo.fr/culture/musique/mort-de-dolly-parton-l-heritage-de-la-star-de-la-country-au-c-ur-d-un-bras-de-fer_8208056.html,0,www.franceinfo.fr,Mort de Dolly Parton : l'héritage de la star de la country au cœur d'un bras de fer,"En première ligne, le neveu de Dolly Parton qui a confié au ""New York Times"" qu'il souhaitait mener sa propre enquête sur la manière dont les affaires de la chanteuse étaient gérées au moment de son décès.",https://www.franceinfo.fr/pictures/Gcqre1P47he67m8FJmU1s0rEJqg/0x0:1024x576/1500x843/2026/09/24/6ab52bdd660b2520381083.jpg,2026-09-24T16:15:30Z,,"L'agent de Dolly Parton et l'entreprise qui gère les activités de la chanteuse disparue le 25 août dernier, ont obtenu une ordonnance judiciaire contre son neveu, qu'ils accusent de menaces pour s'ap… [+3299 chars]",,fr,'Dolly Parton'
https://www.lalibre.be/international/moyen-orient/2026/09/24/netanyahu-sen-prend-aux-detracteurs-disrael-a-la-tribune-de-lonu-quel-colonialisme-FKDH2XTYJFHMZPBCYNOAYJWFJE/,https://www.lalibre.be/international/moyen-orient/2026/09/24/netanyahu-sen-prend-aux-detracteurs-disrael-a-la-tribune-de-lonu-quel-colonialisme-FKDH2XTYJFHMZPBCYNOAYJWFJE/,0,www.lalibre.be,"Netanyahu s'en prend aux détracteurs d'Israël à la tribune de l'Onu : ""Quel colonialisme ?""","À l’ONU, Benjamin Netanyahu a vivement attaqué les détracteurs d’Israël, au moment où les critiques internationales s’intensifient sur la Cisjordanie occupée. ...",https://www.lalibre.be/resizer/v2/BR26NWWQRNABHLSBQS55D7MQE4.jpg?auth=30eb618048847d9f41a289d75ad9decc27021f7006c7dd5bf06a29abab09fb39&width=1200&height=630&quality=85&focal=2754%2C1836,2026-09-24T18:44:16Z,,"Comme l'an dernier, des dizaines de membres des délégations ont quitté la salle au moment de la prise de parole de M. Netanyahu en guise de protestation, à l'initiative de la mission palestinienne à … [+1376 chars]",,fr,'Benjamin Netanyahu'
https://www.huffingtonpost.fr/international/article/les-travees-de-l-assemblee-generale-de-l-onu-se-vident-au-moment-du-discours-de-netanyahu_330795.html,https://www.huffingtonpost.fr/international/article/les-travees-de-l-assemblee-generale-de-l-onu-se-vident-au-moment-du-discours-de-netanyahu_330795.html,0,www.huffingtonpost.fr,Les travées de l’Assemblée générale de l’ONU se vident au moment du discours de Netanyahu,Des dizaines de personnes ont quitté l’Assemblée générale de l’ONU au moment de la prise de parole de Benjamin Netanyahu jeudi soir.,https://focus.huffingtonpost.fr/2026/09/24/428/0/8192/4608/1820/1023/75/0/b58d3c7_upload-1-hxd18fzgy57c-afp-20260924-c9b32j3-v2-highres-speechesbyheadsofstateandgovernmentatungenerala.jpg,2026-09-24T19:26:15Z,,À voir aussi sur Le HuffPost La lecture de ce contenu est susceptible dentraîner un dépôt de cookies de la part de lopérateur tiers qui lhéberge. Compte-tenu des choix que vous avez exprimés en matiè… [+4294 chars],,fr,'Benjamin Netanyahu'
https://www.nouvelobs.com/monde/20260924.OBS118569/remonte-et-face-a-une-salle-en-partie-videe-netanyahou-s-en-prend-a-la-france-et-a-mamdani-a-la-tribune-de-l-onu.html,https://www.nouvelobs.com/monde/20260924.OBS118569/remonte-et-face-a-une-salle-en-partie-videe-netanyahou-s-en-prend-a-la-france-et-a-mamdani-a-la-tribune-de-l-onu.html,0,www.nouvelobs.com,"Remonté et face à une salle en partie vidée, Netanyahou s’en prend à la France et à Mamdani à la tribune de l’ONU","Des dizaines de membres des délégations ont quitté la salle au moment de la prise de parole de Benyamin Netanyahou à la tribune de l’ONU, en guise de protestation.",https://focus.nouvelobs.com/2026/09/24/0/1/4297/2865/1200/800/0/0/9769daf_upload-1-m8cvljmkbw1b-063-2296961569.jpg,2026-09-24T19:54:35Z,,"Le Premier ministre israélien Benyamin Netanyahou, à la tribune de lONU à New York, le 24 septembre 2026.  ALEXI J. ROSENFELD / GETTY IMAGES VIA AFP
Le Premier ministre israélien, Benyamin Netanyaho… [+3666 chars]",,fr,'Benyamin Netanyahou'
https://www.ledauphine.com/defense-guerre-conflit/2026/09/24/quel-colonialisme-netanyahou-defend-sa-politique-face-a-une-assemblee-de-l-onu-clairesemee,https://www.ledauphine.com/defense-guerre-conflit/2026/09/24/quel-colonialisme-netanyahou-defend-sa-politique-face-a-une-assemblee-de-l-onu-clairesemee,0,www.ledauphine.com,États-Unis. « Quel colonialisme ? » Netanyahou défend sa politique face à une Assemblée de l'ONU clairsemée,Le Premier ministre israélien s'est exprimé à la tribune de l'ONU ce jeudi. De nombreux membres des délégations ont quitté la salle au moment de sa prise de parole.,https://cdn-s-www.ledauphine.com/images/D4DBF02E-557E-454C-8D24-7844110C178F/FB1200/photo-1790279801.jpg,2026-09-24T19:56:00Z,,"Le Premier ministre israélien Benjamin Netanyahou, lancé dans une difficile campagne pour sa réélection, s'est livré jeudi à un réquisitoire contre les détracteurs d'Israël, au moment où les critique… [+3038 chars]",,fr,'Premier ministre'
https://www.bfmtv.com/international/amerique-nord/etats-unis/benjamin-netanyahu-affirme-que-de-nombreux-juifs-de-new-york-ne-se-sentent-plus-en-securite-depuis-l-election-du-maire-de-new-york-zohran-mamdani_AD-202609240964.html,https://www.bfmtv.com/international/amerique-nord/etats-unis/benjamin-netanyahu-affirme-que-de-nombreux-juifs-de-new-york-ne-se-sentent-plus-en-securite-depuis-l-election-du-maire-de-new-york-zohran-mamdani_AD-202609240964.html,0,www.bfmtv.com,"Benjamin Netanyahu affirme que ""de nombreux juifs"" de New York ne se sentent plus en sécurité depuis l'élection du maire de New York","Le Premier ministre israélien Benjamin Netanyahu s'en est pris au maire de New York Zohran Mamdani, qui fait partie de l'aile gauche du Parti démocrate, et qui accuse le Premier ministre israélien de ""génocide"".",https://io-fsly-bfmtv.cdn.nextradiotv.com/mxEtmdwZ0FhA6IgPf0zPOoWJlo8=/0x20:2048x1172/2048x0/images/Le-Premier-ministre-israelien-Benjamin-Netanyahu-prend-la-parole-lors-de-la-81e-Assemblee-generale-des-Nations-unies-au-siege-de-l-ONU-a-New-York-le-24-septembre-2026-2354161.jpg,2026-09-24T22:07:09Z,,"Le Premier ministre israélien Benjamin Netanyahu s'en est pris au maire de New York Zohran Mamdani, qui fait partie de l'aile gauche du Parti démocrate, et qui accuse le Premier ministre israélien de… [+1687 chars]",,fr,'Zohran Mamdani'
https://www.20minutes.fr/monde/israel/4248528-20260925-israel-face-pression-internationale-netanyahou-defie-detracteurs-onu,https://www.20minutes.fr/monde/israel/4248528-20260925-israel-face-pression-internationale-netanyahou-defie-detracteurs-onu,0,www.20minutes.fr,"Israël : Face à la pression internationale, Netanyahou défie ses détracteurs à l’ONU","A l’ONU, Benyamin Netanyahou a défendu, jeudi, la politique d’Israël, répondu aux critiques sur la Cisjordanie et le colonialisme, et adressé de nouvelles mises en garde à l’Iran",https://img.20mn.fr/HjJOaaZrQAeO_76kWpLbICk/1444x920_sara-netanyahou-attend-l-arrivee-de-son-mari-le-premier-ministre-israelien-benjamin-netanyhu-qui-prendra-la-parole-lors-de-la-troisieme-journee-de-l-ouverture-de-la-81e-session-de-l-assemblee-generale-des-nations-unies-au-siege-de-l-onu-a-new-york-new-york-etats-unis-le-jeudi-24-septembre-2026-credit-kyle-mazza-cnp-ad-media-admedia-adm-092426-netany36187-credit-cnp-ad-media-sipa-2609242238,2026-09-24T22:31:09Z,,"Benyamin Netanyahou a profité de la tribune de lAssemblée générale des Nations unies, jeudi, pour répondre aux critiques visant la politique dIsraël. En pleine campagne pour les élections législative… [+3034 chars]",,fr,'Benyamin Netanyahou'
https://www.huffingtonpost.fr/international/article/attaque-par-benjamin-netanyahu-zohran-mamdani-lui-repond-en-une-phrase-qui-fait-mal_330959.html,https://www.huffingtonpost.fr/international/article/attaque-par-benjamin-netanyahu-zohran-mamdani-lui-repond-en-une-phrase-qui-fait-mal_330959.html,0,www.huffingtonpost.fr,"Attaqué par Benjamin Netanyahu, Zohran Mamdani lui répond en une phrase qui fait mal","Accusé d’être un « maire antisémite », l’édile démocrate new-yorkais a rappelé le Premier ministre israélien aux poursuites pour crime contre l’humanité dont il fait l’objet.",https://focus.huffingtonpost.fr/2025/11/05/133/0/2192/1233/1820/1023/75/0/63aa6ca_upload-1-7akkqclddftf-afp-20251105-836p9uh-v1-highres-newyorkcitymayorelectzohranmamdaniholdsnewscofe.jpg,2026-09-25T06:22:05Z,http://web.archive.org/web/20260925085310/https://www.huffingtonpost.fr/international/article/attaque-par-benjamin-netanyahu-zohran-mamdani-lui-repond-en-une-phrase-qui-fait-mal_330959.html,À voir aussi sur Le HuffPost La lecture de ce contenu est susceptible dentraîner un dépôt de cookies de la part de lopérateur tiers qui lhéberge. Compte-tenu des choix que vous avez exprimés en matiè… [+4082 chars],,fr,'Zohran Mamdani'
https://www.lalibre.be/international/amerique/2026/09/25/letrange-strategie-de-donald-trump-pour-convaincre-les-electeurs-americains-aux-midterms-BHPVSBG6DFHB7CXZXRDQLUXUBQ/,https://www.lalibre.be/international/amerique/2026/09/25/letrange-strategie-de-donald-trump-pour-convaincre-les-electeurs-americains-aux-midterms-BHPVSBG6DFHB7CXZXRDQLUXUBQ/,0,www.lalibre.be,L’étrange stratégie de Donald Trump pour convaincre les électeurs américains aux midterms,Donald Trump semblerait adopter une stratégie bien différente en n’adaptant pas son programme aux besoins de ses citoyens. ...,https://www.lalibre.be/resizer/v2/CNELD7WLWNHJPDSJBT4Y2EI7MI.jpg?auth=30174e828f805d8932561456b355460aaf11501d6436d54dda9ea1d90e4d948d&width=1200&height=630&quality=85&focal=4128%2C2752,2026-09-25T06:56:21Z,,"L'économie et le coût de la vie inquiètent fortement les citoyens américains. Ils relient de plus en plus l'augmentation des prix avec la guerre en Iran, une conséquence directe, selon eux, des décis… [+1902 chars]",,fr,'Donald Trump'
https://www.dhnet.be/actu/monde/2026/09/25/linverse-de-ce-que-veulent-les-americains-letrange-strategie-de-trump-UBFEHBS54ZECXMLBO7WLQY32AE/,https://www.dhnet.be/actu/monde/2026/09/25/linverse-de-ce-que-veulent-les-americains-letrange-strategie-de-trump-UBFEHBS54ZECXMLBO7WLQY32AE/,0,www.dhnet.be,L’inverse de ce que veulent les Américains : l’étrange stratégie de Trump,Donald Trump semblerait adopter une stratégie bien différente en n’adaptant pas son programme aux besoins de ses citoyens. ...,https://www.dhnet.be/resizer/v2/CNELD7WLWNHJPDSJBT4Y2EI7MI.jpg?auth=30174e828f805d8932561456b355460aaf11501d6436d54dda9ea1d90e4d948d&width=1200&height=630&quality=85&focal=4128%2C2752,2026-09-25T07:09:11Z,http://web.archive.org/web/20260926074254/https://www.dhnet.be/actu/monde/2026/09/25/linverse-de-ce-que-veulent-les-americains-letrange-strategie-de-trump-UBFEHBS54ZECXMLBO7WLQY32AE/,"L'économie et le coût de la vie inquiètent fortement les citoyens américains. Ils relient de plus en plus l'augmentation des prix avec la guerre en Iran, une conséquence directe, selon eux, des décis… [+1719 chars]",,fr,'Donald Trump'
https://www.courrierinternational.com/article/geopolitique-a-l-onu-benyamin-netanyahou-etrille-zohran-mamdani-qui-le-lui-rend-bien_274167,https://www.courrierinternational.com/article/geopolitique-a-l-onu-benyamin-netanyahou-etrille-zohran-mamdani-qui-le-lui-rend-bien_274167,0,www.courrierinternational.com,"À l’ONU, Benyamin Nétanyahou étrille Zohran Mamdani, qui le lui rend bien","L’animosité entre le Premier ministre israélien et le maire de New York a éclaté au grand jour, jeudi 24 septembre, à l’occasion de l’Assemblée générale des Nations unies, souligne “The New York Times”. Benyamin Nétanyahou a notamment affirmé que l’édile “met…",https://focus.courrierinternational.com/2026/09/24/1/0/8192/5461/1200/630/60/0/c2f7a88_ftp-1-hg1gez8lgazc-un-netanyahu-speech.JPG,2026-09-25T10:00:20Z,,"Le Premier ministre israélien Benyamin Nétanyahou a de nouveau attaqué le maire de New York, Zohran Mamdani, durant son discours à la tribune de lAssemblée générale des Nations unies (ONU) le 24 sept… [+2097 chars]",,fr,'Premier ministre'
https://www.huffingtonpost.fr/politique/article/yannick-jadot-suspendu-des-verts-apres-son-soutien-a-raphael-glucksmann_331421.html,https://www.huffingtonpost.fr/politique/article/yannick-jadot-suspendu-des-verts-apres-son-soutien-a-raphael-glucksmann_331421.html,0,www.huffingtonpost.fr,Yannick Jadot suspendu des Verts après son soutien à Raphaël Glucksmann,"Le sénateur, qui représentera Raphaël Glucksmann dans un débat présidentiel, n’a plus le droit de s’exprimer au nom des Écologistes. Sollicité par « Le HuffPost », il ironise.",https://focus.huffingtonpost.fr/2026/09/25/94/0/7107/3997/1820/1023/75/0/e3671e6_upload-1-vfdydyoz3bbu-afp-20260425-a8xt9yb-v1-highres-francepoliticsparties.jpg,2026-09-25T15:06:20Z,,"Yannick Jadot a été trop loin. Pour les Écologistes, le sénateur a franchi une limite en acceptant de participer à un débat présidentiel comme représentant de Raphaël Glucksmann. Dans un courrier env… [+2779 chars]",,fr,'Yannick Jadot'
https://www.ledauphine.com/elections/2026/09/25/juge-trop-proche-de-glucksmann-yannick-jadot-suspendu-temporairement-des-ecologistes,https://www.ledauphine.com/elections/2026/09/25/juge-trop-proche-de-glucksmann-yannick-jadot-suspendu-temporairement-des-ecologistes,0,www.ledauphine.com,"Présidentielle 2027. Jugé trop proche de Glucksmann, Yannick Jadot suspendu temporairement des Ecologistes","Le secrétariat exécutif du parti les Ecologistes a exclu temporairement Yannick Jadot, le jugeant trop engagé dans la campagne de Raphaël Glucksmann.",https://cdn-s-www.ledauphine.com/images/320E6137-D6E6-4D4E-91DD-05C0BAA73E0E/FB1200/photo-1790349909.jpg,2026-09-25T15:25:00Z,http://web.archive.org/web/20260926014754/https://www.ledauphine.com/elections/2026/09/25/juge-trop-proche-de-glucksmann-yannick-jadot-suspendu-temporairement-des-ecologistes,"L'ex-candidat des Ecologistes à la présidentielle Yannick Jadot a été suspendu ce vendredi temporairement de son parti, pour son soutien au candidat de Place publique Raphaël Glucksmann, selon un cou… [+710 chars]",,fr,'Yannick Jadot'
https://www.franceinfo.fr/politique/ps/primaire-a-gauche/yannick-jadot-suspendu-temporairement-des-ecologistes-pour-son-soutien-a-raphael-glucksmann_8209919.html,https://www.franceinfo.fr/politique/ps/primaire-a-gauche/yannick-jadot-suspendu-temporairement-des-ecologistes-pour-son-soutien-a-raphael-glucksmann_8209919.html,0,www.franceinfo.fr,Yannick Jadot suspendu temporairement des Ecologistes pour son soutien à Raphaël Glucksmann,"Le sénateur écologiste avait estimé à la fin de l'été que le leader de Place publique était ""le mieux placé"", aux dépends de Marine Tondelier, la candidate officielle de son parti.",https://www.franceinfo.fr/pictures/O6dhcLB2px89hSdZDpdkbPaQqz8/0x93:1024x669/1500x843/2026/09/25/6ab69281cbe46316681329.jpg,2026-09-25T15:42:54Z,http://web.archive.org/web/20260925233654/https://www.franceinfo.fr/politique/ps/primaire-a-gauche/yannick-jadot-suspendu-temporairement-des-ecologistes-pour-son-soutien-a-raphael-glucksmann_8209919.html,"Le sénateur écologiste Yannick Jadot a été suspendu ""à titre conservatoire"" des Ecologistes après avoir soutenu Raphaël Glucksmann, candidat à la primaire à gauche en vue de la présidentielle. Cette … [+1106 chars]",,fr,'Marine Tondelier'
https://www.lalibre.be/international/europe/elections-france/2026/09/25/yannick-jadot-est-suspendu-temporairement-des-ecologistes-apres-une-decision-qui-fait-reagir-2ACK7BHW65BCXJNBFJ34NWYO3A/,https://www.lalibre.be/international/europe/elections-france/2026/09/25/yannick-jadot-est-suspendu-temporairement-des-ecologistes-apres-une-decision-qui-fait-reagir-2ACK7BHW65BCXJNBFJ34NWYO3A/,0,www.lalibre.be,Yannick Jadot est suspendu temporairement des Ecologistes après une décision qui fait réagir,"Yannick Jadot a été suspendu trois mois des Écologistes après son soutien à Raphaël Glucksmann, au moment où le parti doit trancher sur la candidature de Marine Tondelier. ...",https://www.lalibre.be/resizer/v2/ECVMBS2ROZAB7F3TIVPYUKT7YE.jpg?auth=566817f9eeb27bfa77f881750864aece6681b44ed176f9936d47ed2f292d854c&width=1200&height=630&quality=85&focal=2904%2C1936,2026-09-25T16:01:54Z,,"L'ex-candidat des Ecologistes à la présidentielle Yannick Jadot a été suspendu vendredi temporairement de son parti, pour son soutien au candidat de Place publique Raphaël Glucksmann, selon un courri… [+348 chars]",,fr,'Marine Tondelier'
https://www.20minutes.fr/politique/4248822-20260925-presidentielle-2027-yannick-jadot-suspendu-ecologistes-apres-soutien-raphael-glucksmann,https://www.20minutes.fr/politique/4248822-20260925-presidentielle-2027-yannick-jadot-suspendu-ecologistes-apres-soutien-raphael-glucksmann,0,www.20minutes.fr,Présidentielle 2027 : Yannick Jadot suspendu des Ecologistes après son soutien à Raphaël Glucksmann,"Yannick Jadot a été suspendu temporairement de son parti les Écologistes pour trois mois à titre conservatoire, en raison de son soutien au candidat de Place publique Raphaël Glucksmann à l’élection présidentielle 2027",https://img.20mn.fr/MbsVMHH3SqCBJT3xhbniXik/1444x920_raphael-glucksmann-yannick-jadot-raphael-glucksmann-leader-du-parti-de-centre-gauche-place-publique-et-candidat-a-l-election-presidentielle-francaise-de-2027-visite-le-parc-naturel-regional-du-marais-poitevin-a-magne-dans-l-ouest-de-la-france-le-25-aout-2026-alain-robert-1y8a8249-credit-alain-robert-sipa-2608261000,2026-09-25T16:35:57Z,http://web.archive.org/web/20260925190552/https://www.20minutes.fr/politique/4248822-20260925-presidentielle-2027-yannick-jadot-suspendu-ecologistes-apres-soutien-raphael-glucksmann,"Lex-candidat des Ecologistes à la présidentielle Yannick Jadot a été suspendu vendredi temporairement de son parti, pour son soutien au candidat de Place publique Raphaël Glucksmann à lélection prési… [+1183 chars]",,fr,'Yannick Jadot'
https://www.dhnet.be/medias/musique/2026/09/25/surprise-le-groupe-u2-donne-des-concerts-a-dublin-pour-ses-50-ans-7GXJY7GDQZFRXLZVQKWGRHXXVI/,https://www.dhnet.be/medias/musique/2026/09/25/surprise-le-groupe-u2-donne-des-concerts-a-dublin-pour-ses-50-ans-7GXJY7GDQZFRXLZVQKWGRHXXVI/,0,www.dhnet.be,Surprise: le groupe U2 donne des concerts à Dublin pour ses 50 ans,"Le groupe de rock irlandais U2 est retourné sur les lieux de ses débuts vendredi à Dublin en donnant des concerts surprise pour ses 50 ans, y compris dans le lycée où se sont rencontrés ses musiciens. ...",https://www.dhnet.be/resizer/v2/DFHXNEYLYBELBBJZG76UWNG7WE.jpg?auth=6e494712fc24b39c6dcf6081d326823468664bc3860c83ed18f60fd7c6a23ca1&width=1200&height=630&quality=85&focal=2751%2C1833,2026-09-25T21:59:15Z,,"U2 a également joué son nouveau single ""Silencio"", extrait de l'album ""Carnaval de Luz"" annoncé avant ce 50e anniversaire.
L'album, qui doit sortir le 13 novembre, inclut un duo entre le leader de U… [+277 chars]",,fr,'Dolly Parton'
https://www.20minutes.fr/monde/etats-unis/4248889-20260926-etats-unis-premier-dolly-parton-day-celebre-mois-apres-mort-chanteuse,https://www.20minutes.fr/monde/etats-unis/4248889-20260926-etats-unis-premier-dolly-parton-day-celebre-mois-apres-mort-chanteuse,0,www.20minutes.fr,Etats-Unis : Le premier « Dolly Parton Day » célébré un mois après la mort de la chanteuse,"Un mois après sa mort, Dolly Parton a été célébrée vendredi aux Etats-Unis avec le premier « Dolly Parton Day », marqué par des hommages dans plusieurs villes et Etats américains",https://img.20mn.fr/JlUSVCJ0TYurye_S2h2Fiik/1444x920_28-aout-2026-seattle-washington-etats-unis-des-fans-assistent-a-une-veillee-communautaire-et-chantent-pour-dolly-parton-a-seattle-le-vendredi-28-aout-2026-lors-du-rassemblement-dans-le-quartier-de-capitol-hill-au-c-ur-de-la-communaute-lgbtq-de-seattle-l-artiste-est-considere-comme-un-allie-indefectible-et-une-icone-adoree-image-de-credit-paul-christian-gordon-zuma-press-wire-20260828-zap-g235-007-zeus-2608290737,2026-09-26T00:48:15Z,,"Un mois après la mort de Dolly Parton à lâge de 80 ans, plusieurs villes et Etats américains ont rendu hommage vendredi à la chanteuse de country. Cette date, choisie en référence à lun de ses plus g… [+1228 chars]",,fr,'Dolly Parton'
https://www.courrierinternational.com/article/musique-aux-etats-unis-une-journee-en-hommage-a-dolly-parton_274332,https://www.courrierinternational.com/article/musique-aux-etats-unis-une-journee-en-hommage-a-dolly-parton_274332,0,www.courrierinternational.com,"Aux États-Unis, une journée en hommage à Dolly Parton","Le gouverneur démocrate de Californie, Gavin Newsom, avait annoncé cette semaine la création d’une journée en hommage à la légende de la country, morte en août à 80 ans.",https://focus.courrierinternational.com/2026/08/25/0/0/3600/2400/1200/630/60/0/267bfea_ftp-1-dfpv519xkhdf-obit-parton-13.JPG,2026-09-26T04:00:11Z,,"Les États-Unis ont célébré, vendredi 25 septembre, leur tout premier Dolly Parton Day, en hommage à la chanteuse, morte en août à 80 ans.
Aujourdhui est officiellement la Journée Dolly Parton dans l… [+1265 chars]",,fr,'Gavin Newsom'
https://www.sofoot.com/breves/le-maire-de-new-york-se-moque-de-manchester-city-reconnu-coupable-de-114-infractions-financieres,https://www.sofoot.com/breves/le-maire-de-new-york-se-moque-de-manchester-city-reconnu-coupable-de-114-infractions-financieres,0,www.sofoot.com,"Le maire de New York se moque de Manchester City, reconnu coupable de 114 infractions financières","Juste une petite pique bien placée. Ce vendredi, The Athletic affirmait que Manchester City avait été…",https://sofoot.s3.eu-central-1.amazonaws.com/wp-content/uploads/2026/05/23125417/13721914-1400x933.jpg,2026-09-26T10:21:43Z,http://web.archive.org/web/20260926121452/https://www.sofoot.com/breves/le-maire-de-new-york-se-moque-de-manchester-city-reconnu-coupable-de-114-infractions-financieres,"Juste une petite pique bien placée. Ce vendredi, The Athletic affirmait que Manchester City avait été retenu coupable de 114 des 115 chefs daccusations relatifs aux infractions financières retenus co… [+687 chars]",,fr,'Zohran Mamdani'
https://www.franceinfo.fr/culture/musique/u2-fete-ses-50-ans-en-donnant-plusieurs-concerts-surprise-a-dublin_8210822.html,https://www.franceinfo.fr/culture/musique/u2-fete-ses-50-ans-en-donnant-plusieurs-concerts-surprise-a-dublin_8210822.html,0,www.franceinfo.fr,U2 fête ses 50 ans en donnant plusieurs concerts surprise à Dublin,"Le groupe est revenu jouer dans les lieux qui l'ont vu naître, il y a tout juste 50 ans. Les rockers irlandais ont également dévoilé le premier single d'un nouvel album, à paraître le 13 novembre.",https://www.franceinfo.fr/pictures/FActA6TdWBmnG9zbnDI0MF0h6EM/0x0:3762x2116/1500x843/2026/09/26/6ab7a0cf79b02475776244.jpg,2026-09-26T10:48:35Z,,"La rumeur a couru les rues de la capitale irlandaise : un concert de U2 au célèbre Bewley's Oriental Café, pour fêter les 50 ans du groupe. Plusieurs milliers de fans ont convergé vendredi 25 septemb… [+2509 chars]",,fr,'Dolly Parton'
https://www.lesnumeriques.com/cine-svod/mission-impossible-les-8-films-de-la-saga-avec-tom-cruise-classes-du-pire-au-meilleur-114-n237039.html,https://www.lesnumeriques.com/cine-svod/mission-impossible-les-8-films-de-la-saga-avec-tom-cruise-classes-du-pire-au-meilleur-114-n237039.html,0,www.lesnumeriques.com,"Actualité : Mission Impossible : les 8 films de la saga avec Tom Cruise, classés du pire au meilleur","Alors que Tom Cruise est de retour au cinéma dans Digger, Les Numériques a eu envie de se pencher sur la franchise Mission: Impossible dans laquelle il incarne l'iconique Ethan Hunt. Quel est le meilleur film de la saga ? Et le pire ?",https://cdn.lesnumeriques.com/optim/news/23/237039/32f492db-mission-impossible-notre-classement-des-films-de-la-franchise-du-pire-au-meilleur_png__1200_678__0-15-2000-1065.jpg,2026-09-26T13:15:00Z,http://web.archive.org/web/20260926154402/https://www.lesnumeriques.com/cine-svod/mission-impossible-les-8-films-de-la-saga-avec-tom-cruise-classes-du-pire-au-meilleur-114-n237039.html,"Après avoir passé trois décennies à courir comme un dératé pour sauver le monde dans le rôle de l'espion Ethan Hunt, Tom Cruise est finalement passé à autre chose, et revient aujourd'hui au cinéma da… [+7548 chars]",,fr,'Tom Cruise'
https://www.20minutes.fr/arts-stars/people/4248658-20260927-tom-cruise-defend-humain-face-ia-long-plaidoyer-donne-marge-bafta,https://www.20minutes.fr/arts-stars/people/4248658-20260927-tom-cruise-defend-humain-face-ia-long-plaidoyer-donne-marge-bafta,0,www.20minutes.fr,Tom Cruise défend l’humain face à l’IA dans un long plaidoyer donné en marge des BAFTA,L’acteur a livré un monologue passionné en faveur de celles et ceux qui font vivre le cinéma,https://img.20mn.fr/Z9zPXDxuQvyfQqk7NdWJkyk/1444x920_tom-cruise-acteur,2026-09-27T08:02:37Z,http://web.archive.org/web/20260928064243/https://www.20minutes.fr/arts-stars/people/4248658-20260927-tom-cruise-defend-humain-face-ia-long-plaidoyer-donne-marge-bafta,Il a suffi dune question sur lintelligence artificielle pour que Tom Cruise improvise un véritable manifeste en défense dun cinéma artisanal. Interrogé par la présentatrice Edith Bowman lors dune ren… [+1373 chars],,fr,'Tom Cruise'
https://www.huffingtonpost.fr/politique/article/apres-la-suspension-de-jadot-des-ecologistes-rousseau-se-sent-la-prochaine-visee_331984.html,https://www.huffingtonpost.fr/politique/article/apres-la-suspension-de-jadot-des-ecologistes-rousseau-se-sent-la-prochaine-visee_331984.html,0,www.huffingtonpost.fr,"Après la suspension de Jadot des Écologistes, Rousseau se sent « la prochaine » visée","Contrairement à Yannick Jadot, Sandrine Rousseau ne soutient pas Raphaël Glucksmann pour 2027. Mais elle rejette aussi la candidature de la cheffe du parti Marine Tondelier.",https://focus.huffingtonpost.fr/2026/09/27/63/0/1200/675/1820/1023/75/0/060e484_upload-1-eihuszocet4r-afp-20260821-c6936d9-v1-midres-francepoliticsparties.jpg,2026-09-27T10:43:34Z,,"Lennemi de son ennemi en deviendrait presque son ami. Tous deux membres des Écologistes, Yannick Jadot et Sandrine Rousseau cultivent des lignes opposées et entretiennent des relations compliquées. M… [+2060 chars]",,fr,'Yannick Jadot'
https://www.begeek.fr/verity-avec-anne-hathaway-le-thriller-qui-peut-dominer-lautomne-440531,https://www.begeek.fr/verity-avec-anne-hathaway-le-thriller-qui-peut-dominer-lautomne-440531,0,www.begeek.fr,"Verity avec Anne Hathaway, le thriller qui peut dominer l’automne","Porté par Anne Hathaway et Dakota Johnson, Verity arrive avec de solides signaux au box-office. Et pas seulement grâce au nom de Colleen Hoover.",https://www.begeek.fr/wp-content/uploads/2026/09/verity-1.webp,2026-09-27T11:00:58Z,,"En bref
<ul><li>Verity vise un bon démarrage en salles</li><li>Amazon MGM pousse vraiment sa sortie cinéma</li><li>Colleen Hoover reste un nom très porteur</li></ul>
Amazon MGM Studios pousse désor… [+3430 chars]",,fr,'Anne Hathaway'
https://www.nouvelobs.com/politique/20260927.OBS118657/yannick-jadot-reagit-a-sa-suspension-la-direction-des-verts-s-enferme-dans-une-impasse.html,https://www.nouvelobs.com/politique/20260927.OBS118657/yannick-jadot-reagit-a-sa-suspension-la-direction-des-verts-s-enferme-dans-une-impasse.html,0,www.nouvelobs.com,Yannick Jadot réagit à sa suspension : « La direction des Verts s’enferme dans une impasse »,Le sénateur écolo et ancien candidat à la présidentielle dénonce les choix stratégiques de son parti et appelle les militants à soutenir Raphaël Glucksmann.,https://focus.nouvelobs.com/2026/09/27/0/0/5808/3872/1200/800/0/0/27bda5e_upload-1-w3piu0llgwhm-000-c9dl99f.jpg,2026-09-27T14:30:10Z,,"Yannick Jadot à Saint-Martin-dHères, le 21 août 2026. ALEX MARTIN / AFP
Sanctionné pour dissidence ! Yannick Jadot a beau être lune des figures écologistes les plus connues et populaires, avoir été … [+8049 chars]",,fr,'Yannick Jadot'
https://www.bfmtv.com/politique/europe-ecologie-les-verts/c-est-le-debut-des-purges-sandrine-rousseau-apporte-son-soutien-a-yannick-jadot-temporairement-exclu-des-ecologistes_AN-202609270217.html,https://www.bfmtv.com/politique/europe-ecologie-les-verts/c-est-le-debut-des-purges-sandrine-rousseau-apporte-son-soutien-a-yannick-jadot-temporairement-exclu-des-ecologistes_AN-202609270217.html,0,www.bfmtv.com,"""C'est le début des purges"": Sandrine Rousseau apporte son soutien à Yannick Jadot, temporairement exclu des Écologistes","Farouchement opposée à Marine Tondelier, la députée écologiste de Paris défend Yannick Jadot, ce dimanche 27 septembre. Elle dénonce une direction qui se ""bunkérise"" en ""suspendant ceux qui ne sont pas d'accord avec eux"".",https://io-fsly-bfmtv.cdn.nextradiotv.com/QJQl_962JMKAynWRA7yzZiqDZCE=/0x106:2048x1258/2048x0/images/Sandrine-Rousseau-2313215.jpg,2026-09-27T14:48:35Z,http://web.archive.org/web/20260928054816/https://www.bfmtv.com/politique/europe-ecologie-les-verts/c-est-le-debut-des-purges-sandrine-rousseau-apporte-son-soutien-a-yannick-jadot-temporairement-exclu-des-ecologistes_AN-202609270217.html,"Farouchement opposée à Marine Tondelier, la députée écologiste de Paris défend Yannick Jadot, ce dimanche 27 septembre. Elle dénonce une direction qui se ""bunkérise"" en ""suspendant ceux qui ne sont p… [+2207 chars]",,fr,'Yannick Jadot'
https://www.20minutes.fr/arts-stars/culture/musique/4249330-20260928-taylor-swift-passe-devant-beyonce-sommet-mtv-video-music-awards,https://www.20minutes.fr/arts-stars/culture/musique/4249330-20260928-taylor-swift-passe-devant-beyonce-sommet-mtv-video-music-awards,0,www.20minutes.fr,Taylor Swift passe devant Beyoncé au sommet des MTV Video Music Awards,"Avec désormais 33 statuettes, Taylor Swift est devenue dimanche l’artiste la plus récompensée aux MTV Video Music Awards",https://img.20mn.fr/0yP0sRBlRaeBOu3mrlDNpik/1444x920_taylor-swift-recoit-le-prix-de-la-video-de-l-annee-pour-the-fate-of-ophelia-lors-des-mtv-video-music-awards-le-dimanche-27-septembre-2026-au-peacock-theater-de-los-angeles-photo-ap-chris-pizzello-caap712-26271074056022-092726133224-21334631-2609280405,2026-09-28T04:31:39Z,,"Taylor Swift est plus que jamais au sommet de son art. Elle est en effet devenue dimanche lartiste la plus récompensée aux MTV Video Music Awards.
Agée de 36 ans, la chanteuse était à égalité avec B… [+1823 chars]",,fr,'Dolly Parton'
https://www.dhnet.be/medias/musique/2026/09/28/taylor-swift-devance-beyonce-en-tant-quartiste-la-plus-primee-aux-mtv-video-music-awards-353JWDAOTJHJLN25JZQVPYJ2KI/,https://www.dhnet.be/medias/musique/2026/09/28/taylor-swift-devance-beyonce-en-tant-quartiste-la-plus-primee-aux-mtv-video-music-awards-353JWDAOTJHJLN25JZQVPYJ2KI/,0,www.dhnet.be,Taylor Swift devance Beyoncé en tant qu'artiste la plus primée aux MTV Video Music Awards,"La chanteuse américaine Taylor Swift est devenue dimanche soir à Los Angeles l'artiste la plus primée des MTV Video Music Awards, devançant une autre reine de la pop, Beyoncé. ...",https://www.dhnet.be/resizer/v2/36SF4JPBPRHE3FQGG6QPJ4R4BE.jpg?auth=acd730a66d3fca423a9a7d51da0fa2950ad693080cc7eb23b860c5852588b001&width=1200&height=630&quality=85&focal=1500%2C1003,2026-09-28T05:01:09Z,http://web.archive.org/web/20260928115247/https://www.dhnet.be/medias/musique/2026/09/28/taylor-swift-devance-beyonce-en-tant-quartiste-la-plus-primee-aux-mtv-video-music-awards-353JWDAOTJHJLN25JZQVPYJ2KI/,"Cette édition 2026 a vu la star de 36 ans devancer la Texane après un règne conjoint, chacune comptant alors 30 récompenses.
La princesse de la pop s'est imposée dès le début de soirée en raflant le… [+710 chars]",,fr,'Taylor Swift'
https://www.lavenir.net/culture/musique/2026/09/28/taylor-swift-devient-lartiste-la-plus-primee-aux-mtv-video-music-awards-vous-rendez-la-chose-tres-amusante-CALDDSSQLJDS5AJZGVDJ2TSJJY/,https://www.lavenir.net/culture/musique/2026/09/28/taylor-swift-devient-lartiste-la-plus-primee-aux-mtv-video-music-awards-vous-rendez-la-chose-tres-amusante-CALDDSSQLJDS5AJZGVDJ2TSJJY/,0,www.lavenir.net,"Taylor Swift devient l'artiste la plus primée aux MTV Video Music Awards: ""Vous rendez la chose très amusante""","La chanteuse américaine Taylor Swift est devenue ce dimanche soir à Los Angeles l'artiste la plus primée des MTV Video Music Awards, devançant une autre reine de la pop, Beyoncé. Cette édition 2026 a vu la star de 36 ans devancer la Texane après un règne conj…",https://www.lavenir.net/resizer/v2/6QNJH2C7XBGFHLWVAFRNZBC4H4.jpg?auth=6cc6caf1478ac25296c46795c61e93276aeb3f5313b5effdb49d2b2188dcd9e2&width=1200&height=630&quality=85&focal=2000%2C1333,2026-09-28T05:11:08Z,,"La princesse de la pop s'est imposée dès le début de soirée en raflant le prix de la direction artistique pour ""Opalite"". Elle a également triomphé dans la plus prestigieuse des sections, celle du me… [+584 chars]",,fr,'Dakota Johnson'
https://www.lalibre.be/culture/musique/2026/09/28/taylor-swift-detrone-beyonce-et-devient-lartiste-la-plus-primee-de-lhistoire-des-mtv-vma-O7EY2BKFRRD4TCJDYPHTEYX7BQ/,https://www.lalibre.be/culture/musique/2026/09/28/taylor-swift-detrone-beyonce-et-devient-lartiste-la-plus-primee-de-lhistoire-des-mtv-vma-O7EY2BKFRRD4TCJDYPHTEYX7BQ/,0,www.lalibre.be,Taylor Swift détrône Beyoncé et devient l’artiste la plus primée de l’histoire des MTV VMA,"La chanteuse de 36 ans a remporté deux trophées dimanche soir à Los Angeles, dont celui du meilleur clip pour ""The Fate of Ophelia"". ...",https://www.lalibre.be/resizer/v2/36SF4JPBPRHE3FQGG6QPJ4R4BE.jpg?auth=acd730a66d3fca423a9a7d51da0fa2950ad693080cc7eb23b860c5852588b001&width=1200&height=630&quality=85&focal=1500%2C1003,2026-09-28T05:44:44Z,http://web.archive.org/web/20260929064651/https://www.lalibre.be/culture/musique/2026/09/28/taylor-swift-detrone-beyonce-et-devient-lartiste-la-plus-primee-de-lhistoire-des-mtv-vma-O7EY2BKFRRD4TCJDYPHTEYX7BQ/,"Autrice-compositrice-interprète, Taylor Swift a réalisé une soixantaine de clips en deux décennies, dont 18 écrits et dirigés par ses soins. ""La raison pour laquelle j'aime autant écrire et réaliser … [+1137 chars]",,fr,'Taylor Swift'
https://www.ledauphine.com/culture-loisirs/2026/09/28/mtv-video-music-awards-taylor-swift-devient-l-artiste-la-plus-recompensee-de-l-histoire,https://www.ledauphine.com/culture-loisirs/2026/09/28/mtv-video-music-awards-taylor-swift-devient-l-artiste-la-plus-recompensee-de-l-histoire,0,www.ledauphine.com,Etats-Unis. MTV Video Music Awards : Taylor Swift devient l’artiste la plus récompensée de l’histoire,"La chanteuse de 36 ans a remporté 33 statuettes dimanche à Los Angeles, devenant ainsi l'artiste la plus récompensée aux MTV Video Music Awards.",https://cdn-s-www.ledauphine.com/images/5821F6CE-2054-4588-9237-E5D6E12EB05A/FB1200/photo-1790574013.jpg,2026-09-28T05:47:00Z,,"Taylor Swift est devenue dimanche l'artiste la plus récompensée aux MTV Video Music Awards, lors d'une cérémonie où la superstar a rendu hommage à Dolly Parton. Agée de 36 ans, la chanteuse était à é… [+1784 chars]",,fr,'Taylor Swift'
https://www.bfmtv.com/culture/musique/avec-trois-nouvelles-statuettes-taylor-swift-devient-l-artiste-la-plus-recompensee-des-mtv-video-music-awards_AD-202609280175.html,https://www.bfmtv.com/culture/musique/avec-trois-nouvelles-statuettes-taylor-swift-devient-l-artiste-la-plus-recompensee-des-mtv-video-music-awards_AD-202609280175.html,0,www.bfmtv.com,"Avec trois nouvelles statuettes, Taylor Swift devient l'artiste la plus récompensée des MTV Video Music Awards","Grâce à trois nouvelles récompenses obtenues ce dimanche soir, Taylor Swift devient l'artiste la plus récompensée des MTV Video Awards. Elle avait auparavant 30 statuettes, tout comme Beyoncé.",https://io-fsly-bfmtv.cdn.nextradiotv.com/XPr55BqkNrG5mnmKLbv0yJ_ogp0=/10x114:2042x1257/2032x0/images/Taylor-Swift-MTV-Video-Music-Awards-2355394.jpg,2026-09-28T06:11:15Z,,"Grâce à trois nouvelles récompenses obtenues ce dimanche soir, Taylor Swift devient l'artiste la plus récompensée des MTV Video Awards. Elle avait auparavant 30 statuettes, tout comme Beyoncé.
Taylo… [+1942 chars]",,fr,'Dolly Parton'
https://www.konbini.com/popculture/les-grands-gagnants-des-mtv-music-awards-si-vous-avez-roupille-cette-nuit/,https://www.konbini.com/popculture/les-grands-gagnants-des-mtv-music-awards-si-vous-avez-roupille-cette-nuit/,0,www.konbini.com,Les grands gagnants des MTV Music Awards si vous avez roupillé cette nuit,"Taylor Swift est devenue dimanche l'artiste la plus récompensée aux MTV Video Music Awards, lors d'une cérémonie où la superstar a rendu hommage à Dolly Parton. Agée de 36 ans, la chanteuse était à égalité...",https://cdn-www.konbini.com/files/2026/09/VMAS.jpg?width=1200&height=675,2026-09-28T07:16:20Z,,"Taylor Swift est devenue dimanche l’artiste la plus récompensée aux MTV Video Music Awards, lors d’une cérémonie où la superstar a rendu hommage à Dolly Parton. Agée de 36 ans, la chanteuse était à é… [+3070 chars]",,fr,'Dolly Parton'
https://www.huffingtonpost.fr/culture/video/taylor-swift-revele-son-nouveau-clip-patient-zero-qui-comptait-une-star-surprise-a-son-casting_331998.html,https://www.huffingtonpost.fr/culture/video/taylor-swift-revele-son-nouveau-clip-patient-zero-qui-comptait-une-star-surprise-a-son-casting_331998.html,0,www.huffingtonpost.fr,"Taylor Swift révèle son nouveau clip « Patient Zero », qui comptait une star surprise à son casting","La chanteuse avait piqué la curiosité des fans en dévoilant que Dakota Johnson et Colin Farrell apparaissaient dans la vidéo, mais une autre star s’est invitée à l’image.",https://focus.huffingtonpost.fr/2026/09/28/0/1/1918/1079/1820/1023/75/0/bfb21c1_upload-1-ibf7msvkod3y-screenshot-2026-09-28-08-00-24.png,2026-09-28T07:28:33Z,,Une vidéo très attendue en raison de son casting qui comptait une invitée surprise. Taylor Swift a dévoilé dimanche 27 septembre le clip de sa chanson Patient Zero à loccasion de la cérémonie des MTV… [+4282 chars],,fr,'Taylor Swift'
https://www.franceinfo.fr/culture/musique/la-chanteuse-taylor-swift-devient-l-artiste-la-plus-recompensee-des-mtv-video-music-awards_8212985.html,https://www.franceinfo.fr/culture/musique/la-chanteuse-taylor-swift-devient-l-artiste-la-plus-recompensee-des-mtv-video-music-awards_8212985.html,0,www.franceinfo.fr,La chanteuse Taylor Swift devient l'artiste la plus récompensée des MTV Video Music Awards,"La star de 36 ans s'est toutefois inclinée dans plusieurs catégories reines, notamment celle d'Artiste de l'année, décrochée par Madonna.",https://www.franceinfo.fr/pictures/DKlbD0N9AMTPeueruZj7ixT38iA/0x0:3647x2051/1500x843/2026/09/28/6aba15da57828118565847.jpg,2026-09-28T07:59:09Z,,"Taylor Swift est devenue dimanche 27 septembre l'artiste la plus récompensée aux MTV Video Music Awards, lors d'une cérémonie où la superstar a rendu hommage à Dolly Parton.
Âgée de 36 ans, la chant… [+1746 chars]",,fr,'Dolly Parton'
https://www.gameblog.fr/geek/ed/news/hbo-max-sorties-semaine-septembre-octobre-2026-s40-723976,https://www.gameblog.fr/geek/ed/news/hbo-max-sorties-semaine-septembre-octobre-2026-s40-723976,0,www.gameblog.fr,HBO Max : toutes les sorties de la semaine avec un chef d'œuvre à voir absolument,"HBO Max charge son catalogue de nouveautés avec des films classiques, mais aussi de nouvelles séries dont certaines vraiment très prometteuses.",https://cdn-uploads.gameblog.fr/img/news/698862_68711ee6b9757.jpg,2026-09-28T08:26:42Z,,"HBO Max charge son catalogue de nouveautés avec des films classiques, mais aussi de nouvelles séries dont certaines vraiment très prometteuses.Pour lancer son mois d'octobre 2026, déjà annoncé comme … [+2308 chars]",,fr,'HBO Max'
https://dailygeekshow.com/?p=1016904,https://dailygeekshow.com/?p=1016904,0,dailygeekshow.com,Tom Cruise reconnaît être « intense » sur les tournages de cinéma et c’est ce qui fait son succès,"Il traîne une réputation de casse-cou mais également d’acteur intense. C’est ce qui pousse Tom Cruise à se dépasser constamment. 
The post Tom Cruise reconnaît être « intense » sur les tournages de cinéma et c’est ce qui fait son succès appeared first on Dail…",https://dailygeekshow.com/wp-content/uploads/2026/09/une-tom-cruise-digger.jpg,2026-09-28T12:25:50Z,,"Warner Bros. 
Il traîne une réputation de casse-cou mais également dacteur intense. Tom Cruise est de retour au cinéma et cest ce qui le pousse à se dépasser constamment. 
Dans quelques jours, nous… [+3022 chars]",,fr,'Tom Cruise'
https://www.20minutes.fr/arts-stars/people/diaporama-4249369-madonna-grande-gagnante-taylor-swift-deuxieme-marche-voici-palmares-mtv-video-music-awards-2026,https://www.20minutes.fr/arts-stars/people/diaporama-4249369-madonna-grande-gagnante-taylor-swift-deuxieme-marche-voici-palmares-mtv-video-music-awards-2026,0,www.20minutes.fr,"Madonna grande gagnante, Taylor Swift sur la deuxième marche… Voici le Palmarès des MTV Video Music Awards 2026",Ce dimanche 27 septembre avait lieu les MTV Video Music Awards. Elle a marqué la nouvelle consécration de Madonna après vingt-trois ans d’absence. Taylor Swift a également dévoilé son nouveau Patient Zero avec deux acteurs de renom.,https://img.20mn.fr/XUDrU2YzQaGiHEZ0DS1HtSk/1444x920_dossier-la-laureate-madonna-participe-a-la-30e-edition-annuelle-des-glaad-media-awards-le-4-mai-2019-a-new-york-photo-d-evan-agostini-invision-ap-dossier-nyet111-26264515547864-050419125195-21334631-photo-d-archive-2609211651,2026-09-28T14:22:43Z,,"Vingt-trois ans après, elle fait son grand retour et rafle tout. La reine de la pop Madonna a encore prouvé linfluence quelle avait sur le monde de la musique lors de la cérémonie des MTV Vidéo Music… [+489 chars]",,fr,'nan nan'
https://www.huffingtonpost.fr/divertissement/article/enceinte-anne-hathaway-va-eviter-l-emission-hot-ones-sur-le-conseil-de-son-medecin_332544.html,https://www.huffingtonpost.fr/divertissement/article/enceinte-anne-hathaway-va-eviter-l-emission-hot-ones-sur-le-conseil-de-son-medecin_332544.html,0,www.huffingtonpost.fr,"Enceinte, Anne Hathaway va éviter l’émission « Hot Ones » sur le conseil de son médecin","En promo pour « Verity », l’actrice a dû renoncer à participer à l’émission où l’on mange des ailes de poulet pimentées… alors que son personnage y participe dans le film.",https://focus.huffingtonpost.fr/2026/09/29/121/0/7542/4242/1820/1023/75/0/e498ad7_upload-1-nccraavykgee-gettyimages-2289214840.jpg,2026-09-29T08:34:03Z,,"Ça aurait été tout sauf une bonne idée. Lannée folle dAnne Hathaway au cinéma se poursuit en ce mois de septembre avec la promotion de son cinquième film de lannée !, le thriller psychologique Verity… [+3467 chars]",,fr,'Anne Hathaway'
https://www.franceinfo.fr/culture/cinema/sorties-de-films/digger-tom-cruise-en-milliardaire-givre-dans-une-farce-catastrophe-brillante-signee-alejandro-gonzalez-inarritu_8214539.html,https://www.franceinfo.fr/culture/cinema/sorties-de-films/digger-tom-cruise-en-milliardaire-givre-dans-une-farce-catastrophe-brillante-signee-alejandro-gonzalez-inarritu_8214539.html,0,www.franceinfo.fr,"""Digger"" : Tom Cruise en milliardaire givré dans une farce catastrophe brillante signée Alejandro González Iñárritu",Le réalisateur mexicain aux cinq Oscars signe une satire du monde d'aujourd'hui déployée dans une mise en abyme qui nous invite à réfléchir sur le rapport ambigu des humains à la réalité.,https://www.franceinfo.fr/pictures/9WfdoAGubg1dEfDrIZPxgxaPod4/0x168:1600x1068/1500x843/2026/09/29/6abb7b52bef9d184948009.jpeg,2026-09-29T15:57:36Z,http://web.archive.org/web/20260930042836/https://www.franceinfo.fr/culture/cinema/sorties-de-films/digger-tom-cruise-en-milliardaire-givre-dans-une-farce-catastrophe-brillante-signee-alejandro-gonzalez-inarritu_8214539.html,"Le réalisateur mexicain aux cinq Oscars signe une satire du monde d'aujourd'hui déployée dans une mise en abyme qui nous invite à réfléchir sur le rapport ambigu des humains à la réalité.
Plus de di… [+6407 chars]",,fr,'Tom Cruise'
https://www.lesinrocks.com/cinema/tom-cruise-retrouve-un-grand-cineaste-avec-digger-et-ca-tourne-au-desastre-703160-29-09-2026/,https://www.lesinrocks.com/cinema/tom-cruise-retrouve-un-grand-cineaste-avec-digger-et-ca-tourne-au-desastre-703160-29-09-2026/,0,www.lesinrocks.com,"Tom Cruise retrouve un grand cinéaste avec “Digger”, et ça tourne au désastre","Tom Cruise lance le nouvel acte de sa carrière sous la caméra d’Iñárritu pour un pensum méta mêlant apocalypse pétrolière et théâtre de luxe. Ambitieux, pachydermique, irregardable.",https://www.lesinrocks.com/wp-content/thumbnails/uploads/2026/09/Capture-decran-2026-09-29-a-12.08.47-t-2344x1564.jpg,2026-09-29T16:00:00Z,http://web.archive.org/web/20260929231119/https://www.lesinrocks.com/cinema/tom-cruise-retrouve-un-grand-cineaste-avec-digger-et-ca-tourne-au-desastre-703160-29-09-2026/,"Tom Cruise lance le nouvel acte de sa carrière sous la caméra dIñárritu pour un pensum méta mêlant apocalypse pétrolière et théâtre de luxe. Ambitieux, pachydermique, irregardable.
Digger sort cercl… [+3395 chars]",,fr,'Tom Cruise'
https://www.lavenir.net/actu/discover/2026/09/29/digger-lovni-cinema-de-lannee-2026-avec-un-tom-cruise-meconnaissable-en-magnat-du-petrole-YQJN4FSBMVCVVPGO7PBEM652ZE/,https://www.lavenir.net/actu/discover/2026/09/29/digger-lovni-cinema-de-lannee-2026-avec-un-tom-cruise-meconnaissable-en-magnat-du-petrole-YQJN4FSBMVCVVPGO7PBEM652ZE/,0,www.lavenir.net,"“Digger”, l’ovni cinéma de l’année 2026 avec un Tom Cruise méconnaissable en magnat du pétrole","Dans “Digger”, en salles ce mercredi 30 septembre 2026, l’acteur américain Tom Cruise abandonne son image de héros au regard bleu pour incarner Rockwell, un magnat du pétrole vieux, ventripotent, cynique et redoutablement intelligent. Une métamorphose étonnan…",https://www.lavenir.net/resizer/v2/K6LJZ5DMRJH7NBNZSKNTKZHC7E.jpg?auth=5480ca116412377b49a8e057875f5ba2fc67538956cbe1df7f5c65351805e51c&width=1200&height=630&quality=85&focal=3240%2C2161,2026-09-29T16:00:00Z,http://web.archive.org/web/20260930042717/https://www.lavenir.net/actu/discover/2026/09/29/digger-lovni-cinema-de-lannee-2026-avec-un-tom-cruise-meconnaissable-en-magnat-du-petrole-YQJN4FSBMVCVVPGO7PBEM652ZE/,"Un film surréaliste et pourtant terriblement ancré dans notre réalité
Un peu à la façon des Monty Python parce que non sans humour, Alejándro González Iñárritu (Avant le déluge, Birdman, Babel, The … [+2420 chars]",,fr,'Tom Cruise'
https://www.telerama.fr/cinema/digger-d-alejandro-gonzalez-inarritu-tom-cruise-en-surregime-dans-une-farce-outranciere_cri-7046102.php,https://www.telerama.fr/cinema/digger-d-alejandro-gonzalez-inarritu-tom-cruise-en-surregime-dans-une-farce-outranciere_cri-7046102.php,0,www.telerama.fr,Digger,"Un magnat du pétrole mégalomane conduit le monde à la catastrophe. Tout est fichu, la preuve : même Tom Cruise fait vieux ! Une dystopie riche en rebondissements mais assez lourdingue.",https://focus.telerama.fr/2026/09/25/210/203/866/577/1600/1067/60/0/6bc9db0_upload-1-gd2foshdllhi-digger03.jpg,2026-09-29T16:00:13Z,http://web.archive.org/web/20260929173520/https://www.telerama.fr/cinema/digger-d-alejandro-gonzalez-inarritu-tom-cruise-en-surregime-dans-une-farce-outranciere_cri-7046102.php,"Pour soutenir le travail de toute une rédaction, abonnez-vousPourquoi voyez-vous ce message ?
 Vous avez choisi de ne pas accepter le dépôt de ""cookies"" sur votre navigateur, qui permettent notammen… [+616 chars]",,fr,'Tom Cruise'
https://www.20minutes.fr/arts-stars/cinema/4248649-20260929-digger-pourquoi-faut-aller-voir-film-tom-cruise-lire-aucun-article-sauf-celui-ci,https://www.20minutes.fr/arts-stars/cinema/4248649-20260929-digger-pourquoi-faut-aller-voir-film-tom-cruise-lire-aucun-article-sauf-celui-ci,0,www.20minutes.fr,« Digger » : Pourquoi il faut aller voir le film avec Tom Cruise sans lire aucun article (sauf celui-ci),Alejandro González Iñárritu dirige Tom Cruise dans une fable brillante et riche en surprises,https://img.20mn.fr/lxwN0y-eQNOLyqM7F7zc3ik/1444x920_tom-cruise-dans-digger-d-a,2026-09-29T16:02:37Z,http://web.archive.org/web/20260930015323/https://www.20minutes.fr/arts-stars/cinema/4248649-20260929-digger-pourquoi-faut-aller-voir-film-tom-cruise-lire-aucun-article-sauf-celui-ci,On peut faire confiance à Tom Cruise pour orchestrer la promotion dun film et donner envie de le voir sans trop en révéler. Tommy est un cinéphile acharné. Il ne tombe pas dans le piège des bandes-an… [+3142 chars],,fr,'Tom Cruise'
https://www.dhnet.be/medias/cinema/2026/09/29/digger-un-ovni-a-la-mise-en-scene-completement-dingue-et-un-tom-cruise-tout-simplement-epoustouflant-7AGJAT5JCJHEBHC4Y6GRCFJVVY/,https://www.dhnet.be/medias/cinema/2026/09/29/digger-un-ovni-a-la-mise-en-scene-completement-dingue-et-un-tom-cruise-tout-simplement-epoustouflant-7AGJAT5JCJHEBHC4Y6GRCFJVVY/,0,www.dhnet.be,"”Digger”, un ovni à la mise en scène complètement dingue et un Tom Cruise tout simplement époustouflant","Si vous pensiez avoir vu Tom Cruise dans tous les registres avec “Top Gun”, la saga “Mission Impossible”, “Rainman”, “Né un 4 juillet” et “Eyes Wide Shut”, vous avez tout faux. Le film d’Alejándro González Iñárritu propulse l’acteur dans du jamais vu. ...",https://www.dhnet.be/resizer/v2/4SP4MWFA6JEYDCPK55OELZMLWE.jpg?auth=ff0b016c6e7a3e2a3cabc5b27cb23a73bde85522cd2cca00fbc32afbd016de03&width=1200&height=630&quality=85&focal=703%2C471,2026-09-29T16:03:40Z,http://web.archive.org/web/20260930000622/https://www.dhnet.be/medias/cinema/2026/09/29/digger-un-ovni-a-la-mise-en-scene-completement-dingue-et-un-tom-cruise-tout-simplement-epoustouflant-7AGJAT5JCJHEBHC4Y6GRCFJVVY/,"Tom Cruise va de nouveau s'envoyer en l'air: ""Top Gun 3 est officiellement en développement""Vieux, bedonnant et tout simplement ignoble
On ne sort pas intact de la projection de Digger. Ce long métr… [+2178 chars]",,fr,'Tom Cruise'
https://www.nouvelobs.com/cinema/20260929.OBS118730/digger-une-farce-ventripotente-avec-un-tom-cruise-qui-en-fait-des-caisses-mais-sans-genie.html,https://www.nouvelobs.com/cinema/20260929.OBS118730/digger-une-farce-ventripotente-avec-un-tom-cruise-qui-en-fait-des-caisses-mais-sans-genie.html,0,www.nouvelobs.com,« Digger » : une farce ventripotente avec un Tom Cruise qui en fait des caisses (mais sans génie),"Satire dystopique par Alejandro González Iñárritu, avec Tom Cruise, John Goodman, Sandra Hüller, Riz Ahmed (Etats-Unis-Grande-Bretagne-Mexique, 2h09). En salle le 30 septembre ★★☆☆☆",https://focus.nouvelobs.com/2026/09/24/0/0/3426/2284/1200/800/0/0/f266aa5_upload-1-nbruswhxqob5-rev-1-2-dic-12-32-seoju-fin3-high-res-jpeg-reduced.jpg,2026-09-29T16:25:07Z,,"Tom Cruise dans « Digger », dAlejandro González Iñárritu.  SEOJU PARK/2026 WARNER BROS. ENTERTAINMENT INC.
Satané Iñárritu ! Il ne lui suffisait pas de signer son « Dr. Folamour » pas drôle avec cet… [+1220 chars]",,fr,'Tom Cruise'
https://www.bfmtv.com/culture/cinema-series/digger-d-alejandro-g-inarritu-comment-tom-cruise-se-reinvente-en-dehors-des-franchises-d-action_AN-202609290739.html,https://www.bfmtv.com/culture/cinema-series/digger-d-alejandro-g-inarritu-comment-tom-cruise-se-reinvente-en-dehors-des-franchises-d-action_AN-202609290739.html,0,www.bfmtv.com,"""Digger"" d'Alejandro G. Iñarritu: comment Tom Cruise se réinvente en dehors des franchises d'action","Après vingt ans de cascades et de blockbusters, Tom Cruise renoue avec le grand cinéma d'auteur en jouant un magnat du pétrole mégalo dans la satire d'Alejandro G. Iñárritu, en salles ce mercredi 30 septembre.",https://io-fsly-bfmtv.cdn.nextradiotv.com/X78HO8d3VOPa9gikpna5qSJ_2xE=/26x0:1530x846/1504x0/images/Tom-Cruise-dans-Digger-2319879.jpg,2026-09-29T16:38:11Z,http://web.archive.org/web/20260929183718/https://www.bfmtv.com/culture/cinema-series/digger-d-alejandro-g-inarritu-comment-tom-cruise-se-reinvente-en-dehors-des-franchises-d-action_AN-202609290739.html,"Après vingt ans de cascades et de blockbusters, Tom Cruise renoue avec le grand cinéma d'auteur en jouant un magnat du pétrole mégalo dans la satire d'Alejandro G. Iñárritu, en salles ce mercredi 30 … [+8014 chars]",,fr,'Tom Cruise'
https://www.franceinfo.fr/culture/cinema/sorties-de-films/verity-josh-hartnett-entre-anne-hathaway-et-dakota-johnson-dans-un-huis-clos-venimeux-sur-fond-de-litterature-dark-romance_8204615.html,https://www.franceinfo.fr/culture/cinema/sorties-de-films/verity-josh-hartnett-entre-anne-hathaway-et-dakota-johnson-dans-un-huis-clos-venimeux-sur-fond-de-litterature-dark-romance_8204615.html,0,www.franceinfo.fr,"""Verity"" : Josh Hartnett entre Anne Hathaway et Dakota Johnson dans un huis clos venimeux sur fond de littérature ""Dark Romance""","""Verity"" met en scène un homme séduisant entre deux écrivaines, dans un thriller psychologique où chacun tente d'imposer sa vérité.",https://www.franceinfo.fr/pictures/oOeCwDoOgRw4LEiKe20M6sQtLmM/0x94:1600x994/1500x843/2026/09/22/6ab270e2b1bd3095532130.jpeg,2026-09-30T04:10:01Z,http://web.archive.org/web/20261001040734/https://www.franceinfo.fr/culture/cinema/sorties-de-films/verity-josh-hartnett-entre-anne-hathaway-et-dakota-johnson-dans-un-huis-clos-venimeux-sur-fond-de-litterature-dark-romance_8204615.html,"Réalisateur de séries et de comédies romantiques légères comme The Big Sick (Amazone Prime, 2017) ou encore du biopic Dans les yeux de Tammy Faye (Disney+, 2022) consacré à la créatrice de la plus gr… [+3059 chars]",,fr,'Dakota Johnson'
https://www.dhnet.be/medias/cinema/2026/09/30/la-dh-a-vu-verity-le-thriller-psychologique-haletant-de-collen-hoover-avec-anne-hathaway-et-dakota-johnson-voici-notre-avis-X4DRIIBEMND6XAW5ZHMVCDKTGI/,https://www.dhnet.be/medias/cinema/2026/09/30/la-dh-a-vu-verity-le-thriller-psychologique-haletant-de-collen-hoover-avec-anne-hathaway-et-dakota-johnson-voici-notre-avis-X4DRIIBEMND6XAW5ZHMVCDKTGI/,0,www.dhnet.be,"La DH a vu “Verity”, le thriller psychologique haletant de Collen Hoover avec Anne Hathaway et Dakota Johnson : voici notre avis","À l’image du roman sorti chez nous en 2020, son adaptation risque bien, elle aussi, de ne mettre personne totalement d’accord… ...",https://www.dhnet.be/resizer/v2/Y75VQOHP25GY5AIMQZAYEMOPPY.jpg?auth=c5df73ca4db8c37f07f5854460eb383211af199667241fb139b6bb362d9e8aca&width=1200&height=630&quality=85&focal=2250%2C1500,2026-09-30T04:40:09Z,http://web.archive.org/web/20261001034137/https://www.dhnet.be/medias/cinema/2026/09/30/la-dh-a-vu-verity-le-thriller-psychologique-haletant-de-collen-hoover-avec-anne-hathaway-et-dakota-johnson-voici-notre-avis-X4DRIIBEMND6XAW5ZHMVCDKTGI/,"Anne Hathaway répond avec humour aux internautes qui l'accusent de ne pas être enceinte : ""Faux cheveux, vrai ventre""Jeremy Crawford, le mari de Verity, incarné par Josh Hartnett, lui propose alors d… [+2761 chars]",,fr,'Anne Hathaway'
https://www.ledauphine.com/culture-loisirs/2026/09/30/i-digger-i-le-grand-retour-de-tom-cruise-a-la-comedie-est-il-un-succes,https://www.ledauphine.com/culture-loisirs/2026/09/30/i-digger-i-le-grand-retour-de-tom-cruise-a-la-comedie-est-il-un-succes,0,www.ledauphine.com,Sortie ciné. Digger : le grand retour de Tom Cruise à la comédie est-il un succès ?,"Retour à la comédie pour Tom Cruise, retour au grand écran pour Alejandro González Iñárritu : Digger double sa satire féroce d’un scénario intelligent et d’une modernité folle. Une rencontre au sommet.",https://cdn-s-www.ledauphine.com/images/E289C9C1-B4E6-489F-8570-2A390484F7ED/FB1200/photo-1790702376.jpg,2026-09-30T05:10:00Z,http://web.archive.org/web/20260930070101/https://www.ledauphine.com/culture-loisirs/2026/09/30/i-digger-i-le-grand-retour-de-tom-cruise-a-la-comedie-est-il-un-succes,"De Tom Cruise, ces dernières années, on connaît surtout le grand héros des films daction, sauvant le monde avec moult cascades spectaculaires, des derniers Mission : Impossible à Top Gun Maverick. De… [+3955 chars]",,fr,'Tom Cruise'
https://www.huffingtonpost.fr/culture/article/dans-digger-avec-un-tom-cruise-meconnaissable-il-y-a-a-boire-et-a-manger_332220.html,https://www.huffingtonpost.fr/culture/article/dans-digger-avec-un-tom-cruise-meconnaissable-il-y-a-a-boire-et-a-manger_332220.html,0,www.huffingtonpost.fr,"Dans « Digger », avec un Tom Cruise méconnaissable, il y a à boire et à manger","Le film d’Alejandro G. Iñárritu a tout d’une œuvre marquante, qui divisera autant qu’elle réunira autour de son propos et de la performance dantesque de son comédien principal.",https://focus.huffingtonpost.fr/2026/09/29/172/0/1780/1001/1820/1023/75/0/f7750dd_upload-1-4v4cscugkcu1-capture-d-ecran-2026-09-29-133430.png,2026-09-30T06:00:04Z,,"EN BREFMétamorphosé, Tom Cruise livre une performance remarquable dans Digger, réalisé par Alejandro G. IñárrituLe film, à la direction artistique sensationnelle, propose une satire sombre sur lhuman… [+6051 chars]",,fr,'Tom Cruise'
https://www.ledauphine.com/culture-loisirs/2026/09/30/i-verity-i-anne-hathaway-et-dakota-johnson-dans-un-triangle-amoureux-qui-tombe-a-plat,https://www.ledauphine.com/culture-loisirs/2026/09/30/i-verity-i-anne-hathaway-et-dakota-johnson-dans-un-triangle-amoureux-qui-tombe-a-plat,0,www.ledauphine.com,Sortie ciné. Verity : Anne Hathaway et Dakota Johnson dans un triangle amoureux qui tombe à plat,"Le long-métrage de Michael Showalter avait du potentiel sur le papier, mais cette adaptation du roman de Colleen Hoover ne prend pas, malgré son gros casting.",https://cdn-s-www.ledauphine.com/images/5D881C84-542E-4F39-902B-F28EBE62FB09/FB1200/photo-1790704916.jpg,2026-09-30T06:15:00Z,,"Trois personnages, beaux, riches et malheureux ! Standardisés comme des archétypes, Josh Hartnett et Anne Hathaway forment un couple fortuné écrasé par les épreuves, quune jeune femme belle et bien i… [+2164 chars]",,fr,'Dakota Johnson'
https://www.lalibre.be/culture/cinema/films/2026/09/30/digger-que-vaut-le-nouveau-film-dinarritu-avec-tom-cruise-LJHRSFH3JZF4BATT3UJLGRTN6Y/,https://www.lalibre.be/culture/cinema/films/2026/09/30/digger-que-vaut-le-nouveau-film-dinarritu-avec-tom-cruise-LJHRSFH3JZF4BATT3UJLGRTN6Y/,0,www.lalibre.be,"""Digger"" : que vaut le nouveau film d’Iñárritu avec Tom Cruise ?","À découvrir dès ce mercredi en salles, la rencontre tant attendue entre la star hollywoodienne et le cinéaste mexicain laisse un peu sur sa faim. Avec une farce écologique jamais vraiment drôle. ...",https://www.lalibre.be/resizer/v2/https%3A%2F%2Fcloudfront-eu-central-1.images.arcpublishing.com%2Fipmgroup%2F4LRJX7C22BBGNFJWUEC346NZPM.Jpeg?auth=22ce7a82ddbc1dd38323d250f016a590e54329b3635bb08097e39a9d14a15756&width=1200&height=630&quality=85&focal=1100%2C733,2026-09-30T07:09:32Z,http://web.archive.org/web/20260930093742/https://www.lalibre.be/culture/cinema/films/2026/09/30/digger-que-vaut-le-nouveau-film-dinarritu-avec-tom-cruise-LJHRSFH3JZF4BATT3UJLGRTN6Y/,"Digger: Trailer HD VO st FR/NL
Visuellement très ambitieux
En huit films, Alejandro G. Iñárritu s'est imposé, à 63 ans, comme l'un des plus grands cinéastes contemporains. Lancé en 2000 avec Amours… [+2202 chars]",,fr,'Tom Cruise'
https://www.lalibre.be/culture/cinema/films/2026/09/30/verity-anne-hathaway-et-dakota-johnson-dans-un-thriller-un-peu-trop-glamour-XYPY2UXVRRBR5GU3Z2AKHJ6DWQ/,https://www.lalibre.be/culture/cinema/films/2026/09/30/verity-anne-hathaway-et-dakota-johnson-dans-un-thriller-un-peu-trop-glamour-XYPY2UXVRRBR5GU3Z2AKHJ6DWQ/,0,www.lalibre.be,“Verity” : Anne Hathaway et Dakota Johnson dans un thriller un peu trop glamour,Peut-on sans risque se glisser dans l'esprit d'un autre écrivain ? Un thriller psychologique qui mêle new romance et poids du mensonge ...,https://www.lalibre.be/resizer/v2/MQXKUUELARAVXEV3U44AANENUY.jpg?auth=57e623d564ad594fb26db9f341722a8b9a031954280049f074b88d4d842e67c8&width=1200&height=630&quality=85&focal=1100%2C733,2026-09-30T07:13:21Z,http://web.archive.org/web/20261001024057/https://www.lalibre.be/culture/cinema/films/2026/09/30/verity-anne-hathaway-et-dakota-johnson-dans-un-thriller-un-peu-trop-glamour-XYPY2UXVRRBR5GU3Z2AKHJ6DWQ/,"Ces derniers mois, Anne Hathaway est sur tous les écrans et dans toutes les époques entre Le Diable s'habille en Prada 2, L'Odyssée, La Fin d'Oak Street et Mother Mary...
Dans Verity, la comédienne … [+1396 chars]",,fr,'Dakota Johnson'
https://www.konbini.com/popculture/aie-digger-creuse-sa-tombe-cote-critiques-mais-on-a-quand-meme-tres-envie-de-le-voir/,https://www.konbini.com/popculture/aie-digger-creuse-sa-tombe-cote-critiques-mais-on-a-quand-meme-tres-envie-de-le-voir/,0,www.konbini.com,"Aïe, Digger creuse sa tombe côté critiques (mais on a quand même très envie de le voir)","On le sentait venir depuis des semaines : le grand retour d'Alejandro G. Iñárritu au cinéma, avec un Tom Cruise méconnaissable, sous les traits d'un magnat du pétrole excentrique, allait secouer Hollywood. Ce qu'on n'avait...",https://cdn-www.konbini.com/files/2026/09/Digger-e1790764138369.jpg?width=1200&height=675,2026-09-30T10:59:33Z,,"On le sentait venir depuis des semaines : le grand retour d’Alejandro G. Iñárritu au cinéma, avec un Tom Cruise méconnaissable, sous les traits d’un magnat du pétrole excentrique, allait secouer Holl… [+2394 chars]",,fr,'Tom Cruise'
